Symbol,Description,Price,Price - Currency,Market capitalization,Market capitalization - Currency,"Price change %, 1 day","Performance %, 1 week","Performance %, 1 month","Performance %, 3 months","Performance %, 6 months","Performance %, Year to date","Performance %, 1 year","Performance %, 5 years",Price to earnings ratio,Sector,Industry,ISIN,"Dividend yield %, Trailing 12 months",Continuous dividend payout,Total common shares outstanding,Country or region of registration,"Price × average volume, 30 days","Price × average volume, 30 days - Currency"
TSM,Taiwan Semiconductor Manufacturing Company Ltd.,418.2,USD,1936007209886.1875,USD,1.0144927536231858,6.550485362684395,-4.524907538468562,0.2997961386257345,23.911111111111108,34.04705429835244,81.01545253863135,253.29897778153247,30.18295983544441,Electronic technology,Semiconductors,US8740391003,0.667050483091787,23,5186480000,Taiwan,6318555100.776331,USD
LLY,Eli Lilly and Company,1191.94,USD,1122499223160.0994,USD,1.8874053305523872,1.5255146802040904,-3.3206800337421365,22.366975679365957,12.873106060606066,10.733927907840947,57.547319445913104,352.3319798110129,40.502088069291965,Health technology,Pharmaceuticals: major,US5324571083,0.552202827688783,46,941741000,United States,3462389920.0773335,USD
BRK.B,Berkshire Hathaway Inc. New,524.61,USD,1018036732015.7517,USD,1.1101474414570667,3.681963713980789,3.0728726644006494,10.479098662735598,4.052124241342379,4.720935803257753,12.819354838709682,86.15073451139027,15.616553350082754,Finance,Property/Casualty insurance,US0846707026,0,0,1398310000,United States,2211853425.017,USD
BRK.A,Berkshire Hathaway Inc.,786000,USD,1017610044956.7338,USD,1.067765512445778,3.8502726406575647,2.605483495509822,9.930063780136287,4.408536202816423,4.8,12.922758153159918,85.19151182009564,15.598408843226169,Finance,Property/Casualty insurance,US0846701086,0,0,505696.99999999994,United States,133433279.81500006,USD
JPM/PK,"J P Morgan Chase & Co Depositary Shares, each representing a 1/400th interest in a share of 4.55% Non-Cumulative Preferred Stock, Series JJ",17.96,USD,962587675972,USD,-0.1667593107281689,-1.3186813186813102,-2.7612344342176396,-5.124141574220808,-7.183462532299744,-7.755521314843339,-7.03933747412008,-32.20083050207625,0.7693955361350298,Finance,Major banks,US48128B5802,1.6701926288832,46,2679510000,United States,2955214.0549999983,USD
JPM/PM,"J P Morgan Chase & Co Depositary Shares, each representing a 1/400th interest in a share of 4.20% Non-Cumulative Preferred Stock, Series MM",16.75,USD,962587675972,USD,-0.5344418052256524,-1.7018779342722956,-3.067129629629636,-5.740011254924027,-9.164859002169203,-8.66957470010905,-8.068057080131718,-33.715868618915714,0.7175598680546631,Finance,Major banks,US48128B5232,1.6701926288832,46,2679510000,United States,3640937.7463333327,USD
JPM/PJ,"J P Morgan Chase & Co Depositary Shares, each representing a 1/400th interest in a share of JPMorgan Chase & Co. 4.75% Non-Cumulative Preferred Stock, Series GG",18.84,USD,962587675972,USD,-0.7376185458377269,-1.7214397496087732,-2.484472049689443,-4.365482233502536,-7.054760730143068,-7.146377525874812,-6.916996047430824,-29.279279279279283,0.8070942038298419,Finance,Major banks,US48128B6222,1.6701926288832,46,2679510000,United States,1736478.4486666664,USD
JPM/PL,"J P Morgan Chase & Co Depositary Shares, each representing a 1/400th interest in a share of 4.625% Non-Cumulative Preferred Stock, Series LL",18.2,USD,962587675972,USD,-0.709219858156023,-1.5684153596538626,-3.1399680681213407,-5.306971904266387,-7.707910750507097,-7.614213197969543,-7.567293042153387,-31.19092627599244,0.7796769909608876,Finance,Major banks,US48128B5497,1.6701926288832,46,2679510000,United States,4177882.4496666663,USD
JPM/PC,"J P Morgan Chase & Co Depositary Shares, each representing a 1/400th interest in a share of 6.00% Non-Cumulative Preferred Stock, Series EE",24.94,USD,962587675972,USD,0,-0.31974420463628417,-1.4618727775582674,-0.7560684440907192,-0.716560509554139,-0.8744038155802817,-1.3839462238038667,-11.023902961113093,1.0684145139870627,Finance,Major banks,US48128B6487,1.6701926288832,46,2679510000,United States,3757314.8590000006,USD
JPM/PD,"J P Morgan Chase & Co Depositary Shares, each representing a 1/400th interest in a share of 5.75% Non-Cumulative Preferred Stock, Series DD",23.64,USD,962587675972,USD,-0.4631578947368397,-1.2943632567849634,-1.541024573094548,-2.8360049321824814,-5.0602409638554136,-5.288461538461539,-4.869215291750506,-13.596491228070171,1.012723300346999,Finance,Major banks,US48128B6552,1.6701926288832,46,2679510000,United States,3397692.940333332,USD
JPM,JP Morgan Chase & Co.,356.3,USD,954709912450.7949,USD,-0.8183943881527662,2.5205731714335013,4.494464403548644,15.58799675587997,13.215341107686454,10.480620155038762,21.89531303455354,129.5895354082093,15.263676476888147,Finance,Major banks,US46625H1005,1.6701926288832,46,2679510000,United States,3196326588.131665,USD
V,Visa Inc.,370.47,USD,691685050939.4459,USD,0.5236880664242706,1.4986301369863089,6.337724963403095,15.416608252722094,11.661341853035161,5.887901220453317,9.510929809781405,54.36250000000002,31.793723127622876,Finance,Finance/Rental/Leasing,US92826C8394,0.705486514353937,18,1704110000,United States,2903798400.2196665,USD
XOM,ExxonMobil Holdings Corporation,154.84,USD,636688491518.1328,USD,2.1169953175493026,-0.1611967244825585,11.749422632794458,6.163866986630106,5.606329286591187,28.936630860188192,42.96662203961036,168.5397155740548,19.925876357646573,Energy minerals,Integrated oil,US30233Q1085,2.69076040361406,46,4111910000,United States,2183276839.611667,USD
JNJ,Johnson & Johnson,256.98,USD,619295691664.025,USD,-0.23681043518768463,-0.7914141219163628,-2.98614519234398,15.26868215663408,7.541011047874124,24.2529736002321,51.244776646459904,47.74060020696793,29.7851132386008,Health technology,Pharmaceuticals: major,US4781601046,2.03424045964517,46,2409900000,United States,2130636015.0759995,USD
MA,Mastercard Incorporated,575.95,USD,504799487636.82587,USD,0.9588416771841304,-0.24421504780379108,7.888131275288479,15.160058384819958,4.136908528757661,0.9181545793835764,1.2232200917415132,55.06704000861559,31.685821014584448,Finance,Finance/Rental/Leasing,US57636Q1040,0.590730612817277,20,869464000,United States,1866061918.2820003,USD
BML/PH,Bank of America Corporation Depositary Shares (Each representing a 1/1200th interest in a Share of Floating Rate Non-Cumulative Pref,18.64,USD,442291344849,USD,-0.4273504273504183,-0.16068559185860276,-0.21413276231262926,-4.164524421593824,-4.849412965798874,0.5393743257821004,-10.25517573423206,-21.6148023549201,4.289791033784406,Finance,Major banks,US0605056250,1.77075098814229,46,6992750000,United States,547199.1489833333,USD
BML/PJ,Bank of America Corporation Depositary Shares (Each representing a 1/1200th interest in a Share of Floating Rate Non-Cumulative Pref,19.41,USD,442291344849,USD,-0.41046690610568654,-1.9201616978271805,-3.3847685415629654,-4.712812960235644,-6.772334293948127,-2.2166246851385454,-10.6764841233318,-25.057915057915054,4.4669980668323666,Finance,Major banks,US0605055914,1.77075098814229,46,6992750000,United States,388167.60993333336,USD
BAC/PN,"Bank of America Corporation Depositary shares, each representing 1/1,000th interest in a share of 5.000% Non-Cumulative Preferred Stock, Series LL",19.36,USD,442291344849,USD,-0.6160164271047278,-0.7688364941055977,-3.200000000000003,-5.6530214424951275,-8.289909995262908,-7.057129140662501,-6.653809064609446,-28.71870397643594,4.455491116634447,Finance,Major banks,US06055H2022,1.77075098814229,46,6992750000,United States,2238177.888666667,USD
BAC/PM,"Bank of America Corporation Depositary Shares, each representing a 1/1,000th interest in a share of 5.375% Non-Cumulative Preferred Stock, Series KK",20.85,USD,442291344849,USD,-0.5248091603053407,-0.7142857142857075,-3.0232558139534818,-5.613399728383877,-7.579787234042541,-5.442176870748296,-6.207827260458834,-24.81067435989902,4.79839823253245,Finance,Major banks,US06053U6010,1.77075098814229,46,6992750000,United States,2343357.6126666665,USD
BAC/PL,Bank of America Corporation Non Cumulative Perpetual Conv Pfd Ser L,1292.5,USD,442291344849,USD,-0.2700617283950617,0.7483046223400037,2.2248234298504483,5.56190787324403,3.31486854831619,3.3338663255516505,6.1453431553704965,-12.160279456039367,297.45466261622016,Finance,Major banks,US0605056821,1.77075098814229,46,6992750000,United States,13359253.769303331,USD
BAC/PS,"Bank of America Corporation Depositary shares, each representing 1/1,000th interest in a share of 4.750% Non-Cumulative Preferred Stock, Series SS",18.37,USD,442291344849,USD,-0.3796095444685481,-2.546419098143238,-3.7716081718176997,-4.719917012448133,-6.6090493136756505,-6.8458417849898465,-5.50411522633745,-25.657628490489678,4.22765350271564,Finance,Major banks,US06055H8714,1.77075098814229,46,6992750000,United States,1081192.0046666667,USD
BAC/PB,"Bank of America Corporation Depositary Shares, each representing a 1/1,000th interest in a share of 6.000% Non-Cumulative Preferred Stock, Series GG",24.5797,USD,442291344849,USD,-0.041886945912976266,-1.0080547724526754,-1.7990411506192654,-1.9557239728759526,-1.7990411506192654,-2.1119076065312643,-1.7205117952818973,-9.666666666666673,5.656747675596059,Finance,Major banks,US0605052291,1.77075098814229,46,6992750000,United States,2232521.443256667,USD
BAC/PP,"Bank of America Corporation Depositary Shares, each representing a 1/1,000th interest in a share of 4.125% Non-Cumulative Preferred Stock, Series PP",16.07,USD,442291344849,USD,-0.49535603715169224,-0.8636644046884674,-4.231227651966631,-4.4589774078478,-6.078316773816477,-6.894553881807655,-5.692488262910792,-37.6406674427629,3.698333793611341,Finance,Major banks,US06055H6080,1.77075098814229,46,6992750000,United States,1046883.6478299996,USD
BAC/PO,"Bank of America Corporation Depositary shares, each representing 1/1,000th interest in a share of 4.375% Non-Cumulative Preferred Stock, Series NN",16.92,USD,442291344849,USD,-0.5291005291005282,-0.7624633431084985,-4.1359773371104644,-4.0816326530612175,-6.93069306930692,-6.879471656576774,-6.260387811634343,-35.68985176738882,3.8939519469759736,Finance,Major banks,US06055H4002,1.77075098814229,46,6992750000,United States,1697094.7763333332,USD
BAC/PK,"Bank of America Corporation Depositary Shares, each representing a 1/1,000th interest in a share of 5.875% Non- Cumulative Preferred Stock, Series HH",24.02,USD,442291344849,USD,0,0.4180602006688874,-0.6617038875103397,-3.688853247794714,-3.4177724165661494,-2.3180154534363573,-2.7136492507087957,-12.143379663496708,5.527938875080548,Finance,Major banks,US0605051954,1.77075098814229,46,6992750000,United States,1536200.7291066663,USD
BML/PG,"Bank of America Corporation Depositary Shares (Each representing a 1/1200th interest in a share of Floating Rate Non-Cumulative Preferred Stock , Series 1)",18.6401,USD,442291344849,USD,-0.3735970069481588,-0.37359700694815884,-0.5861333333333315,-4.065362840967572,-4.848902501276159,0.7028633171258712,-10.641898370086285,-21.54840067340068,4.289814047684802,Finance,Major banks,US0605056334,1.77075098814229,46,6992750000,United States,83175.10371333334,USD
BML/PL,Bank of America Corporation Depositary Shares (Each representing a 1/1200th Interest in a Share of Floating Rate Non-Cumulative Pref,18.95,USD,442291344849,USD,-0.05274261603376352,-1.1476264997391883,-1.404786680541101,-3.1186094069529626,-2.4704065877509027,-1.965856182100357,-8.674698795180726,-25.744223135670595,4.361134125011507,Finance,Major banks,US0605055831,1.77075098814229,46,6992750000,United States,730305.0269074666,USD
BAC/PQ,"Bank of America Corporation Depositary shares, each representing 1/1,000th interest in a share of 4.250% Non-Cumulative Preferred Stock, Series QQ",16.34,USD,442291344849,USD,-0.5477784540474733,-2.0383693045563542,-3.9388594944150594,-4.723032069970839,-7.053469852104656,-7.474518686296717,-6.68189605939464,-34.48275862068966,3.7604713246801067,Finance,Major banks,US06055H8060,1.77075098814229,46,6992750000,United States,1790628.562,USD
BAC/PE,Bank of America Corporation Depositary Sh repstg 1/1000th Perp Pfd Ser E,18.21,USD,442291344849,USD,-0.19183337900794817,-3.0351437699680526,-2.46384574183182,-5.353430353430341,-7.281059063136454,-3.3952254641909843,-14.426691729323307,-29.539316364987112,4.190831262082297,Finance,Major banks,US0605058157,1.77075098814229,46,6992750000,United States,573312.7073733334,USD
BAC,Bank of America Corporation,63,USD,440543157715.2095,USD,-0.3952569169960474,2.4057217165149494,4.503607862652407,18.912797281993214,13.411341134113416,14.483009267672177,37.82542113323124,59.61489739042311,14.498757249378624,Finance,Major banks,US0605051046,1.77075098814229,46,6992750000,United States,2016994118.5536664,USD
ABBV,AbbVie Inc.,243.87,USD,430946892942.74176,USD,-0.9463850528025931,-5.615759733725517,-5.18642354496325,20.77555467511887,11.483428571428574,6.614496808603652,23.647518126045743,111.58250910983864,68.95216014476362,Health technology,Pharmaceuticals: major,US00287Y1091,2.77416734362307,14,1767120000,United States,2007137061.2039988,USD
ORCL/PD,"Oracle Corporation Depositary Shares, each representing a 1/2,000th interest in a sh of 6.50% Series D Mandatory Convertible Preferred Stock",45.29,USD,415911198318,USD,-0.2422907488986772,12.1317157712305,3.307717398990415,-20.70384312352272,-7.759674134419557,-7.759674134419557,-7.759674134419557,-7.759674134419557,7.775374261777229,Technology services,Packaged software,US68389X2045,1.38513747489438,18,2880470000,United States,125955923.4637167,USD
ORCL,Oracle Corporation,143.47,USD,413261165057.71497,USD,-0.6371632384514078,16.76568731179295,-0.17394934595045922,-25.501090455914433,2.6618962432915914,-27.345925963437484,-44.14032082230182,60.76871358135366,24.630888614201346,Technology services,Packaged software,US68389X1054,1.38513747489438,18,2880470000,United States,5131143001.394002,USD
CAT,"Caterpillar, Inc.",856.96,USD,394747511767.5691,USD,-1.6209762593562018,5.69966080789393,-9.460116217643948,-5.9319429198682725,23.736228828854845,48.3682196713932,97.75695758526794,310.00909047414007,42.63355322726685,Producer manufacturing,Trucks/Construction/Farm machinery,US1491231015,0.707168113146898,46,460637000,United States,3306558517.9650006,USD
GE,GE Aerospace,374.55,USD,388619035619.832,USD,-1.749645873773678,5.581395348837212,-0.7551669316375109,23.0251272786993,20.554250217258367,20.920096852300244,36.94698354661792,482.27118764612175,44.14728727855636,Electronic technology,Aerospace & defense,US3696043013,0.435444100519385,23,1037560000,United States,1539009449.1433332,USD
CVX,Chevron Corporation,189.23,USD,376870054995.19604,USD,1.5127943779840103,-0.35806434626928907,11.220171623368994,3.949681388705778,4.952856350526887,24.358426707850032,22.49482133609529,85.48323858067046,18.145466749772257,Energy minerals,Integrated oil,US1667641005,3.74443431146398,46,1991600000,United States,1536463022.4543335,USD
KO,Coca-Cola Company (The),86.85,USD,373676373602.377,USD,0.023033513762519893,-0.8901061280383443,2.659574468085107,10.545408260675869,10.63694267515923,24.337866857551898,25.65104166666665,53.44522968197878,26.166731945406884,Consumer non-durables,Beverages: non-alcoholic,US1912161007,2.39548543130255,46,4302550000,United States,1562281463.8956668,USD
UNH,UnitedHealth Group Incorporated,403.97,USD,366863072320.2837,USD,-2.127195639006656,-2.702377224884985,-4.712819908008011,8.59700529584129,51.265633191043214,22.084044787621465,61.17539099904247,-1.9514089463847877,25.977107581506015,Health services,Managed health care,US91324P1021,2.16838279830406,36,908144000,United States,2366953063.003,USD
HSBC,"HSBC Holdings, plc.",102.56,USD,349517634776.8615,USD,-0.11686793922867603,-3.5909005452152596,4.546381243628958,13.791190502607353,16.22846781504987,26.930693069306937,64.0172717095794,263.04424778761063,14.694462354036823,Finance,Major banks,US4042804066,3.63264511102454,35,3436720000,United Kingdom,138020443.84766665,USD
HD,"Home Depot, Inc. (The)",349.52,USD,348512243167.10474,USD,-1.0250891997508083,4.337442908743537,-1.5602996676618095,8.317838105863386,-8.344259715739234,1.7732871327490245,-9.469539991711562,4.430965968508167,24.81734203369853,Retail trade,Home improvement chains,US4370761029,2.62218949991505,39,997117000,United States,1406325987.6833332,USD
MS/PL,"Morgan Stanley Depositary Shares, each representing 1/1,000th of a share of 4.875% Non-Cumulative Preferred Stock, Series L",19.12,USD,342807509558,USD,-0.8298755186721999,-0.1566579634464626,-2.54841997961264,-6.36630754162586,-6.640624999999997,-6.640624999999997,-5.812807881773398,-30.206242014966232,1.5448757312304062,Finance,Investment managers,US61762V8046,1.90131488523388,33,1570570000,United States,723278.2454066667,USD
MS/PO,"Morgan Stanley Depositary Shares, each representing 1/1,000th of a share of 4.250% Non-Cumulative Preferred Stock, Series O",16.53,USD,342807509558,USD,-0.2414001207000552,0.3033980582524315,-2.1893491124260205,-4.835924006908462,-6.610169491525413,-6.451612903225809,-6.2393647192285755,-33.480885311871226,1.3356064768430238,Finance,Investment managers,US61762V8616,1.90131488523388,33,1570570000,United States,2333611.527,USD
MS/PP,"Morgan Stanley Depositary Shares, each representing 1/1,000th of a share of 6.500% Non-Cumulative Preferred Stock, Series P",25.02,USD,342807509558,USD,-0.753669178897268,0.28056112224449015,-0.6748709805478432,-1.457266640409614,-2.112676056338025,-1.92081536652294,-2.494154325798911,-3.210831721470026,2.021589476746065,Finance,Investment managers,US61762V8533,1.90131488523388,33,1570570000,United States,1734323.8019833334,USD
MS/PI,Morgan Stanley Depository Shares Representing 1/1000th Preferred Series 1 Fixed to Floating Non (Cum),24.68,USD,342807509558,USD,-0.7240547063555902,-0.08097165991902662,-1.2404961984793867,-1.9077901430842623,-2.0246129416435155,-1.3983220135837051,-1.43769968051118,-13.661011019765615,1.9941178371739763,Finance,Investment managers,US61761J4067,1.90131488523388,33,1570570000,United States,1964042.29312,USD
MS/PF,Morgan Stanley Dep Shs Rpstg 1/1000th Int Prd Ser F Fxd to Flag,25.25,USD,342807509558,USD,0.03961965134707434,0.2779984114376501,0.39761431411531384,-0.07914523149980045,-0.07914523149980045,0.39761431411531384,-0.31583103039872995,-11.403508771929825,2.040173232927184,Finance,Investment managers,US61763E2072,1.90131488523388,33,1570570000,United States,2626810.551453334,USD
MS/PQ,"Morgan Stanley Depositary Shares, each representing 1/1,000th of a share of 6.625% Non-Cumulative Preferred Stock, Series Q",25.31,USD,342807509558,USD,-0.4718836020448329,0,-0.7840062720501875,-0.9005481597494144,-3.654358583936052,-3.507434235608089,-1.9372336303758235,-0.7840062720501875,2.045021169322258,Finance,Investment managers,US61762V8384,1.90131488523388,33,1570570000,United States,1260636.697,USD
MS/PA,Morgan Stanley Dep Shs repstg 1/1000 Pfd Ser A,19.06,USD,342807509558,USD,-0.2616431187859797,0.4744333157617283,0.8999470619375233,-2.256410256410263,-5.550049554013881,-1.294665976178146,-13.442325158946417,-24.72353870458136,1.5400277948353316,Finance,Investment managers,US61747S5047,1.90131488523388,33,1570570000,United States,1600856.0958466665,USD
MS/PK,"Morgan Stanley Depositary Shares, each representing 1/1,000th of a share of Fixed-to-Floating Rate Non-Cumulative Preferred Stock, Series K",22.94,USD,342807509558,USD,-0.5635023840485436,0.13094718463553529,-2.7141645462256023,-5.4800164812525685,-6.672091131000802,-6.558044806517309,-3.9765592298032617,-22.994293387042624,1.853527681716816,Finance,Investment managers,US61762V6065,1.90131488523388,33,1570570000,United States,1893225.4156666666,USD
MS/PE,Morgan Stanley DEPOSITARY SHARES REP 1/1000TH SHARES FIXED/FLTG PREFERRED STOCK SERIES E,25.4775,USD,342807509558,USD,-0.049038838760295377,0.42372881355931474,0.9009900990098976,0.22619984264357765,-0.12426889122356141,0.701581027667978,0.03298114185423979,-11.750952545895398,2.058554991758508,Finance,Investment managers,US61762V2007,1.90131488523388,33,1570570000,United States,1599551.7247833328,USD
PG,Procter & Gamble Company (The),146.97,USD,341621940612.14386,USD,0.11580381471388793,2.2328881469115247,-3.7272369972487867,0.28659160696007335,-7.122093023255819,2.6972259101390432,-2.5785496486809056,2.754666853107738,22.201241710599856,Consumer non-durables,Household/Personal care,US7427181091,2.92275204359673,47,2324430000,United States,1350781155.724,USD
MS,Morgan Stanley,213.75,USD,335708549814.5531,USD,-2.0708297063270305,3.0120481927710845,-3.5162950257289847,11.981349538977371,19.486835485493888,19.737837156541477,51.43464399574919,116.73003802281369,17.270773407452893,Finance,Investment managers,US6174464486,1.90131488523388,33,1570570000,United States,1262034855.4423337,USD
MRK,"Merck & Company, Inc.",128.37,USD,317051370824.92523,USD,0.031169640769883922,0.13651078435197267,-0.31063135823561827,14.228510411105187,6.301755548194766,21.643134653652993,59.88292439905343,69.7566781274795,36.12799729821007,Health technology,Pharmaceuticals: major,US58933Y1055,2.61824982467077,46,2469820000,United States,1211483540.8293333,USD
BABA,Alibaba Group Holding Limited,126.81,USD,313082488683.66766,USD,-1.3382089784486102,11.23684210526316,29.66257668711657,-10.72861668426611,-20.970958494328805,-16.911282924911543,6.670592193808889,-36.35633626097867,20.478328273367353,Retail trade,Internet retail,US01609W1027,0.801369330117482,4,2397062500,China,1393729438.083,USD
GS/PC,"Goldman Sachs Group, Inc. (The) Depositary Share repstg 1/1000th Preferred Series C",19.07,USD,308752348831,USD,-0.052410901467494816,-0.6253256904637884,-1.599587203302367,-2.1047227926078036,-6.519607843137247,-4.458917835671345,-11.91685912240184,-24.713778128701136,0.29431646659731886,Finance,Investment banks/Brokers,US38144X6094,1.60319885324129,27,291171000,United States,536501.3262133333,USD
GS/PD,"Goldman Sachs Group, Inc. (The) Dep Shs repstg 1/1000 Pfd Ser D Fltg",18.74,USD,308752348831,USD,-0.47796070100902743,-0.05333333333334167,-1.3684210526315872,-1.8334206390780587,-6.533665835411482,-3.8974358974359053,-11.10056925996205,-25.928853754940718,0.28922341814545127,Finance,Investment banks/Brokers,US38144G8042,1.60319885324129,27,291171000,United States,2296481.871,USD
GS/PA,"Goldman Sachs Group, Inc. (The) Depositary Shares each representing 1/1000th Interest in a Share of Floating Rate Non-Cumulative Preferred Stock Series A",19.13,USD,308752348831,USD,-0.15657620041754247,0.47268907563025137,-1.3917525773195856,-1.0858324715615348,-5.014895729890772,-1.3917525773195856,-12.887067395264124,-23.17269076305221,0.29524247540674936,Finance,Investment banks/Brokers,US38143Y6656,1.60319885324129,27,291171000,United States,1327718.2086733333,USD
RTX,RTX Corporation,223.25,USD,300887010093.0761,USD,0.4228329809725148,4.0792540792540795,9.6836002751302,26.688230620814892,13.350765403264697,21.662125340599456,42.51516118736035,155.28873642081192,39.31149850325762,Electronic technology,Aerospace & defense,US75513E1010,1.24600782690837,46,1347760000,United States,1034480599.9526668,USD
GS,"Goldman Sachs Group, Inc. (The)",1032.58,USD,300657783394.5509,USD,-2.62170165412401,2.50357369758576,-1.8460076045627445,10.318376068376061,13.736548184211388,16.8076923076923,42.5231193926846,165.52664060892818,15.936302940695308,Finance,Investment banks/Brokers,US38141G1040,1.60319885324129,27,291171000,United States,2182861692.8436656,USD
RY,Royal Bank Of Canada,211.45,USD,293868405645.22876,USD,0.08519903441093311,1.375970850512981,1.624453308982552,16.533480297602647,24.258094846330142,23.481663162812414,60.835171522020225,106.59501709819249,18.681886290966077,Finance,Major banks,CA7800871021,2.22334853860449,36,1389780000,Canada,318232241.29199994,USD
PM,Philip Morris International Inc,188.05,USD,293097262086.83,USD,-0.46578097708145627,-2.6656314699792842,-0.6025688461335094,9.439562358144677,4.570983706834231,17.34057157119682,13.935171160254468,88.27593111734083,27.030717704724808,Consumer non-durables,Tobacco,US7181721090,3.11226380140793,19,1558610000,United States,992520525.7433331,USD
DELL,Dell Technologies Inc.,437.65,USD,283720205908.05414,USD,-5.4138750810460365,13.707812621788042,10.031426775612816,87.35819170341195,274.3798118049615,240.84890965732086,241.94077662317366,778.1533485493073,34.77801352500377,Electronic technology,Computer processing hardware,US24703L2025,0.499243570347958,4,325047000,United States,2942261107.2349987,USD
NVS,Novartis AG,154.21,USD,282144877876.5696,USD,-0.1489251489251423,-1.7207316295965769,-1.8708240534521143,5.298736770228761,0.11686035187950843,11.520104136534572,34.09565217391305,78.16354731998861,23.26328651812518,Health technology,Pharmaceuticals: major,US66987V1098,1.9950530950531,30,1830549812,Switzerland,295883158.3473332,USD
WFC/PD,"Wells Fargo & Company Depositary Shares, each representing a 1/1,000th interest in a share of Non-Cumulative Perpetual",16.34,USD,269650009153.00003,USD,-0.7290400972053522,-0.06116207951071292,-2.505966587112182,-6.037952846463488,-7.000569151963576,-8.098987626546688,-8.408071748878923,-34.90039840637451,2.373964840912393,Finance,Major banks,US95002Y4008,2.01861612649994,43,3024000000,United States,1645368.7958333339,USD
WFC/PZ,"Wells Fargo & Company Depositary Shares, each representing a 1/1,000th interest in a share of Non-Cumulative Perpetual",18.21,USD,269650009153.00003,USD,-0.8169934640522798,0.27533039647577484,-2.306866952789698,-4.559748427672943,-6.519507186858314,-6.806550665301936,-6.375321336760917,-31.022727272727266,2.6456486996949007,Finance,Major banks,US94988U1512,2.01861612649994,43,3024000000,United States,3547671.9321666663,USD
WFC/PY,"Wells Fargo & Company Depositary Shares, each representing a 1/1,000th interest in a share of Non-Cumulative Perpetual",22.15,USD,269650009153.00003,USD,-0.4494382022471974,0.4079782411604708,-1.8608772707133439,-7.669862442684452,-8.167495854063027,-8.810209962947718,-7.554257095158607,-16.00303375047403,3.218073514455906,Finance,Major banks,US94988U6560,2.01861612649994,43,3024000000,United States,1486057.0677766667,USD
WFC/PA,"Wells Fargo & Company Depositary Shares, each representing a 1/1,000th interest in a share of Non-Cumulative Perpetual",18.01,USD,269650009153.00003,USD,-0.3871681415929023,0.1111728738188056,-2.066340402392599,-5.010548523206747,-6.441558441558433,-7.1649484536082335,-6.63556246759978,-31.572948328267472,2.6165916024989104,Finance,Major banks,US94988U1280,2.01861612649994,43,3024000000,United States,1882695.266833333,USD
WFC/PC,"Wells Fargo & Company Depositary Shares, each representing a 1/1,000th interest in a share of Non-Cumulative Perpetual",16.77,USD,269650009153.00003,USD,-0.2972651605231909,0.17921146953405698,-2.272727272727276,-4.878048780487802,-7.399226946438432,-7.34806629834255,-7.19424460431655,-34.74708171206226,2.4364375998837717,Finance,Major banks,US95002Y2028,2.01861612649994,43,3024000000,United States,1502674.6323333331,USD
WFC/PL,Wells Fargo & Company 7.50% Non-Cumulative Perpetual Convertible,1172.04,USD,269650009153.00003,USD,-0.2688904016337714,-0.6248887155442228,-0.030706243602876774,-1.351738069186091,-5.242988462999954,-3.6127536041185278,-1.9213389121338942,-23.04399212081418,170.2804009879413,Finance,Major banks,US9497468044,2.01861612649994,43,3024000000,United States,10008057.796600003,USD
GEV,GE Vernova Inc.,1000.3,USD,266413493473.63342,USD,-1.7348422334865892,4.306569343065688,-8.801648371685932,-6.2810350965952715,31.953513527774465,51.2878295195027,54.69433833877177,769.8260869565217,28.63333982161054,Producer manufacturing,Electrical products,US36828A1016,0.171912452355692,2,266333600,United States,2978930287.407,USD
WFC,Wells Fargo & Company,87.59,USD,264872090408.33545,USD,-1.7718963777055043,3.558760936391588,-0.4998296035442437,10.873417721518992,-5.563342318059296,-6.120042872454441,12.431807971247034,84.4,12.725555716983873,Finance,Major banks,US9497461015,2.01861612649994,43,3024000000,United States,1362566341.7086668,USD
MUFG,"Mitsubishi UFJ Financial Group, Inc.",22.52,USD,250995633618,USD,0.4460303300624347,2.925045703839125,5.037313432835813,24.282560706401757,18.33946400420388,41.368487131199,59.82966643009227,317.03703703703695,14.676746611053181,Finance,Major banks,US6068221042,2.1671409455843,27,11255753838,Japan,73661376.59599997,USD
AZN,AstraZeneca PLC,161.07,USD,249801187423.22055,USD,-0.2662538699690445,-5.428177201068611,-16.535392268628872,-11.843905642821966,-15.431061640239427,-12.963363233545882,8.100671140939593,44.639008620689644,24.37811282086181,Health technology,Pharmaceuticals: major,GB0009895292,2.04054503157195,33,1550882453,United Kingdom,598089500.1086668,USD
SHEL,Shell PLC,89.6,USD,244546281233.618,USD,2.0966271649954296,-0.44444444444445075,11.944027986006981,6.287069988137601,19.180633147113575,21.015667206915165,22.304122304122288,116.11191509889048,9.895741297048948,Energy minerals,Integrated oil,US7802593050,3.36964448495898,33,2788095000,United Kingdom,580464689.0713333,USD
ANET,"Arista Networks, Inc.",192.32,USD,242169848097.51477,USD,-2.5290152551822054,16.86922702965483,13.731519810762864,34.81948825797406,46.36225266362252,43.46885490488622,43.747664249943945,708.8956652033332,60.63434012232801,Electronic technology,Computer peripherals,US0404132054,0,0,1259200000,United States,1505089532.9033332,USD
C/PR,"Citigroup Inc. Depositary Shares, Each Representing a 1/1,000th Interest in a Share of 6.250% Noncumulative Preferred Stock, Series II",24.59,USD,236039863221,USD,-0.24340770791074534,0.3673469387755096,-1.9928258270227182,-1.8363273453093847,-2.3818975784041343,-1.914639010769846,-1.914639010769846,-1.914639010769846,2.654389619922495,Finance,Major banks,US1729672428,1.743679163034,15,1714910000,United States,3807619.8299999996,USD
AXP,American Express Company,342.6,USD,231361135957.39877,USD,-1.8309980228659806,3.2020965749917143,-4.44580799910749,7.367827258767134,-4.355108877721934,-7.280108254397828,15.272029877864153,100.90306690904828,20.78631234073535,Finance,Finance/Rental/Leasing,US0258161092,1.01435571219806,46,675310000,United States,1092131437.0536664,USD
C,"Citigroup, Inc.",133.82,USD,229488916711.96036,USD,-2.7753560011624483,3.7605644723579084,-7.108149382201867,2.7882325831477037,14.025221540558958,14.171145806671786,45.65442176870747,89.06470754450409,14.445320005613187,Finance,Major banks,US1729674242,1.743679163034,15,1714910000,United States,1731384569.218666,USD
SAP,SAP SE,199.46,USD,228299710782.65076,USD,1.0794101251710309,9.407053919148705,20.548773117369755,14.42831736561299,-0.47899411236402534,-17.73488410459457,-30.831917328432223,35.724006532389765,25.0754299507191,Technology services,Packaged software,US8030542042,1.08199918917549,31,1154200000,Germany,526908674.7556668,USD
BHP,BHP Group Limited,87.9,USD,224116035575.5187,USD,-1.6558514208995185,2.5551277563878334,7.83952889216047,4.830053667262984,27.02312138728324,42.76433327919442,69.49479367527961,27.561395452008153,21.80005456213884,Non-energy minerals,Steel,US0886061086,2.94249272767957,26,2540344239,Australia,201698186.272,USD
IBM,International Business Machines Corporation,233.43,USD,219922431148.6629,USD,-1.055442522889107,5.148648648648652,-23.630831643002033,1.6105863404866658,-20.19487179487179,-21.551955908052157,-7.195960720391204,70.90024565180666,20.720048997416985,Technology services,Information technology services,US4592001014,2.85266191929468,46,942134000,United States,2790391023.7153344,USD
TM,Toyota Motor Corporation,187.49,USD,218778066409.75528,USD,0.8607240841357916,-2.6177738534254362,3.585635359116027,-0.271276595744676,-23.39843111619545,-13.23924109208699,1.4940724300330317,3.505575797725529,8.26577082975131,Consumer durables,Motor vehicles,US8923313071,2.87830275969659,33,1184184620,Japan,84115044.5376667,USD
SAN,"Banco Santander, S.A. Sponsored",14.65,USD,216304323732.25668,USD,0.06830601092896028,5.168700646087585,2.5192442267319892,18.912337662337663,17.38782051282051,22.696817420435522,65.72398190045249,285.52631578947376,11.543613584429913,Finance,Major banks,US05964H1059,1.36864754098361,38,14678222709,Spain,142315515.63500002,USD
TMO,Thermo Fisher Scientific Inc,580.02,USD,214460825970.7663,USD,0.379004205389118,2.2295856319509273,10.479999999999997,22.498891212063604,6.770488182018992,0.08973252804141188,24.673817251681957,7.552522761408523,31.20030984066874,Health technology,Medical specialties,US8835561023,0.311510305799283,14,369747000,United States,1229127485.1413336,USD
APH,Amphenol Corporation,170.61,USD,210359325142.4782,USD,-0.9463539247561514,6.824870077014592,5.4254464561576965,24.007849978194503,29.09352300242132,24.42386231038507,57.60739030023096,362.73393002441014,42.71122793841533,Electronic technology,Electronic components,US0320951017,0.531235485369252,21,1232980000,United States,1194943085.3373334,USD
TD,Toronto Dominion Bank (The),121.18,USD,204733114482.72986,USD,0.02476269087907646,2.3047699451245283,0.6812894649385239,12.255673923112557,26.890052356020952,28.36864406779661,65.56906681240608,80.38106579339089,19.432972857406494,Finance,Major banks,CA8911605092,2.55231358679635,46,1689500000,Canada,350365824.35699993,USD
NVO,Novo Nordisk A/S,45.97,USD,201167469035.3196,USD,3.233774983157417,-9.347268783277464,-8.59526612159196,0,-0.8626266982963092,-10.928114706452238,0,-6.631461358789481,11.234664450852925,Health technology,Pharmaceuticals: major,US6701002056,2.76358410060633,45,3345880520,Denmark,577512266.9933335,USD
MCD,McDonald's Corporation,276.26,USD,196284348711.18958,USD,0.8248175182481718,2.1331657362564167,-2.656800563777315,-3.06666666666667,-14.44410034066274,-9.508991450751752,-10.013029315960916,16.72300152104106,22.436813722305242,Consumer services,Restaurants,US5801351017,2.68248175182482,46,710506000,United States,1311515215.5090013,USD
VZ,Verizon Communications Inc.,46.99,USD,195232900733.87692,USD,1.1190015063481884,1.2715517241379384,10.046838407494143,-0.46600296547341424,0.04258037044922956,15.25631591856757,9.789719626168235,-15.07319718055304,12.236979166666668,Communications,Wireless telecommunications,US92343V1044,6.01463309662148,42,4154779999.9999995,United States,1439428461.0599992,USD
TTE,TotalEnergies SE,86.27,USD,192570844650.52985,USD,1.8055227755487389,-0.19666820916242678,11.92267773741567,-3.0129286115795466,17.502043040043578,31.810542398777677,40.71114010764964,92.99776286353465,10.87423176943262,Energy minerals,Integrated oil,FR0000120271,4.6070460704607,42,2224191954,France,140038302.75966668,USD
BA/PA,"Boeing Company (The) Depositary Shares, each representing a 1/20th interest in a share of 6.00% Series A Mandatory Convertible Preferred Stock, par value $1.00",71.33,USD,189838971057,USD,-3.0051672559151585,5.909428359317007,-1.0267795199111904,-2.7273966998499932,-6.366500393804158,2.692196947883681,-0.26565995525726754,35.09469696969697,32.48474360142089,Electronic technology,Aerospace & defense,US0970232049,0,0,790370000,United States,75323269.70293333,USD
SCHW/PD,"The Charles Schwab Corporation Depositary Shares each representing 1/40th interest in a share of 5.95% Non-Cumulative Perpetual Preferred Stock, Series D",24.1,USD,187861410661,USD,-0.24834437086092187,0.8368200836820203,-0.5775577557755652,-3.445512820512818,-4.0605095541401255,-3.792415169660676,-4.1749502982107245,-6.116088819633815,4.383810823101411,Finance,Investment banks/Brokers,US8085136005,1.09239029809295,37,1739140000,United States,1377946.99796,USD
SCHW/PJ,"The Charles Schwab Corporation Depositary Shares, Each Representing a 1/40th Interest in a Share of 4.450% Non-Cumulative Perpetual Preferred Stock, Series J",17.25,USD,187861410661,USD,-0.5190311418685113,-0.3466204506065784,-1.5410958904109564,-5.994550408719354,-8.342189160467589,-8.244680851063832,-12.124299541518079,-35.77810871183917,3.1377899045020468,Finance,Investment banks/Brokers,US8085138654,1.09239029809295,37,1739140000,United States,1326744.1784833332,USD
SCHW,Charles Schwab Corporation (The),107.66,USD,187235321901.1596,USD,-0.3332716163673389,3.58895410372365,6.372888054540068,20.57341247620113,4.271186440677963,7.908188834318934,11.230499018493635,53.493013972055884,19.583447021373352,Finance,Investment banks/Brokers,US8085131055,1.09239029809295,37,1739140000,United States,903901963.860667,USD
ABT,Abbott Laboratories,107.96,USD,186812179534.03046,USD,2.12846466748652,1.839449108574652,10.9900277577876,23.87126384028454,-1.9436875567665766,-13.424218123496399,-17.004920049200503,-11.508196721311482,34.895597646906715,Health technology,Medical specialties,US0028241000,2.34604105571848,46,1730380000,United States,1206790657.3566666,USD
BLK,"BlackRock, Inc.",1129.3,USD,183626791554.31784,USD,-0.3775648829372407,4.626815890898316,11.557838585399585,5.117655819495124,5.5913978494623615,5.400209064436637,1.3716091273047137,26.887640449438198,27.703433675384346,Finance,Investment managers,US09290D1019,1.93016813987544,23,154995000,United States,860146035.1036667,USD
BA,Boeing Company (The),232.19,USD,183516011031.78662,USD,-3.330696531912236,8.025495487112682,-1.5727002967359083,-0.6886227544910237,-3.011695906432752,6.435938574375426,2.875498449268945,0.2763981861368976,105.7427816741051,Electronic technology,Aerospace & defense,US0970231058,0,0,790370000,United States,1366812030.558667,USD
DIS,Walt Disney Company (The),104.68,USD,181778012199.8616,USD,2.8694968553459135,7.468815769211032,6.663949459955173,-3.989727597908827,-1.3662489399792601,-7.722143864598017,-9.583243359965449,-41.00208532942569,21.591518501711974,Consumer services,Movies/Entertainment,US2546871060,1.47405660377358,2,1736510000,United States,1141506543.2236667,USD
NEE/PV,"NextEra Energy, Inc. 7.375% Corporate",46.83,USD,179206400942,USD,-1.0355029585798858,-2.963116452548694,-2.111204013377937,-8.014142604596344,-5.963855421686745,-5.963855421686745,-5.963855421686745,-5.963855421686745,10.507303282550652,Utilities,Electric utilities,US65339F6557,2.76964264928413,41,2085980000,United States,11999852.751333332,USD
NEE/PT,"NextEra Energy, Inc. 7.234% Corporate",48.2,USD,179206400942,USD,-1.1484823625922789,-4.987187068795573,-4.648862512363985,-7.636293954201397,-6.262154803578372,-0.24834437086092187,8.159537561877583,-0.823045267489709,10.814691826157194,Utilities,Electric utilities,US65339F1194,2.76964264928413,41,2085980000,United States,10794764.074166667,USD
NEE/PS,"NextEra Energy, Inc. 7.299% Corporate",52.45,USD,179206400942,USD,-0.9629909365558874,-1.9992526158445445,-2.798369162342472,-8.240027991602508,-6.87144886363636,1.9832782422710542,8.442154535755943,6.217091940056703,11.768269424936616,Utilities,Electric utilities,US65339F6631,2.76964264928413,41,2085980000,United States,13262439.206999995,USD
TJX,"TJX Companies, Inc. (The)",162.06,USD,179028403997.973,USD,1.3381690845422805,1.2938308644290224,5.3432137285491415,4.541349503289893,4.299137598146484,5.748776508972269,25.715615545729584,134.5975680370585,31.480797995299056,Retail trade,Apparel/Footwear retail,US8725401090,1.09742371185593,46,1104700000,United States,876370150.1100003,USD
NEE,"NextEra Energy, Inc.",84.6,USD,176473769289.87546,USD,-1.5248515888720782,-4.836895388076503,-3.9836567926455624,-9.884959522795059,-6.550314812769256,5.158483530142935,18.42105263157894,5.106224375698845,18.98180349570329,Utilities,Electric utilities,US65339F1012,2.76964264928413,41,2085980000,United States,1000350553.4096665,USD
UNP,Union Pacific Corporation,295.38,USD,175478026408.17343,USD,-0.05413818772417439,0.5138326470888457,3.849804872903698,11.831295195547646,17.265473023939027,27.676680354441324,31.942645285210162,34.33080176451863,23.91992679391353,Transportation,Railroads,US9078181081,1.86776747648372,46,594076000,United States,884607049.3933331,USD
ETN,"Eaton Corporation, PLC",448.19,USD,174076992789.48138,USD,0.2034519763906334,17.48099606815203,10.924390545724535,11.8908528060715,24.736300130806267,38.66835803347669,24.98326826547685,174.96319018404907,45.60198610136035,Producer manufacturing,Electrical products,IE00B8KQN827,0.956895009837238,46,388400000,Ireland,1014052430.3713328,USD
RIO,Rio Tinto Plc,99.65,USD,173107532196.68604,USD,-1.8323317899714309,2.320566793305273,7.974861848520966,-4.9594659036719015,6.932074256894525,22.827560705041304,65.01076337141912,17.097532314923633,13.522866060523818,Non-energy minerals,Other metals/Minerals,US7672041008,3.93557284996552,36,1254637089,United Kingdom,259215441.78533337,USD
WELL,Welltower Inc.,236,USD,170095804443.39728,USD,-0.5268703898840885,-1.3089114707481269,0.6267854858653472,10.668229777256741,22.336841013944326,27.148321749905705,39.03617297042535,171.98340440244326,,Finance,Real estate investment trusts,US95040Q1040,1.24762908324552,43,720745000,United States,742734357.2663335,USD
BUD,Anheuser-Busch Inbev SA Sponsored,83.97,USD,169456198602.62955,USD,-1.4205212491195207,0.0595805529075276,3.0053974484789046,5.028142589118194,11.042052367098643,31.61442006269593,40.72398190045248,34.934918849429536,18.086847886959895,Consumer non-durables,Beverages: alcoholic,US03524A1088,1.17655670345151,17,1749533232,Belgium,173083232.31300002,USD
BX,Blackstone Inc.,133.45,USD,165986851681.91794,USD,-1.8966404469602385,1.714939024390244,8.425414364640877,8.849918433931482,3.121860752646621,-13.980920458940313,-20.730620730620736,15.391266753134442,29.936963007829146,Finance,Investment managers,US09260D1072,3.65360582224509,19,752601000,United States,625701426.2556667,USD
DE,Deere & Company,614.84,USD,165968334972.6579,USD,0.4640522875817046,2.3590324138045973,-2.4589903861408127,6.047121321880724,8.246478873239443,31.939914163090137,20.59469637533345,67.53133514986376,34.84164178004953,Producer manufacturing,Trucks/Construction/Farm machinery,US2441991054,1.05882352941176,46,269937000,United States,707214037.9600003,USD
T,AT&T Inc.,23.71,USD,162470062184.26065,USD,2.8187337380745974,1.2815036309269574,13.336520076481829,-6.005946481665017,-13.02274394717535,-4.356595401371514,-15.139584824624196,12.552106249180712,7.84086775356328,Communications,Wireless telecommunications,US00206R1023,4.81352992194276,46,6852390000,United States,1814733480.069667,USD
SMFG,Sumitomo Mitsui Financial Group Inc Unsponsored,25.73,USD,161351723228.64557,USD,1.299212598425204,2.591706539074969,1.1001964636542285,19.563197026022312,12.603938730853386,32.15202876219826,67.51302083333334,276.1695906432749,14.785656821055051,Finance,Major banks,US86562M2098,1.89611811023622,24,6333082998.333329,Japan,45864655.82200003,USD
SCCO,Southern Copper Corporation,193.03,USD,161051041302.7888,USD,-2.0152284263959386,5.845259637001697,13.547058823529412,6.199096824056562,2.4048923652495136,34.06340742871018,110.21335215778599,218.70604291213726,28.568257163154154,Non-energy minerals,Other metals/Minerals,US84265V1052,1.83704512690355,30,834332000,United States,213381007.048,USD
UBS,UBS Group AG Registered,52.84,USD,159995450237.10318,USD,-1.362703005413472,0.5709935287400157,1.8406090392213654,16.980296657073282,22.06052206052207,13.390557939914167,39.41952506596307,213.9631610219846,18.337181151114326,Finance,Investment managers,CH0244767585,0,15,3061746985,Switzerland,94291430.96600002,USD
T/PA,"AT&T Inc. Depositary Shares, each representing a 1/1,000th interest in a share of 5.000% Perpetual Preferred Stock, Series A",18.01,USD,158016011555,USD,-0.11092623405435148,-0.3320420586607566,-5.75614861329146,-9.995002498750624,-12.453820727202011,-11.017786561264808,-12.784503631961247,-33.444198078344414,5.955884784549754,Communications,Wireless telecommunications,US00206R5081,4.81352992194276,46,6852390000,United States,3622843.5264799995,USD
T/PC,"AT&T Inc. Depositary Shares, each representing a 1/1,000th interest in a share of 4.750% Perpetual Preferred Stock, Series C",17.11,USD,158016011555,USD,-0.4653868528214185,-0.2332361516034936,-5.102606766500286,-8.795309168443508,-11.25518672199171,-10.512552301255239,-12.793068297655461,-36.01346297681376,5.658255894705513,Communications,Wireless telecommunications,US00206R7061,4.81352992194276,46,6852390000,United States,5064244.971000001,USD
BBVA,Banco Bilbao Vizcaya Argentaria S.A.,28.14,USD,156210200649.342,USD,0.24937655860349225,3.1524926686216985,6.955530216647669,25.512934879571805,17.49478079331942,18.53411962931762,59.97725980670836,318.75,12.49056771272582,Finance,Major banks,US05946K1016,3.09383683648023,35,5504200000,Spain,37380314.44333332,USD
CRM,"Salesforce, Inc.",186.77,USD,152964626613.5961,USD,-3.217950046636947,3.193546604784795,10.37111452546981,3.9459038290293873,-2.536137348014395,-29.520754716981127,-25.10326021574367,-25.061188460458204,21.61990091216373,Technology services,Packaged software,US79466L3024,0.887138563581718,2,819000000,United States,2184556136.5756674,USD
PFE,"Pfizer, Inc.",26.2,USD,149331438413.5374,USD,1.5110422316931444,5.49627541775719,8.939708939708934,0.15290519877675515,-1.7622797150356295,4.8839071257005555,6.158833063209074,-41.89398979818142,34.692796610169495,Health technology,Pharmaceuticals: major,US7170811035,6.66408368849283,46,5699670000,United States,1083108591.8973331,USD
UBER,"Uber Technologies, Inc.",70.47,USD,143448662103.64108,USD,3.3587562334995478,-0.18413597733710405,-4.2397064818589545,-8.539909149902657,-6.649887402304937,-14.10287664553877,-22.517866959868062,59.4704684317719,15.489614243323441,Transportation,Other transportation,US90353T1007,0,0,2035600000,United States,1432181327.4103332,USD
COP,ConocoPhillips,116.76,USD,142248002186.61194,USD,1.4951321279554926,0.48192771084337543,11.518624641833814,1.8492672714584826,10.935866983372925,24.73026386069865,23.43799555978433,106.32620604347058,19.853091205876353,Energy minerals,Oil & gas production,US20825C1045,2.86856745479833,46,1218290000,United States,761031153.463667,USD
DHR,Danaher Corporation,199.98,USD,140583159654.0015,USD,0.1602724631874152,2.7382481376830126,1.2967277884712807,14.293878950677254,-7.822078820004609,-12.599973777369875,0.6948640483383663,-26.609755182686946,35.507182045773334,Health technology,Medical specialties,US2358511028,0.721226084343384,33,702986000,United States,1140859219.2830005,USD
UL,Unilever PLC,63.66,USD,138484268734.813,USD,-1.1950954524290085,-2.9573170731707283,-0.1646671371442076,8.783321941216666,-10.946352381618524,-2.5189495444453107,-6.15809839690438,-0.3580442566179572,21.264655777131974,Consumer non-durables,Household/Personal care,US9047678035,3.56554400215102,35,2154330000,United Kingdom,294482691.01033336,USD
CB,Chubb Limited,354.03,USD,136584718968.38937,USD,0.42264707550914854,-1.208282174349827,-0.9567771716324006,9.902834259460459,6.641966383517065,14.034014043677121,31.60966542750928,103.313616263711,12.52888654532843,Finance,Property/Casualty insurance,CH0044328745,1.11476711862484,33,385800000,Switzerland,686682776.4736668,USD
COF/PK,"Capital One Financial Corporation Depositary Shares, Each Representing a 1/40th Ownership Interest in a Share of Fixed Rate Non-Cumulative Perpetual Preferred S",16.72,USD,135966639717.00002,USD,-0.23866348448688962,0.23980815347721313,-2.0503807850029374,-5.000000000000014,-6.644332774986048,-4.891922639362909,-8.68377935554342,-37.11921775103423,5.893965031020867,Finance,Major banks,US14040H7742,1.35360736362406,31,613485000,United States,135357.74350666668,USD
COF/PN,"Capital One Financial Corporation Depositary Shares, Each Representing a 1/40th Ownership Interest in a Share of Fixed Rate Non-Cumulative Perpetual Preferred S",15.33,USD,135966639717.00002,USD,-0.5836575875486372,0.4587155963302771,-1.9820971867007704,-5.428747686613207,-8.477611940298507,-6.008583690987116,-11.181923522595604,-38.97292993630573,5.403976311336717,Finance,Major banks,US14040H7338,1.35360736362406,31,613485000,United States,711800.1934199999,USD
COF/PI,"Capital One Financial Corporation Depositary shares each representing a 1/40th interest in a share of Fixed Rate Non-Cumulative Perpetual Preferred Stock, Serie",18.03,USD,135966639717.00002,USD,-0.44174489232467307,-0.11080332409972063,-2.2764227642276325,-5.799373040752348,-9.031281533804234,-5.799373040752348,-9.30583501006035,-34.00439238653001,6.35575296108291,Finance,Major banks,US14040H8245,1.35360736362406,31,613485000,United States,2617561.758333333,USD
COF/PJ,"Capital One Financial Corporation Depositary Shares, Each Representing a 1/40th Interest in a Share of Fixed Rate Non- Cumulative Perpetual Preferred Stock, Ser",17.26,USD,135966639717.00002,USD,-0.5187319884726216,-0.11574074074073827,-2.209631728045309,-5.88876772082878,-7.104413347685666,-5.06050605060505,-9.25341745531019,-35.33158486324466,6.084320360970107,Finance,Major banks,US14040H7825,1.35360736362406,31,613485000,United States,1696331.4129199998,USD
COF/PL,"Capital One Financial Corporation Depositary Shares, Each Representing a 1/40th Interest in a Share of Fixed Rate Non-Cumulative Perpetual Preferred Stock, Seri",15.74,USD,135966639717.00002,USD,-0.6940063091482613,-0.5685407454200876,-2.053515868077163,-5.861244019138748,-7.953216374269012,-6.587537091988136,-10.466439135381105,-38.515625,5.548505358150027,Finance,Major banks,US14040H7585,1.35360736362406,31,613485000,United States,1020472.6833333336,USD
GLW,Corning Incorporated,157.18,USD,135393011247.66702,USD,0.3063178047224111,20.518325410213173,-15.96000641608298,-16.04080978580204,36.79721496953873,76.78551344055788,145.97809076682316,283.17893710385175,72.0943032749289,Electronic technology,Electronic components,US2193501051,0.714741544352266,19,861388000,United States,2911135080.884665,USD
COF,Capital One Financial Corporation,220,USD,134966659467.31038,USD,-0.7354600009024029,5.4902900982977645,5.769230769230769,14.025085518814139,-0.24485354130769568,-9.965213832617145,3.6220620790353717,33.45465574764938,77.55217146080089,Finance,Major banks,US14040H1059,1.35360736362406,31,613485000,United States,882379465.136,USD
PH,Parker-Hannifin Corporation,1069.8,USD,134887220794.6512,USD,7.312669274751728,11.213913694343663,10.429827821132164,19.934079978475086,9.437976962579537,21.346173478068525,50.16633680043795,264.5098640498824,39.46611182433928,Producer manufacturing,Industrial machinery,US7010941042,0.742301133513893,46,126086000,United States,618032429.3790002,USD
LMT,Lockheed Martin Corporation,582.85,USD,134516386579.96684,USD,0.9089335180055401,3.0207154977375623,6.7490842490842535,14.601152205116115,-5.164418555459738,20.61045007759959,36.25471929681017,60.8749654982059,21.480905452320755,Electronic technology,Aerospace & defense,US5398301094,2.36322714681441,38,230791000,United States,686836262.8796668,USD
SONY,Sony Group Corporation,23.1,USD,133908380518.92157,USD,2.9411764705882355,-0.9009009009008894,7.0435588507877815,13.961519486926502,1.1604992336325841,-10.913999228692628,-7.7107471034758275,11.615771163509855,,Electronic technology,Computer processing hardware,US8356993076,0.493195187165775,11,5872465744,Japan,116520007.5753333,USD
PLD,"Prologis, Inc.",139.14,USD,132464769431.7225,USD,-1.150895140664965,-4.842018875666812,-1.1859953128329066,-2.685690306336553,1.5546310488285495,8.92437764208548,30.12251005330588,7.104918789931483,30.98196392785571,Finance,Real estate investment trusts,US74340W1036,2.95538505257175,29,933076000,United States,719117678.5383334,USD
BMY,Bristol-Myers Squibb Company,64.15,USD,131040143764.62755,USD,0.8172245796008221,2.3289200829478514,11.005364249870231,13.882478253151087,6.916666666666676,20.56004510430371,40.34128199518706,-6.199736803626253,14.131823589020577,Health technology,Pharmaceuticals: major,US1101221083,3.94468018230394,46,2042710000,United States,780399393.2533333,USD
MFG,"Mizuho Financial Group, Inc. Sponosred",10.69,USD,130925888741.48438,USD,-0.09345794392523166,9.52868852459016,4.191033138401557,22.59174311926604,13.723404255319139,44.264507422402154,76.4026402640264,273.7762237762238,14.696178168820454,Finance,Major banks,US60687Y1091,1.30285981308411,20,12167675345,Japan,40738695.736999996,USD
SYK,Stryker Corporation,337.43,USD,129429046559.87025,USD,0.11868379669466639,-3.5169988276670607,2.5934934630586897,14.772108843537419,-6.709980646944977,-3.942723753131396,-11.465904022249624,27.370526951532533,34.96212945406318,Health technology,Medical specialties,US8636671013,1.03254903124351,35,383573000,United States,855016130.5973336,USD
BMO,Bank Of Montreal,180.82,USD,127694310276.15295,USD,-0.06632032718028327,3.0313390313390274,2.6686350215761916,18.322209134929984,28.42329545454544,38.91065529691942,60.87188612099643,79.34933544931562,18.8621543402382,Finance,Major banks,CA0636711016,2.63729322120889,36,706196000,Canada,142511357.81800002,USD
BTI,"British American Tobacco Industries, p.l.c.",58.73,USD,127129277189.5095,USD,-0.9110848658680719,-5.09049773755657,-5.151808785529723,0.6684950291395156,-5.790824510747524,4.186624090828454,4.557593021185678,58.00376647834273,15.04778498039919,Consumer non-durables,Tobacco,US1104481072,5.40122321579214,35,2156567829,United Kingdom,265231743.37466654,USD
PGR,Progressive Corporation (The),215.34,USD,125192592672.32741,USD,1.212633953750711,-1.1929888960264268,-8.5488597273538,10.047015535568272,3.1420634160360197,0.4665484743864888,-11.926380368098158,124.59324155193993,10.795933100709902,Finance,Multi-line insurance,US7433151039,6.53318292912202,16,581372000,United States,668208202.8206667,USD
CVS,CVS Health Corporation,96.22,USD,122769723020.80449,USD,-2.925746569814372,-8.361904761904762,-7.168355041003383,9.34090909090909,25.99188162891187,21.36730575176589,52.4156502455251,19.498261301539994,25.401937749148605,Retail trade,Drugstore chains,US1266501006,2.68361581920904,46,1275930000,United States,823037771.3796662,USD
LOW,"Lowe's Companies, Inc.",218.4,USD,122458430314.29665,USD,-0.7001909611712249,1.8894331700489906,-3.6102039014917495,-6.250000000000001,-21.035505097982494,-9.565217391304346,-8.06533086378178,13.910186199342837,18.471531513244695,Retail trade,Home improvement chains,US5486611073,2.20514685823406,46,560707000,United States,637124446.3940002,USD
NOW,"ServiceNow, Inc.",117.35,USD,121339901263.3996,USD,0.11090257635215446,6.199095022624429,5.204177686135634,28.772083836277847,15.411093627065288,-23.34073686961067,-35.635146994295745,-1.220538720538723,73.32083723836301,Technology services,Packaged software,US81762P1021,0,0,1034000000,United States,2475546176.0733337,USD
SPGI,S&P Global Inc.,405.24,USD,119464746697.67432,USD,-1.1682072043508924,-2.431742668656996,-9.403085177733065,0.6922601832722302,-5.246926341603634,-17.894348928957854,-23.795756491443736,-2.853499194185074,24.677104075704705,Commercial services,Financial publishing/Services,US78409V1044,0.941394532107407,46,294800000,United States,989572665.7843331,USD
HDB,HDFC Bank Limited,23.77,USD,119415670423.39871,USD,-0.3354297693920413,-2.341824157764997,-13.216502373128883,-6.601178781925343,-30.06766696087085,-35.14324693042292,-37.30713437953317,-36.42685209949184,14.020290197003657,Finance,Major banks,US40415F1012,1.34472117400419,6,5135033333.33333,India,226016330.1496668,USD
HWM,Howmet Aerospace Inc.,289.72,USD,115919145289.71326,USD,-0.5833504907007029,5.066183136899375,5.123367198838898,5.961524394704122,35.40215918119364,40.98982918876832,61.493868450390195,801.1508553654745,67.21106110518258,Electronic technology,Aerospace & defense,US4432011082,0.164710726786082,10,400107000,United States,789761739.1170001,USD
MO,"Altria Group, Inc.",67.75,USD,113125153022.32613,USD,-1.0081823495032112,-4.165782587170229,-7.394751230180423,-2.0387507229612445,3.624961762006737,17.499132847728067,7.813494589433476,42.69165964616681,14.267062564491333,Consumer non-durables,Tobacco,US02209S1033,6.19520748100526,46,1669740000,United States,591177173.2213333,USD
ENB,Enbridge Inc,51.7,USD,112917216302.73828,USD,-0.4620716211012609,-6.204644412191572,-3.974739970282319,-4.963235294117639,2.1739130434782634,7.8881469115192,10.18755328218244,30.588532457691333,28.21263926238955,Industrial services,Oil & gas pipelines,CA29250N1050,5.2606243982946,35,2184090000,Canada,219611492.94333336,USD
PBR.A,Petroleo Brasileiro S.A. Petrobras,16.48,USD,111393612110.7622,USD,1.228501228501224,0.18237082066869992,11.502029769959412,-12.85034373347435,16.548797736916548,46.09929078014186,38.48739495798319,52.02952029520295,5.362837617962903,Energy minerals,Integrated oil,US71654V1017,5.89482800982801,8,2723250000,Brazil,98383658.376,USD
PBR,Petroleo Brasileiro S.A. Petrobras,18.52,USD,111393612110.7622,USD,0.8714596949891076,-0.10787486515641626,12.92682926829269,-10.097087378640785,23.71409485637942,55.89225589225588,42.46153846153846,64.9154051647373,6.026684022128213,Energy minerals,Integrated oil,US71654V4086,5.23589324618737,8,3721115000,Brazil,257418533.5253332,USD
NEM,Newmont Corporation,105.43,USD,111090776024.78578,USD,1.0931057627768728,13.573198319508789,9.7428958051421,-9.072876239758513,-4.458541005890337,4.396474898504814,57.499253062444,75.51190278008991,13.31304534491685,Non-energy minerals,Precious metals,US6516391066,0.978041998274043,46,1053690000,United States,713392478.4743332,USD
SNOW,Snowflake Inc.,318,USD,110218800667.43468,USD,0.3661153894710343,11.578947368421053,19.391777736061563,112,95.93345656192234,44.61118690313779,54.39141622566393,15.33858039244134,,Technology services,Packaged software,US8334451098,0,0,346600000,United States,1586592664.9119995,USD
MDT,Medtronic plc.,85.92,USD,109981488420.06001,USD,-0.08140481451330757,-0.5555555555555601,1.5963107484923833,9.675772274700023,-16.57442470142732,-10.537276134943777,-4.192685102586982,-33.146591970121385,23.058962454040415,Health technology,Medical specialties,IE00BTN1Y115,3.31433887661356,47,1280050000,Ireland,643691091.6136667,USD
CM,Canadian Imperial Bank of Commerce,118.44,USD,109747756942.92508,USD,-0.2022244691607761,0.517694984299414,1.9014023918093381,6.5491183879093215,23.593864134404676,30.239718495711458,63.00578034682081,102.77349768875193,15.959151213108656,Finance,Regional banks,CA1360691010,2.51126464403725,38,926611000,Canada,160945476.18499997,USD
IBN,ICICI Bank Limited,30.48,USD,108951901834.36392,USD,0.2631578947368482,1.4647137150466087,2.2475679302247626,13.773796192609188,-1.5503875968992262,2.2818791946308714,-7.7202543142597655,59.49764521193093,17.881027807110176,Finance,Regional banks,US45104G1040,0.696934210526316,6,3587800000,India,211807626.89300004,USD
BNS,Bank Nova Scotia Halifax Pfd 3,88.32,USD,108857407700.69023,USD,-0.25974025974026427,1.575618171362841,2.590312463700766,12.624330527926537,16.825396825396826,19.43204868154157,57.85522788203751,39.87963256255938,16.602670970858988,Finance,Major banks,CA0641491075,3.57862496977513,46,1232530000,Canada,236615759.10300007,USD
BN,Brookfield Corporation,43.98,USD,107833328855.50185,USD,-1.257296811854518,4.589774078478002,-0.04545454545455256,-5.68303667167061,-2.136181575433914,-4.598698481561832,-2.19426684208082,44.61516391322889,88.64671203781955,Finance,Investment managers,CA11271J1075,0.576003161830566,36,2451790000,Canada,164990583.43133333,USD
BNY,The Bank of New York Mellon Corporation,158.82,USD,107760032893.90952,USD,0.05039687539371556,3.230419239519011,5.774225774225766,20.922795797167648,30.116336228084542,36.901991207654504,57.23195723195722,203.09160305343508,18.490232146599297,Finance,Investment banks/Brokers,US0640581007,1.39851329217589,46,678504000,United States,616709051.9839997,USD
BNY/PK,"The Bank Of New York Mellon Corporation Depositary Shares, each representing a 1/4,000th interest in a share of Series K Noncumulative Perpetual Preferred Stoc",24.84,USD,107705752560,USD,-0.7590890930882991,-0.2409638554216816,-2.6264210113680972,-2.9308323563892147,-3.944315545243618,-3.346303501945523,-3.3838973162193735,-1.545778834720573,2.8919365729853075,Finance,Investment banks/Brokers,US0640588457,1.39851329217589,46,678504000,United States,1649317.9882166667,USD
BP,BP p.l.c.,42.23,USD,107130820174.98752,USD,2.4751273962630336,-2.5386568197553694,11.21938372399262,-3.8916704597177993,10.174797808505085,20.3133903133903,23.66032210834553,64.96093749999997,20.3361263603968,Energy minerals,Integrated oil,US0556221044,4.79689395777724,35,2575340833.33333,United Kingdom,380773883.842,USD
SO,Southern Company (The),92.9,USD,106868724396.34802,USD,-0.21482277121373647,-4.4238683127571985,-4.147750722245147,0.43243243243243856,1.5300546448087493,6.573362395319496,-1.9214527027026955,43.297855930896205,22.415789981662,Utilities,Electric utilities,US8425871071,3.20085929108486,46,1150360000,United States,508407068.1776667,USD
VRT,"Vertiv Holdings, LLC",275.17,USD,105937201089.17494,USD,-0.9966179751025336,16.007588532883656,-9.704835190076947,-21.331675171891305,52.09484855184614,62.37571179889654,99.99273202994405,904.2700729927008,62.26410824998868,Electronic technology,Electronic production equipment,US92537N1081,0.0809527236094121,6,384988000,United States,1922168451.5826669,USD
TT,Trane Technologies plc,478.66,USD,105316291504.80843,USD,-1.0174118036312418,2.2974503643863136,-1.1176069576714045,1.303703703703709,7.6366089498538425,22.4570200573066,11.666861075469509,143.77896613190734,36.25800098473659,Producer manufacturing,Industrial machinery,IE00BK9ZQ967,0.823028247652922,46,220023000,Ireland,632396960.7010002,USD
ACN,Accenture plc,171.11,USD,104709416727.87625,USD,0.22257365430798565,2.6270017393390654,21.873219373219378,-3.886985339549507,-26.340938441670254,-36.34063767253246,-30.920468308437616,-46.69470404984423,13.66496829529301,Technology services,Information technology services,IE00B4BNMY34,3.81889533181046,20,611942000,Ireland,1318783451.229,USD
GD,General Dynamics Corporation,386.92,USD,104683984272.57239,USD,0.7394292855655156,2.6721507230993744,1.8210526315789515,11.295843520782407,9.129882950218589,14.969988708623045,22.839545367959868,95.2760674270718,23.589518479228396,Electronic technology,Aerospace & defense,US3695501086,1.60903978337846,46,270557000,United States,444290224.8539999,USD
GSK,GSK plc,52.17,USD,103349668815.80151,USD,1.3797123979790145,-0.30575195872347904,-3.656509695290853,3.2864779251633416,-12.008770450328889,5.9719683120048845,40.468497576736674,28.71946706143597,16.436155130588197,Health technology,Pharmaceuticals: major,US37733W2044,3.43109988340459,35,2003505000,United Kingdom,224103952.65166658,USD
MCK,McKesson Corporation,871.38,USD,102019201885.59966,USD,-0.6668718580075946,0.3108164111065117,9.806441856948442,17.793849273403175,-8.756020942408377,6.525672371638142,23.94899113105695,337.066760294929,23.318383250198025,Distribution services,Medical distributors,US58155Q1031,0.373904221241864,43,117078000,United States,875839060.7350001,USD
NET,"Cloudflare, Inc.",284.43,USD,101007558552.35115,USD,-2.9116602949207993,4.810686319668358,9.744381209607406,30.940981493416817,71.99612989054846,43.00150829562594,35.79851993315828,141.08323444651634,,Technology services,Information technology services,US18915M1071,0,0,321185000,United States,893001121.507667,USD
PNC,"PNC Financial Services Group, Inc. (The)",252.76,USD,100851238071.90947,USD,-1.0220464424168907,1.1971013332265608,-0.9405862987929164,14.791770743448836,4.962418504214937,21.094236573563936,33.55172778188735,33.48824927383153,13.90211974875422,Finance,Major banks,US6934751057,2.78027959431413,46,399000000,United States,497035862.76999986,USD
PWR,"Quanta Services, Inc.",667.84,USD,100405323994.16074,USD,-2.2181876747829365,3.221020092735708,1.1020951919583515,-12.318983286725214,36.483282923240424,57.15731262501472,72.03503348789285,613.5042735042736,76.48978937361845,Industrial services,Engineering & construction,US74762E1029,0.0629584620565455,8,150343000,United States,884276993.999,USD
USB/PH,U.S. Bancorp Depositary Shares repstg 1/1000th Pfd Ser B,18.69,USD,100039178574,USD,-0.5851063829787203,0.21447721179626114,0.8634646519158129,-0.7434944237918057,-3.2107716209217894,4.296874999999997,-9.447674418604649,-25.47846889952152,3.7291990901472527,Finance,Major banks,US9029731554,3.23937081451487,40,1558000000,United States,1195503.9271233333,USD
USB/PQ,"U.S. Bancorp Depositary Shares, Each Representing a 1/1,000th Interest in a Share of Series L Non-Cumulative Perpetual Preferred Stock",14.24,USD,100039178574,USD,-0.9735744089012557,-0.48916841369671754,-3.195105370496265,-5.944517833553502,-7.291666666666662,-7.291666666666662,-8.659397049390634,-42.99439551641313,2.841294544874097,Finance,Major banks,US9029737346,3.23937081451487,40,1558000000,United States,665476.5319800002,USD
USB/PP,"U.S. Bancorp Depositary Shares each representing a 1/1,000th interest in a share of Series K Non-Cumulative Perpetual Preferred Stock",21.485,USD,100039178574,USD,-0.34786641929498746,0.9633458646616461,-0.06976744186046777,-3.6547085201793776,-7.750107342206955,-4.93362831858408,-7.708498893876584,-22.826867816091955,4.286882956223313,Finance,Major banks,US9029737593,3.23937081451487,40,1558000000,United States,1088046.4804799997,USD
USB/PS,"U.S. Bancorp Depositary Shares, each representing a 1/1,000th interest in a share of Series O Non-Cumulative Perpetual Preferred Stock",17.11,USD,100039178574,USD,-0.8690614136732451,-0.983796296296306,-2.3401826484018273,-4.359977641140308,-7.363291824580398,-6.1437191442676955,-10.792492179353495,-30.728744939271255,3.413943094297458,Finance,Major banks,US9029736686,3.23937081451487,40,1558000000,United States,924128.2735566666,USD
USB/PR,"U.S. Bancorp Depositary Shares, Each Representing a 1/1,000th Interest in a Share of Series M Non-Cumulative Perpetual Preferred Stock",15.11,USD,100039178574,USD,-0.5921052631578938,-0.7227332457293114,-2.516129032258068,-5.20702634880803,-7.640586797066015,-7.584097859327229,-8.700906344410882,-41.47947327652982,3.0148848717027814,Finance,Major banks,US9029737189,3.23937081451487,40,1558000000,United States,1198167.0729999994,USD
USB/PA,"U.S. Bancorp Depositary Shares, Each representing a 1/100th interest in a share of Series A Non-CumulativePerpetual Pfd Stock",767,USD,100039178574,USD,-0.3805411375762878,0.6561679790026247,-0.03258390355164549,-0.8659687217267733,-1.1674355075638412,-0.7761966364812419,-7.3727431918362365,-20.927835051546392,153.03882836505846,Finance,Major banks,US9029738666,3.23937081451487,40,1558000000,United States,787897.0750133335,USD
USB,U.S. Bancorp,63.81,USD,99415978582.88336,USD,-0.6229559258682316,0.7420271550363101,0.8534850640113784,14.745549361625612,6.438698915763135,19.65122820176262,42.75167785234899,12.818246110325317,12.731952591883156,Finance,Major banks,US9029733048,3.23937081451487,40,1558000000,United States,537146995.1110001,USD
ING,"ING Group, N.V.",35.71,USD,99093953440.989,USD,-0.5846325167037886,3.5072463768115965,9.405637254901961,18.914418914418913,19.511378848728256,24.816497728067112,52.2814498933902,162.96023564064805,13.286947462420002,Finance,Major banks,US4568371037,2.99493040089087,12,2812610000,Netherlands,94590086.35533334,USD
FCX,"Freeport-McMoRan, Inc.",68.18,USD,98012827286.8203,USD,-1.7437671134169097,10.421538840266141,13.444259567387697,10.359339592101012,12.955599734923801,31.812469792170138,69.39130434782611,86.08078602620088,33.572976167027775,Non-energy minerals,Other metals/Minerals,US35671D8570,0.864677907479464,5,1437560000,United States,937677619.3,USD
SPOT,Spotify Technology S.A.,475.07,USD,97808525243.75911,USD,-1.484768678846199,-6.678845738307109,-4.0262626262626275,11.476910080720847,12.089752966991485,-18.913429371202295,-27.11190892632483,114.3140704651058,29.57781554878998,Technology services,Internet software/Services,LU1778762911,0,0,205882000,Sweden,897011839.3173332,USD
DUK,Duke Energy Corporation (Holding Company),123.9,USD,96605100885.34053,USD,0.4540295119182765,-4.072468256426131,-2.785406041584933,-0.9117082533589256,-0.080645161290318,5.734767025089605,-0.6016847172081828,15.341649599702109,18.966704936854192,Utilities,Electric utilities,US26441C2044,3.45386735852116,46,779702000,United States,504128956.7056666,USD
RACE,Ferrari N.V.,407.28,USD,96289473507.21292,USD,0.11799410029497576,4.430769230769224,2.28796745108872,18.75091115841034,22.648839100189715,9.761224599795174,-7.265648124957314,84.76613891031164,38.66498341941025,Consumer durables,Motor vehicles,NL0011585146,1.02553191489362,11,175916031,Italy,201845647.03166664,USD
DUK/PA,"Duke Energy Corporation Depositary Shares, each representing a 1/1,000th interest in a share of 5.75% Series A Cumulative Redeemable Perpetual Preferred Stock",24.5,USD,96168467661,USD,-0.284900284900286,0.2044989775051154,-1.090028259991924,-2.545743834526653,-2.5844930417494973,-2.053283014040363,-1.764234161988778,-14.723285764009749,3.750478377344049,Utilities,Electric utilities,US26441C5013,3.45386735852116,46,779702000,United States,2287450.519000001,USD
BCS,Barclays PLC,28.18,USD,95732523083.75801,USD,-0.9838369641602288,3.3370003667033377,1.148600143575019,17.809364548494973,7.721712538226297,8.42631781454406,44.88431876606684,174.65886939571152,10.3992914606244,Finance,Investment banks/Brokers,US06738E2046,1.5705340829234,35,3369550000,United Kingdom,142350426.2556667,USD
KKR/PD,KKR & Co. Inc. 6.25% Series D Mandatory Convertible Preferred Stock,44.1701,USD,94860275876,USD,-1.9531631520532726,3.128881625029184,6.308455077137833,2.2456018518518404,-1.3399597945052606,-14.86923002794642,-22.167224669603527,-10.857517658930371,14.072288772779407,Finance,Investment managers,US48251W5004,0.709891150023663,16,897873000,United States,8192517.815786665,USD
CNQ,Canadian Natural Resources Limited,45.45,USD,94553585167.611,USD,1.5642458100558723,-1.1956521739130372,14.714790509843528,1.65511071348692,19.385342789598116,34.88648167383886,43.14960629921261,176.45985401459853,13.627606592791043,Energy minerals,Integrated oil,CA1363851017,3.85839299920445,25,2080389999.9999998,Canada,323056751.17633337,USD
ITUB,Itau Unibanco Banco Holding SA,8.18,USD,93641161228.04721,USD,-0.3654080389768713,-0.24390243902438508,-1.4457831325301322,-2.2700119474312968,-6.727480045610033,12.362637362637354,26.128713405293798,95.65543565159534,10.660758503844649,Finance,Major banks,US4655621062,6.48572021138977,25,5404133350,Brazil,162169448.40699998,USD
JCI,Johnson Controls International plc,154.55,USD,93617347596.84802,USD,0.5857468272046896,7.304033881830181,8.126071291146332,9.882687522218275,13.597941933112825,28.299850572804267,47.42917103882478,113.93964562569217,26.86657974793568,Producer manufacturing,Industrial machinery,IE00BY7QL619,1.04132769280833,35,605741000,Ireland,608327039.0310001,USD
MMM,3M Company,180.71,USD,93196198029.3064,USD,-0.7524165202108988,1.7453972186250741,13.078030160815972,24.868711995577673,8.22254162175112,12.873204247345418,20.25687096559526,9.062920804661058,32.08629261363637,Producer manufacturing,Industrial conglomerates,US88579Y1010,1.65861159929701,46,515722000,United States,615008126.697,USD
KKR,KKR & Co. Inc.,103.35,USD,92795168119.11594,USD,-2.1769995267392437,2.692766295707466,7.187305538270062,3.31900429871038,0.7702808112324415,-19.809124767225327,-27.858439201451905,52.975133214920056,32.92659615139544,Finance,Investment managers,US48251W1045,0.709891150023663,16,897873000,United States,417985701.168,USD
EQNR,Equinor ASA,39.46,USD,92637026800.43214,USD,3.488067138735899,-2.2057001239157388,20.341567551082655,6.9956616052060685,47.45889387144992,65.45073375262054,54.62382445141067,94.19291338582677,10.738583791433081,Energy minerals,Integrated oil,US29446M1027,2.98583792289536,25,2390750000,Norway,140695552.52333343,USD
MRSH,Marsh,193.29,USD,92240167583.7504,USD,0.9505405546560782,-0.34543204784492465,8.705922051628137,16.76332004349402,2.6609305289993577,4.81535708475679,-3.7592113124875577,27.795041322314045,23.65213773524877,Finance,Insurance brokers/Services,US5717481023,1.9271948608137,46,477211000,United States,493899353.5399999,USD
LYG,Lloyds Banking Group Plc,6.19,USD,91545015984.189,USD,-0.9599999999999936,0.48701298701299106,1.475409836065586,13.162705667276063,5.272108843537423,14.629629629629628,43.619489559164755,142.74509803921572,14.469378214118748,Finance,Major banks,US5394391099,3.128528,12,14514816570,United Kingdom,105147022.98666665,USD
WM,"Waste Management, Inc.",229.01,USD,91538772247.93477,USD,2.0953145200838073,-0.43909225284758685,-2.0864508957202084,3.685425816090907,0.8232807959848573,4.408680587216188,-0.5342251563585902,54.39223353333781,32.41701465071838,Industrial services,Environmental services,US94106L1098,1.57817306406313,28,399715000,United States,488088813.95299995,USD
CMI,Cummins Inc.,643.98,USD,88653178106.29582,USD,-0.9642445213379442,2.370165482378744,-2.7440912180019574,-6.630322889330301,17.12560474337055,26.159271231266537,71.31683958499602,180.17402653904722,33.42624456936421,Producer manufacturing,Auto parts: OEM,US2310211063,1.23029603998462,46,137664000,United States,719060284.7439998,USD
HCA,"HCA Healthcare, Inc.",408.89,USD,88525299603.67296,USD,-0.1830875891026267,1.5497330187507785,-2.9916963226571798,-5.666166801245819,-20.449416342412455,-12.217689995706317,12.335503722629737,63.56908552684215,13.689489736816554,Health services,Hospital/Nursing management,US40412C1018,0.732350356410507,8,216501000,United States,650406320.1059996,USD
SHW,Sherwin-Williams Company (The),363.42,USD,88223170013.89726,USD,-1.6933564163600927,5.068085229408202,2.8644211718086625,12.447786131996663,0.05230845469812453,12.426914153132255,3.2560518240709277,22.963965488073082,33.50543027308097,Process industries,Industrial specialties,US8243481061,0.860203419173339,46,242758000,United States,820021887.1626668,USD
WMB,"Williams Companies, Inc. (The)",71.76,USD,87774495414.05598,USD,-0.06962818548948219,2.2222222222222254,-2.181025081788433,-1.8331053351573041,6.122448979591837,19.38113458659126,22.16547497446374,184.8749503771338,28.645563051375195,Industrial services,Oil & gas pipelines,US9694571004,2.85475560506893,46,1223170000,United States,549195709.5566666,USD
UPS,"United Parcel Service, Inc.",103.2,USD,87720642525.88301,USD,-4.178272980501393,-1.8964779694852327,-6.791907514450863,2.4520996723915407,-11.260157358441893,3.9274924471299153,18.89400921658987,-46.18553475517547,19.211079878627675,Transportation,Air freight/Couriers,US9113121068,6.09099350046425,27,746582000,United States,565866843.525,USD
EMR,Emerson Electric Company,156.91,USD,87524396742.55666,USD,-3.422170246814798,5.104159689195529,12.006567206795626,10.05821701620257,2.6965115518031317,17.773774675373424,19.970945790962617,53.893683797567675,34.28752485632498,Electronic technology,Electronic equipment/Instruments,US2910111044,1.34947990398227,46,557800000,United States,430470997.96933323,USD
VLO,Valero Energy Corporation,302.99,USD,87239145245.19789,USD,0.1984192598961681,2.219898114098709,13.022232169501653,28.8168020067174,54.681437614866255,85.59877488514549,119.46255251339997,355.0082594984232,12.568444282206148,Energy minerals,Oil refining/Marketing,US91913Y1001,1.56420516551473,37,287927000,United States,861895231.0820001,USD
BAM,Brookfield Asset Management Inc,53.17,USD,87104582364.30621,USD,1.0260307809234261,12.031184155077963,13.611111111111121,8.135041692088672,6.938857602574423,1.488833746898265,-13.978320660087364,63.34869431643627,31.550492180557352,Finance,Investment managers,CA1130041058,3.50835976684289,4,1638206700,United States,119828100.523,USD
RCL,Royal Caribbean Cruises Ltd.,320.55,USD,85969903340.78201,USD,-2.0982224665567175,0.4858934169279033,12.0765008216496,14.135659604771226,-2.651239067055382,15.098743267504492,2.1608184338847023,306.99593702387,19.79754684585644,Consumer services,Hotels/Resorts/Cruise lines,LR0008862868,1.52709058701362,2,268195000,United States,742757657.1346664,USD
AEM,Agnico Eagle Mines Limited,167.92,USD,85551391491.95023,USD,1.4928981565427615,14.519538975653,8.897535667963684,-11.392538652313865,-13.705740274423155,-1.3627819548872306,24.61595547309832,178.4742951907131,14.755413036277368,Non-energy minerals,Precious metals,CA0084741085,1.0117890204521,37,509477080,Canada,398309212.8006668,USD
ELV,"Elevance Health, Inc.",391.4,USD,84882639245.04805,USD,0.04089561394539622,5.365170807871416,-5.195591619232177,4.029342972570691,18.606060606060602,11.589451176051313,41.80645628781566,3.10853530031611,17.396251405611782,Health services,Managed health care,US0367521038,1.75339944790921,15,216869000,United States,611234089.7896665,USD
ITW,Illinois Tool Works Inc.,294.7,USD,84785195686.44525,USD,-0.8812054352213119,-0.5198487712665475,7.187022623117768,15.072237407262772,1.7399710004833127,19.481046016622738,14.830112219451372,29.601125819077357,26.7100504835362,Producer manufacturing,Auto parts: OEM,US4523081093,2.16601641329208,46,287700000,United States,416974632.3779999,USD
ICE,Intercontinental Exchange Inc.,149.75,USD,84068819859.91557,USD,-0.06006406833956447,-3.4057924272721416,11.255572065378905,-4.055612506406979,-11.8339711510156,-7.183587455063843,-20.277896081771722,24.90616398365168,21.14844158228474,Finance,Investment banks/Brokers,US45866F1049,1.33475707421249,13,561395000,United States,665759614.4723333,USD
MPC,Marathon Petroleum Corporation,299.25,USD,84036802711.32242,USD,0.5037783375314862,-1.85306657920629,11.806463665234457,23.554913294797693,52.06565374256822,83.75805956401597,76.37178051511759,421.8869898848971,10.30280077808955,Energy minerals,Oil refining/Marketing,US56585A1025,1.31318219983207,15,280825000,United States,646635052.4566667,USD
PSX,Phillips 66,205.52,USD,82400168211.32166,USD,1.4663046161441613,0.25365853658537085,15.092120736965907,22.275107091861017,32.842091655355176,59.31782945736435,67.2253864930838,176.4223268325488,11.70120701434753,Energy minerals,Oil refining/Marketing,US7185461040,2.43890397432733,14,400935000,United States,514030635.23433363,USD
EPD,Enterprise Products Partners L.P.,38.05,USD,82321874380.5872,USD,0.8748674443266127,-2.983171851096384,3.848253275109161,0.8481314603763591,8.714285714285706,18.535825545171324,22.150882825040124,71.55094679891793,13.226041920122352,Industrial services,Oil & gas pipelines,US2937921078,5.8457051961824,28,2163520000,United States,117379314.87966666,USD
MCO,Moody's Corporation,473.13,USD,81946116416.44981,USD,-2.241828174717968,-1.2069073521120939,-5.649503449926212,3.5068912710566553,2.5244864349484217,-7.178450914227425,-8.462476057809509,22.331678560347502,30.001712100747618,Commercial services,Financial publishing/Services,US6153691059,0.814083226579611,46,173200000,United States,454568631.2396667,USD
ASX,"ASE Technology Holding Co., Ltd.",37.25,USD,80951184470.3047,USD,1.277868406742792,15.253712871287128,-6.921539230384815,11.929086538461535,85.13916500994036,123.45530893821234,282.8365878725591,297.5453575240129,43.384579548101556,Electronic technology,Semiconductors,US00215W1009,0.814915715062534,20,2198814500,Taiwan,422833782.61266655,USD
NOC,Northrop Grumman Corporation,567.74,USD,80654862717.09538,USD,1.8422516009830092,7.309051732284944,3.030632984901286,2.3010252806457974,-19.125356125356124,-0.32479502800260235,-3.772881355932202,57.76690935363752,18.001832715558105,Electronic technology,Aerospace & defense,US6668071029,1.68618939135738,46,142063000,United States,510518618.0983334,USD
TRV,"The Travelers Companies, Inc.",386,USD,80509957281.97151,USD,0.9282259118839095,-0.06989929324047475,12.36936333731187,28.7052782501417,27.78072033898306,33.744499497591896,44.721055788842214,154.1814829448176,10.335778932148022,Finance,Property/Casualty insurance,US89417E1091,1.18969799973853,46,208575000,United States,730557764.4956666,USD
NGG,"National Grid Transco, PLC National Grid PLC (NEW)",80.41,USD,80376965809.47351,USD,0.18689259905306685,0.08712969878017572,-3.5041401656066262,-7.723204039476709,-8.562656356606778,2.8523919160910585,10.864469874534668,23.366063209573472,18.42026893913362,Utilities,Electric utilities,US6362744095,3.99887864440568,31,1005360000,United Kingdom,69748956.14233331,USD
ECL,Ecolab Inc.,283.46,USD,79776274091.57785,USD,-0.7041020072161864,0.5177304964538935,-1.247212931995555,10.047363925770632,-1.4360721860982635,8.522205206738128,5.998055493231607,29.57579082099104,38.00343218748324,Process industries,Chemicals: specialty,US2788651006,0.994850597260658,46,281438000,United States,368646995.55633336,USD
AMT,American Tower Corporation (REIT),171.2,USD,79772364462.85477,USD,1.8623192717320138,-3.4404963338973618,4.244047981489374,-4.798976811433033,-0.9087225791514855,-2.3165582563049196,-18.669833729216155,-39.16133617626154,23.539440938277714,Finance,Real estate investment trusts,US03027X1000,4.15303147498066,14,465960000,United States,595237391.1709999,USD
CP,Canadian Pacific Kansas City Limited,90.25,USD,79336896528.13843,USD,-1.3121924548933874,-1.095890410958904,1.7474633596392302,6.176470588235294,13.664987405541556,22.240281728294736,19.425698028318127,22.025419145484058,29.775635882211347,Transportation,Railroads,CA13646K1084,0.743691899070385,25,879079000,Canada,262553112.3186666,USD
MSI,"Motorola Solutions, Inc.",474.07,USD,78693524848.42488,USD,8.2005751586251,9.447073761976226,10.665764041271768,13.685851318944842,12.578959867014953,23.674736512574352,9.320880894730779,110.44524348559506,38.219430985415876,Electronic technology,Telecommunications equipment,US6200763075,1.07728123430867,15,165996000,United States,409967317.12000006,USD
E,ENI S.p.A.,54.27,USD,78000591901.97159,USD,2.7257240204429394,-0.5679736167094085,15.936765648365736,0.8923591745677709,29.95689655172415,41.47549530761211,56.03795284646349,123.70156636438581,13.61549461853032,Energy minerals,Oil refining/Marketing,US26874R1086,3.19469430247965,31,1457204661.5,Italy,22022220.087666664,USD
NSC,Norfolk Southern Corporation,342.46,USD,76919379480.28207,USD,0.2106864868028239,2.4562453253552667,5.697530864197525,9.88609016524948,12.848057468613026,18.54339021772993,22.06736767064693,34.56188605108054,29.235602451808973,Transportation,Railroads,US6558441084,1.58014865102124,46,224608000,United States,358545868.65533334,USD
AON,Aon plc,360.75,USD,76524253642.71396,USD,0.21668472372696965,-1.753860399248345,0.20833333333333334,15.255591054313099,4.653186736677213,2.7426520847573466,-0.6745594713656357,36.88104723961297,19.891266589840154,Finance,Insurance brokers/Services,IE00BLP1HW54,0.848681834597328,40,212125000,Ireland,540381061.2516665,USD
SLB,SLB Limited,51.54,USD,76492745991.79764,USD,3.2658785814466094,4.628501827040197,11.873236379422615,-3.0838661150808586,4.121212121212119,34.183806300442605,52.53033441846701,81.7989417989418,25.01698864187943,Industrial services,Contract drilling,AN8068571086,2.32418353035464,46,1484140000,United States,629281900.1643335,USD
NWG,NatWest Group plc,19.04,USD,76407436038.34651,USD,-0.9365244536940672,4.1006014215418265,4.788112272977421,19.8237885462555,5.6017748197448585,6.786315199102641,35.3233830845771,198.1541688811608,9.52,Finance,Major banks,US6390572070,4.44845473465141,8,3974870000,United Kingdom,79745573.05299999,USD
CNI,Canadian National Railway Company,126.4,USD,76358239782.86162,USD,-0.8938372275364596,-2.030692915827007,3.572599147820386,14.027965719440697,26.400000000000006,27.780024262029926,33.60109924955079,16.326154978833067,23.06359245522744,Transportation,Railroads,CA1363751027,2.01723462593028,30,604100000,Canada,201782690.18833333,USD
GM,General Motors Company,86.94,USD,76285639854.44214,USD,-2.4899057873485857,-3.1201248049921966,11.86309830159547,9.869834449639837,4.069906631553736,6.792777300085986,64.87767874075479,58.620689655172406,43.851508120649655,Consumer durables,Motor vehicles,US37045V1008,0.740242261103634,4,877452000,United States,601153332.8083333,USD
APO,"Apollo Global Management, Inc. (New)",127.99,USD,75655537465.56712,USD,-1.3488515492523616,7.302146210596909,5.038982355354944,-0.11705946620882744,-1.0896445131375663,-11.737121577822217,-12.628848385555337,107.4056068708475,84.16518708489511,Finance,Investment managers,US03769M1062,1.61284106674888,15,591105000,United States,565696601.5283332,USD
CVNA,Carvana Co.,68.34,USD,75205699579.81863,USD,-1.6407599309153722,15.928753180661577,-2.82260931389975,-15.66086634579785,-12.689084219133282,-18.966989186112684,-2.695314168553245,-6.498837050212067,31.70052880601169,Retail trade,Specialty stores,US1468691027,0,0,719916000,United States,728974562.9316669,USD
FDX,FedEx Corporation,315.87,USD,74728901415.6689,USD,1.657440782698242,1.4745566692367105,1.3085730780332865,3.71470221732082,7.739885535082698,35.762771348122065,75.57039443923064,41.77878890234905,17.039974105842372,Transportation,Air freight/Couriers,US31428X1063,1.79261071060762,24,236581000,United States,554108095.1626666,USD
MFC,Manulife Financial Corporation,44.58,USD,74399136984.24696,USD,0.29246344206973107,0.7913181098801751,7.86353738204694,12.06636500754147,18.18663838812301,22.50618301731244,43.80645161290322,124.81089258698943,17.11409519644432,Finance,Life/Health insurance,CA56501R1064,2.96284433055733,26,1668890000,Canada,72922159.19733335,USD
CL,Colgate-Palmolive Company,93,USD,74137068548.57419,USD,-0.3001715265866221,0.4102785575469612,-2.3416990444187795,6.079616744610468,-1.5352038115405007,17.8259217027746,11.832611832611837,17.766240344434596,36.78942996162823,Consumer non-durables,Household/Personal care,US1941621039,2.25128644939966,46,797173000,United States,442457720.39000046,USD
AMX,"America Movil, S.A.B. de C.V.",23.92,USD,73759753188.93636,USD,-0.41631973355536167,-4.510978043912171,-7.573415765069541,-11.407407407407401,11.30758492322012,15.166104959075602,29.507309149972944,39.23166472642609,14.413980114492318,Communications,Wireless telecommunications,US02390A1016,2.46756869275604,24,3060600000,Mexico,47628070.09466667,USD
SPG/PJ,"Simon Property Group, Inc. Simon Property Group 8 3/8% Series J Cumulative Redeemable Preferred Stock",54.94,USD,72901817955,USD,0.11626169450508696,-0.10909090909091322,0.9740856460209542,1.665433012583269,1.2345679012345578,2.8453762635716884,2.672397682676135,-23.96900083033491,10.052881008581728,Finance,Real estate investment trusts,US8288068856,3.91441661847783,32,324282000,United States,85850.88152000001,USD
CI,The Cigna Group,275.25,USD,72732200110.89926,USD,1.756007393715342,-3.7587412587412588,-3.9367605486336417,-3.6475653726327635,-2.985337656844786,-0.5096508349598875,1.6507866164414018,32.874728457639385,11.383233458641953,Health services,Managed health care,US1255231003,2.26987060998152,46,264240000,United States,533214413.7646666,USD
HLT,Hilton Worldwide Holdings Inc.,321.98,USD,72466399463.27156,USD,-0.7949223564209958,0.2834272899990734,-5.416838023617883,0.08392651767120657,4.180418041804185,12.2389932722139,23.967196704269817,153.98753648339516,47.3103428008875,Consumer services,Hotels/Resorts/Cruise lines,US43300A2033,0.184865664283954,4,225065000,United States,813666458.6226666,USD
SU,Suncor Energy Inc.,61.35,USD,72438722685.9975,USD,-2.340019102196751,-5.702428527513066,10.600324499729588,-3.416246851385393,15.645617342130075,38.675406871609404,55.395136778115514,210.63291139240508,11.624898132921984,Energy minerals,Integrated oil,CA8672241079,2.68951429868361,33,1180750000,Canada,266358041.3156667,USD
URI,"United Rentals, Inc.",1162.66,USD,72366854531.39084,USD,0.053354445630108965,8.564438717388466,6.465821162034717,22.865083642435206,35.17730496453901,43.43379513687562,33.74823131521128,252.32121212121217,27.934120586716002,Finance,Finance/Rental/Leasing,US9113631090,0.647137792158618,3,62242500,United States,544018474.7510002,USD
DLR/PK,"Digital Realty Trust, Inc. 5.850% Series K Cumulative Redeemable Preferred Stock, par value $0.01 per share",21.875,USD,72131152556,USD,-0.2052919708029275,-0.38706739526412043,-2.5178253119429646,-4.517677869925797,-6.914893617021277,-8.43449141900377,-9.756600660066,-21.81915654038599,10.640626520089503,Finance,Real estate investment trusts,US2538688308,2.50346278151131,22,370036000,United States,413375.2045999999,USD
DLR/PJ,"Digital Realty Trust, Inc. 5.250% Series J Cumulative Redeemable Preferred Stock",19.67,USD,72131152556,USD,-0.45546558704453366,-0.5561172901921103,-2.430555555555548,-4.929917834702753,-3.7200195790504065,-5.432692307692303,-9.313047487321343,-25.03810975609755,9.56805136686448,Finance,Real estate investment trusts,US2538688555,2.50346278151131,22,370036000,United States,264916.35613333335,USD
DLR/PL,"Digital Realty Trust, Inc. 5.200% Series L Cumulative Redeemable Preferred Stock",19.5899,USD,72131152556,USD,-0.05153061224490474,-0.15341488277268553,-1.4592555331991899,-3.7824165029469516,-4.672019464720197,-4.672019464720197,-7.3325449385052055,-29.860723236663087,9.529088432726919,Finance,Real estate investment trusts,US2538688225,2.50346278151131,22,370036000,United States,592008.97745,USD
SPG,"Simon Property Group, Inc.",221.83,USD,71935457839.76537,USD,-1.3255638094390774,-5.604255319148931,-1.8755252797805904,9.691934925579798,10.920546027301366,20.252615601452817,30.48823529411765,64.85582639714627,40.590291120016104,Finance,Real estate investment trusts,US8288061091,3.91441661847783,32,324282000,United States,430519527.69500005,USD
BSX,Boston Scientific Corporation,49.3,USD,71447016477.3146,USD,3.26770004189358,8.902142699359386,8.59030837004405,-12.480028404047578,-36.172967374417404,-48.49561220225658,-53.04761904761905,10.266159695817482,19.991079031669436,Health technology,Medical specialties,US1011371077,0,0,1449230000,United States,938837904.4910003,USD
EOG,"EOG Resources, Inc.",136.2,USD,71440871334.47516,USD,1.467630186992475,-5.238989772490087,4.624366262098619,4.343829004826467,20.766093278950155,29.714285714285705,14.492266308002687,89.61436725602115,10.595181603902013,Energy minerals,Integrated oil,US26875P1012,3.03955896595396,37,524529000,United States,445446867.15833336,USD
DLR,"Digital Realty Trust, Inc.",192.56,USD,71254166809.5386,USD,-1.2158210639716844,-0.9312136646601853,10.979194282750282,-1.357512422519341,14.878892733564014,24.52146921883085,11.661351116265593,23.594351732991008,93.66669909524272,Finance,Real estate investment trusts,US2538681030,2.50346278151131,22,370036000,United States,665961846.5029999,USD
ET,Energy Transfer LP,20.67,USD,71128760777.81711,USD,1.622418879056056,2.0236920039486677,6.272493573264794,4.870624048706245,16.123595505617985,25.653495440729497,14.135836554389853,125.65502183406116,17.368288379127808,Industrial services,Oil & gas pipelines,US29273V1008,6.56342182890856,20,3441160000,United States,179531602.91766664,USD
DB,Deutsche Bank AG,37.63,USD,70491494685.57814,USD,-1.0778128286014632,3.8928768636112747,0.4270082732853048,17.33707514811351,2.436368585817349,-4.346720894763601,8.788667244868455,196.76656151419562,9.971018940651337,Finance,Investment banks/Brokers,DE0005140008,3.04599451720987,5,1879080000,Germany,71003777.56266667,USD
HPE/PC,Hewlett Packard Enterprise Company 7.625% Series C Mandatory Convertible Preferred Stock,135.22,USD,70474111419,USD,-2.0109424254502013,13.496726540204799,21.08892271872481,68.1213477558125,109.44857496902107,103.95173453996983,132.0178448867536,169.9001996007984,127.1701307251011,Electronic technology,Computer processing hardware,US42824C2089,1.04753851935363,10,1324200000,United States,19910234.05383333,USD
SE,Sea Limited,111,USD,70380598666,USD,-3.40266295361587,5.1833601819387845,5.714285714285714,29.370629370629377,0.8540795929492982,-15.608606401581389,-27.09838434257191,-63.605364110298694,42.56624611726809,Retail trade,Internet retail,US81141R1005,0,0,566956729,Singapore,482805313.9363333,USD
ET/PI,Energy Transfer L.P. Series I Fixed Rate Perpetual Preferred,11.48,USD,69993178240,USD,-0.17391304347825717,-0.17391304347825717,0.1745200698080242,-2.711864406779663,-1.2048192771084234,0.1745200698080242,0.34965034965035774,22.127659574468083,9.646248214435763,Industrial services,Oil & gas pipelines,US29273V7047,6.56342182890856,20,3441160000,United States,786535.0526733331,USD
TDG,Transdigm Group Inc.,1262.07,USD,69762839954.95435,USD,0.5865897298977374,-0.20006326111023034,-6.717863055818362,1.5546167773083834,-0.8578229208399181,-5.038260987336632,-12.11211699164346,100.23004553315036,38.27063907209461,Electronic technology,Aerospace & defense,US8936411003,0,0,55276500,United States,527031281.77400017,USD
KMI,"Kinder Morgan, Inc.",31.28,USD,69654368499.92288,USD,0.5141388174807203,-1.231449321124094,-2.2194435761175284,-0.8243500317057642,2.860901019401516,13.786831575118235,15.403062165652095,82.49708284714119,20.17804154302671,Industrial services,Oil & gas pipelines,US49456B1017,3.77570694087404,15,2226800000,United States,326413591.16600007,USD
ALL,Allstate Corporation (The),275.11,USD,69563751293.58533,USD,3.975962810385895,1.7832698213030422,8.915634031434344,28.130967351311075,27.95813953488373,32.87770479134468,32.92906841901817,113.97682196468851,5.494002947602178,Finance,Multi-line insurance,US0200021014,1.57224384897388,33,257421000,United States,423007609.9006668,USD
HPE,Hewlett Packard Enterprise Company,52.43,USD,69427990636.94418,USD,-1.4844043592634333,13.264203931734716,20.681321210726207,74.76666666666667,127.16637781629117,115.93904448105437,163.99798590130916,254.49628127112916,49.30875576036867,Electronic technology,Computer processing hardware,US42824C1099,1.04753851935363,10,1324200000,United States,874466555.9693332,USD
B,Barrick Mining Corporation,41.37,USD,69315784738.37636,USD,0.7795371498172967,11.149919398173022,9.473405662873772,-2.3601604909133824,-7.841390064602368,-6.286102616377859,82.97213622291021,99.3734939759036,11.459197146145035,Non-energy minerals,Precious metals,CA06849F1080,2.19293597084852,39,1675510000,Canada,310452652.76166654,USD
NU,Nu Holdings Ltd.,14.12,USD,68206438800.64364,USD,-2.4861878453038755,0.14184397163120266,0.4267425320056808,-1.2587412587412692,-17.763541059988363,-17.23329425556858,14.239482200647247,25.511111111111106,21.76996608078939,Finance,Regional banks,KYG6683N1034,0,0,3807883800,Brazil,1220262662.0383334,USD
BE,Bloom Energy Corporation,228.96,USD,67434981151.709114,USD,-2.2916399948790187,22.93154362416108,-20.08376963350785,-15.581446795959005,49.38344098649442,152.798940046373,502.36779794790846,948.3516483516484,311.97710859790163,Electronic technology,Electronic production equipment,US0937121079,0,0,294527000,United States,4116546678.904333,USD
ALL/PB,Allstate Corporation (The) 5.100% Fixed-to-Floating Rate Subordinated Debentures due 2053,25.5401,USD,66903685633.99999,USD,0.0003915426781510061,0.3540275049115899,0.3540275049115899,-1.0457187136768686,-2.4442322383498887,-1.0073643410852782,-1.768846153846158,-6.171565025716386,0.5100410187999505,Finance,Multi-line insurance,US0200023093,1.57224384897388,33,257421000,United States,1062878.0721066666,USD
ALL/PJ,"Allstate Corporation (The) Depositary Shares each representing a 1/1,000th interest in a share of Fixed Rate Noncumulative Perpetual Preferred Stock, Series J",25.88,USD,66903685633.99999,USD,-0.11578541103821358,-0.4998077662437622,-0.8808885484488718,-1.183657884688821,-2.5969138125705733,-1.6343595591030016,-4.431314623338254,2.739182215164739,0.5168288912941891,Finance,Multi-line insurance,US0200027888,1.57224384897388,33,257421000,United States,1467768.7019999993,USD
ALL/PH,"Allstate Corporation (The) Depositary Shares each representing a 1/1,000th interest in a share of Fixed Rate Noncumulative Perpetual Preferred Stock, Series H",19.19,USD,66903685633.99999,USD,-0.6214396685654969,-0.7755946225439431,-4.1937094358462295,-7.696007696007685,-10.452636490900598,-8.922638822971043,-11.444393170281497,-30.79697078975838,0.38322822349055213,Finance,Multi-line insurance,US0200028381,1.57224384897388,33,257421000,United States,2274339.5426666676,USD
ALL/PI,"Allstate Corporation (The) Depositary Shares each representing a 1/1,000th interest in a share of Fixed Rate Noncumulative Perpetual Preferred Stock, Series I",18.01,USD,66903685633.99999,USD,-0.7166482910694543,-0.825991189427305,-3.379828326180252,-6.051121544079291,-8.112244897959183,-7.546201232032848,-9.904952476238105,-34.50909090909091,0.35966338223370736,Finance,Multi-line insurance,US0200028126,1.57224384897388,33,257421000,United States,563189.6217889999,USD
TGT,Target Corporation,147.08,USD,66802430254.23155,USD,-0.4197698036560434,2.068008327550325,15.275491809702961,15.03206632254029,31.8275522093753,50.21958941885407,42.14748236203732,-43.847592868323595,19.408558873596284,Retail trade,Specialty stores,US87612E1064,3.08733920108328,46,454191000,United States,551164625.6643333,USD
APD,"Air Products and Chemicals, Inc.",299.92,USD,66787843813.3562,USD,1.6367887763055478,-2.8064035258279763,-3.2516129032258014,1.4031172870811897,6.113784319275414,22.27658186562297,2.3024183920592147,3.313813296589736,,Process industries,Chemicals: specialty,US0091581068,2.43993357958589,46,222686000,United States,390472649.88533324,USD
COHR,Coherent Corp.,334.22,USD,65386576448.38438,USD,1.8280421668393148,37.31588570019927,4.1443350367692915,2.5450640484774154,54.35274557797997,77.77659574468088,208.9766108902653,387.34324876057167,159.56268499952262,Electronic technology,Semiconductors,US19247G1076,0,0,195639000,United States,1603019557.7286675,USD
CRH,CRH PLC,97.66,USD,64971682791.42759,USD,-2.3400000000000034,-4.329937304075237,-9.077367098035564,-14.14505494505495,-21.172007425942372,-22.18326693227092,0.11276268580215217,91.8664047151277,17.2218597351297,Non-energy minerals,Construction materials,IE0001827041,1.52,46,665284500,United States,439249459.0146665,USD
AJG,Arthur J. Gallagher & Co.,251.74,USD,64672004148.77886,USD,0.2828347209496905,-6.759509611467091,-0.8897637795275555,25.312359998008873,3.0623106525833204,-2.0886002100268386,-12.108093010264648,80.49759804975982,41.652602667196135,Finance,Insurance brokers/Services,US3635761097,1.07556865713261,41,256899999.99999997,United States,389603711.5453333,USD
TFC/PI,Truist Financial Corporation Depositary Shares,18.04,USD,64562943900,USD,-0.5156202608432038,0.2222222222222175,-0.8791208791208799,-6.139438085327782,-9.072580645161294,-8.980827447023215,-14.461830251303939,-30.131680867544542,4.1416042977179846,Finance,Regional banks,US89832Q8107,3.9356669820246,42,1221630000,United States,636987.6066833335,USD
TFC/PR,"Truist Financial Corporation Depositary Shares, each representing 1/1,000th interest in a share of Series R Non-Cumulative Perpetual Preferred Stock",18.2,USD,64562943900,USD,-0.7633587786259572,-1.0869565217391266,-1.6747703943814276,-1.8338727076591148,-7.095456865747834,-5.454545454545459,-7.284768211920529,-31.784107946026985,4.178336930070251,Finance,Regional banks,US89832Q6952,3.9356669820246,42,1221630000,United States,1861641.6712333334,USD
TFC/PO,"Truist Financial Corporation Depositary Shares, Each Representing a 1/1,000th Interest in a Share of Series O Non-Cumulative Perpetual Preferred Stock",20.21,USD,64562943900,USD,-0.6879606879606908,-0.7854688267059408,-2.1307506053268654,-4.983544898918659,-8.88187556357078,-6.305053314789056,-8.136363636363633,-28.154994667614638,4.639790623995592,Finance,Regional banks,US89832Q7455,3.9356669820246,42,1221630000,United States,1025267.0634066665,USD
RSG,"Republic Services, Inc.",209.59,USD,64483318586.373726,USD,1.2414259491836503,-2.51627906976744,-4.095360117141022,2.564228040127237,-4.174286759326991,-0.4559487057706046,-9.717854835235839,77.42317785490562,30.047883931643536,Industrial services,Environmental services,US7607591002,1.20761279103468,23,307664000,United States,294536172.2176667,USD
AFL,AFLAC Incorporated,126.66,USD,64468025395.29452,USD,0.8760751831793521,-1.2936408977556084,4.67768595041322,11.44742630884293,7.5212224108658745,14.999092064644993,24.788177339901473,126.13818960899842,14.373581479800272,Finance,Multi-line insurance,US0010551028,1.89550812360624,46,508985000,United States,245108696.3326668,USD
MET,"MetLife, Inc.",99.95,USD,64311506347.06939,USD,3.833367961770203,2.597002668856499,9.883465259454717,26.438962681846938,31.79061181434599,26.615150747403096,33.12466702184337,66.75008341675009,19.126258180565657,Finance,Multi-line insurance,US59156R1086,2.38416787866196,26,643437000,United States,363240827.1093333,USD
TFC,Truist Financial Corporation,52.59,USD,64245321091.788086,USD,-0.4919583727530709,0.3817522427944318,2.554602184087368,6.220965461522937,-5.549568965517235,6.770886204446251,20.563961485557098,-6.689141234918375,12.073557096285413,Finance,Regional banks,US89832Q1094,3.9356669820246,42,1221630000,United States,401292316.85266674,USD
TRP,TC Energy Corporation,63.9,USD,63900000872.04538,USD,0.06263701847791912,-8.714285714285715,-4.953145917001347,-1.7225469086434906,6.446776611694149,16.16069805489911,30.19559902200489,43.457639602552284,27.200193423597682,Industrial services,Oil & gas pipelines,CA87807B1076,3.8616295965128,36,1000000000,Canada,175424854.87599993,USD
RELX,RELX PLC PLC,35.75,USD,63780297747.7285,USD,-2.349084949467357,-3.326122228231468,7.325127589312512,5.737947352854178,21.59863945578232,-12.269938650306749,-26.756812128662162,19.52524239384821,21.34455788405278,Commercial services,Miscellaneous commercial services,US7595301083,2.45443867795684,32,1745315338,United Kingdom,102797843.55499996,USD
NKE,"Nike, Inc.",42,USD,62306947103.74558,USD,-1.0600706713780985,-1.1764705882352942,-3.9341262580054868,-5.106190691369178,-33.3439136644977,-34.375,-43.60145024842218,-75.91190640055059,20.017157563625968,Consumer non-durables,Apparel/Footwear,US6541061031,3.83981154299175,43,1202110000,United States,1029442734.6186664,USD
TEL,TE Connectivity plc,215.08,USD,62268503310.83919,USD,-1.3485001376020538,1.4815513824667428,8.719607744022644,1.2617702448210955,0.7447655627898278,-6.649305555555553,6.086613396468385,44.37806269718737,21.083587385921405,Electronic technology,Semiconductors,IE000IVNQZ81,1.33473993211632,19,289513000,Ireland,538353400.89,USD
VALE,VALE S.A.,14.72,USD,62064432050.90921,USD,-1.4725568942436338,-1.8666666666666625,-0.9421265141318896,-10.571081409477522,-11.48526758869512,11.094339622641513,47.64292878635907,-30.598774163130596,31.04175453395192,Non-energy minerals,Steel,US91912E1055,6.08128514056225,24,4255763031.0000005,Brazil,328405479.3133333,USD
COR,"Cencora, Inc.",325.01,USD,62020741670.77866,USD,2.455708971691559,4.6562550313959035,7.894300036516937,27.90633608815427,-8.342028822019794,-3.609348122664457,15.206834213604616,166.51086510865107,24.16305471090724,Distribution services,Medical distributors,US03073E1055,0.740810793770884,24,194561000,United States,471734867.5723333,USD
NUE,Nucor Corporation,272,USD,61945536616.96149,USD,-0.9973065443692251,5.2713058286245085,22.555645670000903,19.293013464321746,44.38133658899093,64.6688461072769,96.06429755640454,163.8215324927255,21.70270485917179,Non-energy minerals,Steel,US6703461052,0.811676494139914,46,227741000,United States,363998778.9843333,USD
MET/PF,"MetLife, Inc. Depositary Shares, each representing a 1/1,000th interest in a share of 4.75% Non-Cumulative Preferred Stock, Series F",18.03,USD,61937224622,USD,-0.44174489232467307,-0.6063947078280013,-3.4796573875802923,-6.240249609984396,-8.244274809160293,-8.893380495199587,-11.356932153392325,-34.076782449725776,3.4501894446783274,Finance,Multi-line insurance,US59156R8503,2.38416787866196,26,643437000,United States,1932792.784163334,USD
MET/PE,"MetLife, Inc. Depositary Shares",21.93,USD,61937224622,USD,-0.4087193460490457,-0.3634711494775186,-3.3494931687968337,-4.361098996947231,-8.39598997493735,-7.973143096936629,-9.678747940691933,-20.485859318346627,4.196486662329213,Finance,Multi-line insurance,US59156R8768,2.38416787866196,26,643437000,United States,1601435.8211333326,USD
MET/PA,"MetLife, Inc. Preferred Series A Floating Rate",21,USD,61937224622,USD,0.19083969465648445,0.7194244604316478,-1.5471167369901468,-3.1811894882434357,-2.8227672373900945,-3.047091412742383,-12.133891213389118,-20.48466489965922,4.018523479658617,Finance,Multi-line insurance,US59156R5046,2.38416787866196,26,643437000,United States,845271.9815733334,USD
MPLX,MPLX LP,60.42,USD,61257318003.98515,USD,1.9058863214707413,4.496713939813215,5.38984824699111,9.456521739130432,7.146657208724953,13.48610067618332,18.100078186082886,118.12274368231047,13.00501517467014,Industrial services,Oil & gas pipelines,US55336V1008,7.06021251475797,13,1013860000,United States,85622080.82166669,USD
PSA/PO,"Public Storage Depositary Shares Each Representing 1/1,000 of a 3.900% Cumulative Preferred Share of Beneficial Interest, Series O",14.91,USD,61041007525,USD,-0.7323568575232985,0.13431833445264993,-1.4540647719762103,-2.6126714565643394,-4.910714285714283,-4.910714285714283,-6.167400881057271,-43.17835365853658,1.4218009478672984,Finance,Real estate investment trusts,US74460W4877,3.66591311785911,45,186476000,United States,285153.85585333337,USD
PSA/PI,"Public Storage Depositary Shares Each Representing 1/1,000 of a 4.875% Cumulative Preferred Share of Beneficial Interest, Series I, par value $0.01 per share",18.85,USD,61041007525,USD,-0.4226096143687179,1.0182207931404141,-1.1023027161452306,-3.084832904884308,-3.826530612244898,-2.7849406910778707,-5.037783375314861,-32.98992893733047,1.7975149475049348,Finance,Real estate investment trusts,US74460W6286,3.66591311785911,45,186476000,United States,592924.5724866666,USD
PSA/PK,"Public Storage Depositary Shares Each Representing 1/1,000 of a 4.75% Cumulative Preferred Share of Beneficial Interest, Series K",18.445,USD,61041007525,USD,-0.512405609492982,0.46296296296296763,-0.6196120689655089,-2.562070787110404,-3.580763199163611,-3.277399056109072,-4.775425916365517,-34.17201998572448,1.7588945998264467,Finance,Real estate investment trusts,US74460W5783,3.66591311785911,45,186476000,United States,371908.56429666653,USD
PSA/PG,"Public Storage Depositary Shares, Each Representing 1/1,000 of a 5.05% Cumulative Preferred Share of Beneficial Interest, Series G",19.69,USD,61041007525,USD,-0.8060453400503785,-0.45500505561172827,-2.3313492063492007,-3.1480570585341714,-6.2827225130890065,-2.7173913043478124,-5.8345289335246235,-25.893865261573197,1.8776164093566137,Finance,Real estate investment trusts,US74460W6690,3.66591311785911,45,186476000,United States,574453.3344999999,USD
PSA/PH,"Public Storage Depositary Shares Each Representing 1/1,000 of a 5.60% Cumulative Preferred Share of Beneficial Interest, Series H",21.36,USD,61041007525,USD,-0.5123428039124334,0.42313117066290484,-2.909090909090912,-4.855233853006681,-8.561643835616438,-6.806282722513099,-9.453158117846547,-24.0398293029872,2.0368657442284035,Finance,Real estate investment trusts,US74460W6443,3.66591311785911,45,186476000,United States,734964.4412666667,USD
PSA/PS,"Public Storage Depositary Shares Each Representing 1/1,000 of a 4.100% Cumulative Preferred Share of Beneficial Interest, Series S",15.65,USD,61041007525,USD,-0.6349206349206327,-0.19132653061224084,-1.5103838892385162,-2.9156327543424356,-4.514948139109214,-3.9877300613496947,-6.006006006005996,-37.02213279678069,1.4923665214033013,Finance,Real estate investment trusts,US74460W3960,3.66591311785911,45,186476000,United States,391340.38162,USD
PSA/PU,"Public Storage 6.000% Cumulative Preferred Shares of Beneficial Interest, Series U",23.25,USD,61041007525,USD,-0.7258753202391192,-25,-8.392434988179664,-8.392434988179664,-8.392434988179664,-8.392434988179664,-8.392434988179664,-8.392434988179664,2.2170940333946807,Finance,Real estate investment trusts,US74460W3622,3.66591311785911,45,186476000,United States,,
PSA/PL,"Public Storage Depositary Shares Each Representing 1/1,000 of a 4.625% Cumulative Preferred Share of Beneficial Interest, Series L, par value $0.01 per share",17.62,USD,61041007525,USD,-0.5081874647092031,0,-2.6519337016574607,-4.03050108932461,-6.624271330153682,-4.962243797195244,-8.987603305785115,-37.36224671169569,1.6802235212221195,Finance,Real estate investment trusts,US74460W5528,3.66591311785911,45,186476000,United States,869482.9759966665,USD
PSA/PQ,"Public Storage Depositary Shares Each Representing 1/1,000 of a 3.950% Cumulative Preferred Share of Beneficial Interest, Series Q, par value $0.01 per share",15.055,USD,61041007525,USD,-0.692612137203169,0.09973404255319528,-1.2786885245901658,-2.8082633957391896,-4.835651074589131,-4.715189873417728,-6.722428748451058,-39.41649899396379,1.4356279859250287,Finance,Real estate investment trusts,US74460W4463,3.66591311785911,45,186476000,United States,281346.29917333345,USD
PSA/PN,"Public Storage Depositary Shares Each Representing 1/1,000 of a 3.875% Cumulative Preferred Share of Beneficial Interest, Series N",14.92,USD,61041007525,USD,-0.9296148738379851,0.8108108108108055,-1.1265738899933726,-2.483660130718959,-4.481434058898843,-3.6175710594315276,-6.104468219005668,-42.96636085626911,1.422754536698866,Finance,Real estate investment trusts,US74460W5114,3.66591311785911,45,186476000,United States,466490.04087666667,USD
PSA/PR,"Public Storage Depositary Shares Each Representing 1/1,000 of a 4.00% Cumulative Preferred Share of Bene cial Interest, Series R",15.26,USD,61041007525,USD,-0.7156798959011024,-0.26143790849673804,-1.8649517684887518,-3.3565547815072794,-5.45229244114003,-4.625000000000002,-6.2653562653562735,-38.59154929577465,1.4551765569721646,Finance,Real estate investment trusts,US74460W4208,3.66591311785911,45,186476000,United States,657770.7115736668,USD
PSA/PJ,"Public Storage Depositary Shares Each Representing 1/1,000 of a 4.700% Cumulative Preferred Share of Beneficial Interest, Series J, par value $0.01 per share",18.06,USD,61041007525,USD,-0.38610038610038766,0.3333333333333262,-0.49586776859504056,-2.325581395348836,-3.9361702127659677,-3.577148958889491,-5.642633228840135,-35.59201141226819,1.7221814298110938,Finance,Real estate investment trusts,US74460W5940,3.66591311785911,45,186476000,United States,741647.2559699999,USD
PSA/PT,"Public Storage 6.000% Cumulative Preferred Shares of beneficial interest, Series T",22.92,USD,61041007525,USD,0.17482517482518664,0.5263157894736885,0.7472527472527547,0.7472527472527547,0.7472527472527547,0.7472527472527547,0.7472527472527547,0.7472527472527547,2.18562560195295,Finance,Real estate investment trusts,US74460W3705,3.66591311785911,45,186476000,United States,,
PSA/PM,"Public Storage Depositary Shares Each Representing 1/1,000 of a 4.125% Cumulative Preferred Share of Beneficial Interest, Series M",15.68,USD,61041007525,USD,-0.884955752212393,0.12771392081736638,-1.6311166875784178,-3.0303030303030423,-5.084745762711863,-4.564820450395618,-6.998813760379595,-40.83018867924528,1.495227287898004,Finance,Real estate investment trusts,US74460W5379,3.66591311785911,45,186476000,United States,214493.19957666667,USD
PSA/PP,"Public Storage Depositary Shares Each Representing 1/1,000 of a 4.000% Cumulative Preferred Share of Bene cial Interest, Series P",15.27,USD,61041007525,USD,-0.7152145643693186,-0.2612671456564397,-2.303262955854134,-4.143126177024483,-5.682520074119837,-4.383218534752668,-6.433823529411769,-40.56052938886727,1.4561301458037321,Finance,Real estate investment trusts,US74460W4612,3.66591311785911,45,186476000,United States,906023.9748000002,USD
PSA/PF,"Public Storage Depositary Shares Each Representing 1/1,000 of a 5.15% Cumulative Preferred Share of Beneficial Interest, Series F, par value $0.01 per share",19.85,USD,61041007525,USD,-0.6009013520280293,-0.8491508491508399,-2.264894140817318,-4.106280193236705,-5.386081982840796,-4.198841698841687,-8.101851851851851,-24.582066869300906,1.8928738306616952,Finance,Real estate investment trusts,US74460W6856,3.66591311785911,45,186476000,United States,569105.01763,USD
PSA,Public Storage,327,USD,60977605733.10625,USD,-0.10386753833933372,1.0444348309745983,0.5071461502996703,5.8732111636340045,15.011254924029267,26.206098031648004,15.588547189819732,5.92122311479657,31.18235479226067,Finance,Real estate investment trusts,US74460D1090,3.66591311785911,45,186476000,United States,373743223.435,USD
DAL,"Delta Air Lines, Inc.",91.98,USD,60488161841.421524,USD,-1.2454369765943705,4.72503700330184,0.5465675557498907,25.26215443279313,30.505107832009077,31.682176091624925,73.54716981132076,126.8870251603355,15.280846610070938,Transportation,Airlines,US2473617023,0.834764870088039,3,657623000,United States,617200986.956,USD
GWW,"W.W. Grainger, Inc.",1282.58,USD,60410722003.54828,USD,-0.19376376384165914,-6.484094173575116,-6.462952158693123,3.469751607412247,7.341445859766002,27.331030100865696,36.52165582722172,191.35639808273322,34.346664095848666,Distribution services,Wholesale distributors,US3848021040,0.721361482253885,46,47213100,United States,421617351.39700013,USD
FIX,"Comfort Systems USA, Inc.",1713.6,USD,60309000988.59275,USD,-1.3471502590673627,1.4504765851636967,-1.9483306153978301,-13.454545454545459,45.83829787234042,82.60869565217392,147.82703015402413,2147.6390346274925,42.15964866959442,Industrial services,Engineering & construction,US1999081045,0.149683362118595,21,35194300,United States,957810368.5303338,USD
D,"Dominion Energy, Inc.",66.8,USD,58752329898.86627,USD,-2.15321517504028,-5.2750992626205315,-4.119420123439077,7.98577432913029,6.048579139545952,13.393311831607537,9.061224489795915,-12.10526315789474,23.230742479568768,Utilities,Electric utilities,US25746U1097,3.91094184854255,43,879526000,United States,319230867.5643333,USD
GRMN,Garmin Ltd.,301.87,USD,58216389012.10382,USD,-0.22475623863824384,3.0413708356089657,22.199732825972553,24.195671850571873,50.52857285329611,48.215250159571866,31.470754758068022,83.73097991479001,31.129604421894978,Electronic technology,Telecommunications equipment,CH0114405324,0,23,192853000,Switzerland,264248635.77233332,USD
O,Realty Income Corporation,62.36,USD,58150232550.63349,USD,-0.542264752791074,-4.895531493060842,-2.026708562450902,0.4672144353149656,-1.6403785488958977,10.665483584738238,8.963830159007518,-9.096261592504337,45.64485434050651,Finance,Real estate investment trusts,US7561091049,5.1658692185008,32,932493000,United States,341995179.32533336,USD
AME,"AMETEK, Inc.",251.38,USD,57631690708.151825,USD,-1.3267388915057292,4.549991681916485,6.842910574634476,6.134684399408909,8.29743236257108,22.02912621359223,36.08705067128627,82.30473565885852,36.74394129856462,Producer manufacturing,Electrical products,US0311001004,0.510284189040666,46,229261000,United States,269040842.9223333,USD
KEYS,Keysight Technologies Inc.,336.96,USD,57584902155.00124,USD,0.27974525325873395,9.938009787928216,7.4198638761815126,-7.11854128478301,49.3286062486151,64.12254639325896,108.12847436689312,102.26904376012963,55.51784360892345,Electronic technology,Electronic equipment/Instruments,US49338L1035,0,0,170895000,United States,468191412.61599994,USD
TRGP,"Targa Resources, Inc.",268.23,USD,57573931567.648155,USD,3.1217561800776608,1.1272809530990835,1.3603899784605007,6.372937817258892,29.585970336731247,45.91198389816678,62.17049576783556,523.7906976744187,27.32328942945329,Utilities,Gas distributors,US87612G1013,1.73003729191496,15,214644000,United States,345896587.9003334,USD
CIEN,Ciena Corporation,403.76,USD,57153404084.94307,USD,-1.2401242570261461,12.383444206307237,-3.5843064211858517,-26.45537340619308,53.72549019607844,67.53526970954357,335.97883597883595,609.970107262177,134.3940352161901,Electronic technology,Telecommunications equipment,US1717793095,0,0,141553000,United States,978194520.1023337,USD
WPM,Wheaton Precious Metals Corp,125.3,USD,56901872562.21186,USD,2.0192151115453543,12.32631107126849,9.41798017726935,-4.714828897338405,-6.520441659206204,5.294117647058822,28.118609406952967,182.46167718665464,31.872067075409724,Non-energy minerals,Precious metals,CA9628791027,0.581839633580705,15,454125000,Canada,201546266.86366668,USD
OXY,Occidental Petroleum Corporation,56.04,USD,55739330267.84612,USD,4.144211113175984,1.8168604651162792,13.418336369156046,3.95102949360045,24.866310160427798,35.887487875848684,29.392749942276605,110.04497751124438,16.60296862501111,Energy minerals,Integrated oil,US6745991058,1.85839063371121,46,994635000,United States,500513447.97633326,USD
LNG,"Cheniere Energy, Inc.",265.77,USD,55692601915.769196,USD,4.321714554875173,3.8204617367865823,6.734939759036137,8.917667308716853,26.57522503214744,36.670780623264406,10.922370617696155,209.32262569832398,43.50324101355332,Industrial services,Oil & gas pipelines,US16411R2085,0.849819437902339,5,209552000,United States,511410629.6533333,USD
CAH,"Cardinal Health, Inc.",237.66,USD,55661362820.13661,USD,-0.6562722066630411,5.029167403217251,-1.0244877561219423,28.222282168869707,5.061668361257234,16.175392286258987,50.65610142630745,370.98692033293696,36.340560873421204,Distribution services,Medical distributors,US14149Y1082,0.856038122309075,32,234206000,United States,524620620.4119997,USD
MT,Arcelor Mittal NY Registry Shares NEW,73.22,USD,55509626485.636566,USD,-2.826808228268076,8.025966361758627,12.993827160493831,17.67920282867245,21.931723563696924,57.19192786603693,133.5566188197767,110.2814474439977,30.839861848201497,Non-energy minerals,Steel,US03938L2034,0.648639681486397,6,754041698,Luxembourg,110373195.89599994,USD
OKE,"ONEOK, Inc.",87.93,USD,55428405479.40991,USD,0.7909215955983632,-1.2299915754001671,-0.6216094032549696,2.5781614559029493,9.570093457943933,19.697794718214013,14.58170445660674,66.66034874905233,15.189939019123464,Industrial services,Oil & gas pipelines,US6826801036,4.81430536451169,45,630370000,United States,342330067.8753335,USD
SRE,DBA Sempra,84.35,USD,55140221361.02114,USD,-0.3661705646113894,-4.925608656447255,-10.170394036208744,-8.761492698756093,-3.655054254711597,-4.925608656447255,2.3292490598083067,26.63263774208076,28.662203948486187,Utilities,Gas distributors,US8168511090,3.07701393810536,46,653707000,United States,311050920.7316667,USD
F,Ford Motor Company,13.79,USD,54990982044.23637,USD,-2.4062278839349016,-10.104302477183836,0.29090909090908473,12.205044751830757,0.07256894049346725,4.628224582701058,24.122412241224122,-0.21707670043416163,,Consumer durables,Motor vehicles,US3453708600,4.24628450106157,14,3916740000,United States,767525435.301,USD
NOK,Nokia Corporation Sponsored,9.43,USD,54498395947.63392,USD,-1.565762004175369,2.9475982532751046,-21.416666666666668,-23.643724696356276,35.48850574712643,43.095599393019725,131.12745098039215,53.084415584415574,65.12430939226519,Electronic technology,Telecommunications equipment,US6549022043,1.2462108559499,4,5598644902,Finland,989192184.5826666,USD
LHX,"L3Harris Technologies, Inc.",289.53,USD,53914716522.86596,USD,1.1918076331609004,4.139989928782099,-4.634387351778672,-3.7594734742720393,-16.537907177861054,-1.5204081632653155,3.9754363283775027,25.18592182635765,29.24309146735617,Electronic technology,Aerospace & defense,US5024311095,1.71256815322242,46,186215000,United States,437665482.5663331,USD
TAK,Takeda Pharmaceutical Company Limited,17.02,USD,53308001376.6203,USD,1.7942583732057462,-0.11737089201877685,0.6505026611472468,2.160864345738292,-4.328274311410903,8.893154190658981,19.438596491228065,3.1515151515151487,,Health technology,Pharmaceuticals: major,US8740602052,3.70697368421053,19,3182146294,Japan,64184413.63333333,USD
CARR,Carrier Global Corporation,63.96,USD,52723831930.677666,USD,-2.246675836772132,4.8524590163934445,-8.261617900172114,-5.384615384615375,1.5721772272510752,20.42929768405197,-3.9062500000000018,13.163481953290866,45.070819533507155,Producer manufacturing,Industrial machinery,US14448C1045,1.44429160935351,6,824325000,United States,451598524.00266653,USD
FITB/PK,"Fifth Third Bancorp Depositary Shares each representing a 1/1000th ownership interest in a share of Non-Cumulative Perpetual Preferred Stock, Series K",17.95,USD,52237011116,USD,-0.27777777777778173,0.11154489682096806,-0.4437049362174256,-6.656266250650032,-8.4655356168505,-7.474226804123709,-12.267839687194535,-33.95879323031641,6.109390422381812,Finance,Regional banks,US3167738604,2.77777777777778,46,906893000,United States,788190.1809333335,USD
FITB/PA,Fifth Third Bancorp Depositary Shares each representing 1/40th share of Fifth Third 6.00% Non-Cumulative Perpetual,22.53,USD,52237011116,USD,-0.7051564565888062,-1.3140604467805395,-3.4911115870636014,-5.415617128463472,-8.544753399634669,-8.674503445480342,-7.379239465570394,-15.948517067711244,7.668220959123244,Finance,Regional banks,US3167738869,2.77777777777778,46,906893000,United States,227119.36670333336,USD
FITB/PI,Fifth Third Bancorp Depositary Share repstg 1/1000th Ownership Interest Perp Pfd Series I,25.59,USD,52237011116,USD,-0.0780944943381475,0.7480314960629972,0.7480314960629972,0.6291781360597725,-0.1560671088568051,0,-0.7754943776657592,-11.176674765706348,8.709710357033456,Finance,Regional banks,US3167736053,2.77777777777778,46,906893000,United States,848013.0408166663,USD
FITB/PM,"Fifth Third Bancorp Depositary Shares Representing a 1/40th Ownership Interest in a Share of 6.875% Fixed-Rate Reset Non-Cumulative Perpetual Preferred Stock, S",25.6,USD,52237011116,USD,-0.9671179883945841,-1.4247208317289082,-1.1583011583011473,-2.140672782874613,-1.4243412566086033,-2.028319938767691,2.1956087824351327,2.1956087824351327,8.713113917157347,Finance,Regional banks,US3167738372,2.77777777777778,46,906893000,United States,540762.6927066668,USD
CVE,Cenovus Energy Inc,28.25,USD,52099920702.75631,USD,1.8752253876667853,-2.147558018704541,14.977614977614978,-0.5631819781766988,41.888498242089405,66.47024160282852,85.48916611950098,247.05159705159704,11.206702853936635,Energy minerals,Integrated oil,CA15135U1093,2.11231324059763,17,1844240000,Canada,210309792.196,USD
FITB,Fifth Third Bancorp,56.96,USD,51656599881.377785,USD,-1.111111111111112,0.760658057668494,-2.5158309087797344,14.262788365095286,4.705882352941181,21.579509071504802,37.518107194591984,51.832600293216046,19.386678465675097,Finance,Regional banks,US3167731005,2.77777777777778,46,906893000,United States,373520176.5156668,USD
EW,Edwards Lifesciences Corporation,89.32,USD,51484050887.31393,USD,0.393391030684494,4.577918276548409,-7.055150884495319,7.757268669320778,13.48707197763801,4.516732974490989,12.827638476599489,-21.99126637554586,53.00261096605744,Health technology,Medical specialties,US28176E1082,0,0,576400000,United States,452585657.08733314,USD
STT/PG,"State Street Corporation Depositary shares, each representing a 1/4,000th ownership interest in a share of Fixed-to-Floating Rate Non-Cumulative",21.14,USD,51382963495,USD,-0.5176470588235268,-0.09451795841209629,-1.4452214452214394,-4.988764044943817,-9.54214805305948,-6.287679977303347,-5.835189309576832,-29.650582362728784,1.863934541863582,Finance,Investment banks/Brokers,US8574778556,1.79631114675221,45,274702000,United States,1063213.3115666667,USD
CTVA,"Corteva, Inc.",76.86,USD,51280682128.26567,USD,-2.3007499682216883,-14.6,-11.55350978135789,-3.0891438658428987,5.05740841990159,14.716417910447761,6.601941747572823,71.33303611234953,50.81316937723126,Process industries,Agricultural commodities/Milling,US22052L1044,0.915215456972162,7,667196000,United States,360554052.0500001,USD
STT,State Street Corporation,184.92,USD,50797848754.31916,USD,-1.1387329591018571,3.8176510217830577,4.681573733371062,23.609625668449194,41.160305343511446,43.80589470409828,67.39386258712771,107.72860031453607,16.304577837342173,Finance,Investment banks/Brokers,US8574771031,1.79631114675221,45,274702000,United States,421317147.48333335,USD
INFY,Infosys Limited,12.36,USD,50131893980.80756,USD,-0.9615384615384694,1.1456628477904973,9.574468085106384,-3.0588235294117694,-25.226860254083494,-31.78807947019868,-23.420074349442384,-44.99332443257677,15.147058823529411,Technology services,Information technology services,US4567881085,3.57713141025641,28,4057580000,India,292946077.7263333,USD
AZO,"AutoZone, Inc.",3069.62,USD,50112638798.796455,USD,0.11610992609407335,-1.3294845997081346,2.0146227982718474,-13.639842000427638,-14.271510879370396,-9.056649611443099,-23.699183455338616,87.43138368351316,21.104456616722434,Retail trade,Specialty stores,US0533321024,0,0,16325399.999999998,United States,808091987.507333,USD
WAB,Westinghouse Air Brake Technologies Corporation,295.23,USD,49867547737.17587,USD,-0.3644831426546469,0.135671403859863,13.550000000000008,10.164558379043998,21.93036798414076,38.2033517460912,55.89291371844969,240.00921340550505,39.76054517050046,Producer manufacturing,Trucks/Construction/Farm machinery,US9297401088,0.377982518308528,31,168911000,United States,279045519.74633336,USD
ETR,Entergy Corporation,106.49,USD,49691588744.92317,USD,-0.3462474265394016,-1.7982294356326105,-7.157802964254584,-5.283287378813494,8.752042483660123,15.037269093658857,17.929125138427462,99.47550810152664,27.22833035029404,Utilities,Electric utilities,US29364G1031,2.35822571588995,38,466632000,United States,322205664.12433326,USD
AMP,"Ameriprise Financial, Inc.",559.82,USD,49450706606.48129,USD,-0.21567474110117513,3.400380487985091,10.68777001176437,21.454450784283956,3.699175696952862,14.248979591836745,10.496605084478142,112.5522059381882,13.504086299559049,Finance,Investment managers,US03076C1062,1.15858331996506,21,89897100,United States,348023869.58966655,USD
FERG,Ferguson Enterprises Inc.,253.37,USD,49138029429.89449,USD,-0.7365328109696357,10.444182903971061,14.45543659935854,2.774510201598184,-1.1046057767369182,13.537372288940675,12.734149054505007,77.91587669405239,27.781798245614038,Distribution services,Wholesale distributors,US31488V1070,1.37430166503428,15,193937820,United States,784142817.0766667,USD
DEO,Diageo plc,92.8,USD,49132806440.5505,USD,4.941761845527524,4.340004497413987,9.305064782096572,10.925173320583314,-3.524274872647885,7.756618671620986,-12.046251540138384,-53.49303397814975,21.470547406413402,Consumer non-durables,Beverages: alcoholic,US25243Q2057,3.66301029062535,34,555900000,United Kingdom,94557633.78233333,USD
ROK,"Rockwell Automation, Inc.",441.8,USD,49061306892.71681,USD,-1.83312965226086,-6.596194503171246,-7.4531819514851865,-2.135388977494238,8.547701530674926,12.704081632653063,32.97616181073922,40.32970174379825,41.40891538259663,Producer manufacturing,Electrical products,US7739031091,1.2109765581602,46,111049000,United States,446504088.61533326,USD
BDX,"Becton, Dickinson and Company",177.07,USD,48789946012.31496,USD,3.756006093988044,6.726538484720629,12.069620253164553,15.081402528190283,8.977299843192945,15.971725336242587,27.386626614532872,-4.616839566282076,44.89945989806527,Health technology,Medical specialties,US0758871091,2.45517403023556,46,275540000,United States,358369400.91933346,USD
ABEV,Ambev S.A.,3.01,USD,48477825126.6414,USD,-0.6600660066006607,1.0067114093959666,-3.215434083601289,-9.880239520958087,2.7303754266211477,20.883534136546167,35.58558558558556,-5.345911949685545,15.372829417773238,Consumer non-durables,Beverages: alcoholic,US02319V1035,1.79679867986799,26,15452830000,Brazil,80715396.09233335,USD
VTR,"Ventas, Inc.",92.26,USD,48376193621.342705,USD,-0.29179725494433806,-4.690082644628091,0.054224053790273695,6.474321984997115,14.154912150457823,19.245185472405325,33.92364639280012,55.058823529411775,169.22230374174615,Finance,Real estate investment trusts,US92276F1003,2.16146114773587,27,512946000,United States,346449670.18399996,USD
VST,Vistra Corp.,141.38,USD,47670857466.1942,USD,0.5690709916061907,-4.472972972972976,-9.447255492218023,-8.787096774193552,-5.74666666666667,-13.734822136799067,-32.23734662576687,670.0435729847495,23.607794679980632,Utilities,Electric utilities,US92840M1027,0.647318252952056,7,337182000,United States,686720537.3773333,USD
UMC,United Microelectronics Corporation (NEW),19.2,USD,47630603072.56242,USD,-0.4665629860031097,9.52652595550484,-20.33195020746889,32.231404958677686,90.85487077534789,144.5859872611465,184.86646884272997,70.51509769094139,18.0620884289746,Electronic technology,Semiconductors,US9108734057,1.58974598237429,17,2515400000,Taiwan,373976563.37066656,USD
STM,STMicroelectronics N.V.,53.28,USD,47599652864.77705,USD,0.9664582148948229,2.797607563187349,-20.937824603056832,-6.064880112834975,85.57993730407523,93.6046511627907,115.18578352180937,26.34574341949253,106.02985074626866,Electronic technology,Semiconductors,US8610121027,0.579874928936896,18,892545187,Switzerland,744154093.3583335,USD
DVN,Devon Energy Corporation,43.11,USD,47421000172.07128,USD,2.423378474697068,-1.1918404767361979,5.713585090730746,-6.282608695652175,-0.46178711613946627,17.52998909487459,30.636363636363637,59.430473372781066,10.208624405029719,Energy minerals,Integrated oil,US25179M1036,2.47089569969114,33,1153400000,United States,493405755.9516669,USD
VIK,Viking Holdings Ltd,106.19,USD,47377424480.40116,USD,-1.9120635507112576,2.6387009472259852,6.158152554233727,25.460775047258974,45.485682970269906,48.49671374632917,81.70773442847366,306.08030592734224,39.54640250260688,Consumer services,Hotels/Resorts/Cruise lines,BMG93A5A1010,0,0,318386000,Bermuda,219751475.99333325,USD
XYZ,"Block, Inc.",79.02,USD,47031418167.22731,USD,-6.152019002375305,-3.739797782921193,-0.21467356989519096,4.4823482744942496,43.54223433242507,20.23737066342057,4.898446833930702,-71.72909734893206,140.780331373597,Commercial services,Miscellaneous commercial services,US8522341036,0,0,535195000.00000006,United States,432643365.0166666,USD
SLF,Sun Life Financial Inc.,82.32,USD,45612194079.18828,USD,0.549651887138132,-0.8431703204047252,4.242117259718873,17.953861584754243,26.587728740581255,31.98653198653198,34.57577243746933,58.46005774783443,21.40882321581528,Finance,Multi-line insurance,CA8667961053,3.20781032078103,26,554084000,Canada,45897304.46899999,USD
FNV,Franco-Nevada Corporation,231.08,USD,44565057022.05102,USD,1.99955859633635,5.723566820698183,9.066880634351257,0.06928806513079205,0.2559763981083793,10.787227922140186,34.84273793546129,47.73046924945661,32.76285935977309,Non-energy minerals,Precious metals,CA3518581051,0.715347987655099,18,192856000,Canada,152370915.17933333,USD
AU,AngloGold Ashanti PLC,87.59,USD,44233604131.21513,USD,-1.1399548532731274,9.954807933718312,5.403128760529494,-14.646267784057688,-14.596333853354134,0.54525627044712,55.16386182462356,409.5404304828389,11.722273524176604,Non-energy minerals,Precious metals,GB00BRXH2664,4.02370203160271,10,505007480,United States,249143208.674,USD
HUM,Humana Inc.,367.24,USD,44098292833.23347,USD,0.9400252872299533,0.953899441955089,-7.063140579526754,46.896,94.07070760450249,43.430713950945155,44.890712538467604,-12.010925557658672,34.778491202151635,Health services,Managed health care,US4448591028,0.973008630641526,15,120080000,United States,577233327.884,USD
HLN,Haleon plc,10.03,USD,43370571925.365005,USD,0.8040201005025134,-0.9382716049382779,1.2108980827446945,9.37840785169029,-8.065994500458302,-0.39721946375373307,8.081896551724139,28.589743589743584,20.62512852148879,Health technology,Pharmaceuticals: major,US4055521003,1.83994974874372,4,4403863000,United Kingdom,100734254.1193333,USD
IX,ORIX Corporation,41.29,USD,43261692571.38337,USD,-0.048414427499402383,5.304769191532768,3.509651541739781,23.32735961768221,29.476324866729378,40.681431005110724,74.36655405405405,124.81759773494501,15.492270748911901,Finance,Finance/Rental/Leasing,US6863301015,1.67972161704188,28,1098590196,Japan,8931371.289666666,USD
LYV,"Live Nation Entertainment, Inc.",181.77,USD,42831168703.02577,USD,-0.9535745422842197,-1.6928069226608953,-1.4956917574378101,9.125292669748465,30.67577282530555,27.620585550796886,20.481208987870353,112.89529163738584,,Consumer services,Movies/Entertainment,US5380341090,0,0,235634000,United States,417972469.5556666,USD
CBRE,CBRE Group Inc,147.45,USD,42697881582.48346,USD,-2.454353003440069,0.3061224489795841,3.5027376105573356,-0.47921166306696,-11.980659025787979,-8.021957457426245,-5.3897978825794075,49.74103787955722,33.809501971934324,Finance,Real estate development,US12504L1098,0,0,289575000,United States,259939122.03833342,USD
CMG,"Chipotle Mexican Grill, Inc.",33.71,USD,42657239726.68464,USD,-2.2898550724637654,-7.996724890829694,-2.82502162006341,0.8375710439724832,-13.062540296582844,-9.503355704697984,-21.201496026180457,-10.86349501829796,31.09491744304031,Consumer services,Restaurants,US1696561059,0,0,1265420000,United States,700224216.338,USD
WDS,Woodside Energy Group Limited,22.7,USD,42567921566.47593,USD,3.0881017257039045,-1.2614180078294874,16.46998460749103,4.7047970479704775,27.52808988764044,44.49395289624442,29.714285714285708,39.093137254901954,15.963431786216596,Energy minerals,Oil & gas production,US9802283088,4.90463215258856,7,1895816550,Australia,15843969.742333336,USD
AIG,"American International Group, Inc. New",79.97,USD,42400594289.60509,USD,-0.18721917124314238,0.07508447002878522,-1.756756756756765,4.54961432867042,4.9750590706221995,-6.171535844186325,1.1126564673157104,59.14427860696517,14.125980357521373,Finance,Multi-line insurance,US0268747849,2.309036445332,13,530206000,United States,297037943.0189998,USD
HEI.A,Heico Corporation,263.93,USD,42370685701.39608,USD,-0.9494858515349295,1.8798733884042325,-0.4375872345241119,19.19880769578178,4.588864672082431,4.597154519874765,6.427678535424814,119.37494805086858,47.13793288207033,Electronic technology,Aerospace & defense,US4228062083,0.0938227126022668,39,84502100,United States,70454001.21133332,USD
HEI,Heico Corporation,363.29,USD,42367503573.2879,USD,-0.9569247546346757,2.332328666798127,-0.37569242582131424,24.83763444555171,10.897768552153622,12.397128890538948,15.421763304209696,173.29421500037614,64.8836420138951,Electronic technology,Aerospace & defense,US4228061093,0.0681570338058888,41,55235600,United States,157214057.9526666,USD
WCN,"Waste Connections, Inc.",167.39,USD,42190572060.879845,USD,1.7568389057750675,-1.6336604571898699,-1.9045944678856073,8.779568494931109,-0.9526627218934992,-4.28293687099726,-10.17440300509794,33.01811824539096,41.508656534973696,Industrial services,Environmental services,CA94106B1013,0.817087997917209,24,252050000,Canada,239824888.60966665,USD
PRU,"Prudential Financial, Inc.",121.5,USD,42160501285.173935,USD,1.1151797603195768,-1.4038789255863051,5.762534818941508,22.02470623681833,20.33277211052788,7.6459643838043725,17.198803896980802,17.1648987463838,11.005434782608697,Finance,Life/Health insurance,US7443201022,4.57723035952064,24,347000000,United States,226477132.51733336,USD
YUM,"Yum! Brands, Inc.",152.28,USD,41971592753.11754,USD,-0.05906674542232946,-5.999999999999999,-9.222056631892697,-3.827207275483139,-5.014970059880235,0.48831991553385845,8.973808501502784,13.667238934089724,19.15158527536378,Consumer services,Restaurants,US9884981013,1.91638774036884,22,275621000,United States,423125959.5016668,USD
MSCI,MSCI Inc.,567.23,USD,41237618917.03883,USD,-0.8113732141920342,-1.4575588061568372,-8.051548062895115,-3.7173459168604515,-0.3408471985522675,-0.7593120702626155,1.4305384188974124,-9.828951133437181,31.02550498558747,Commercial services,Financial publishing/Services,US55354G1004,1.34645985975834,12,72700000,United States,457148161.7369999,USD
DHI,"D.R. Horton, Inc.",146.01,USD,40839185105.613335,USD,-3.5919445361505438,-0.9295698195141842,-7.699601744737346,-0.6531945294958209,-7.254017658641946,1.1569904392406731,-5.800000000000006,51.384136858475884,13.890633026999257,Consumer durables,Homebuilding,US23331A1097,1.15549686365137,29,279701000,United States,379135448.4826667,USD
CCJ,Cameco Corporation,93.62,USD,40774594679.14812,USD,-0.6895088575368532,7.869570226984672,-1.9480519480519474,-22.15200399135207,-16.663699483710165,0.6666666666666715,24.098621420996828,447.1654003506722,163.18929260701262,Non-energy minerals,Other metals/Minerals,CA13321L1085,0.181543116490166,35,435533000,Canada,336592421.08166665,USD
TEVA,Teva Pharmaceutical Industries Limited,34.81,USD,40393949024.29345,USD,0.259216589861761,1.3391557496361015,-1.1360408974723049,-3.9988968560397016,-0.5428571428571364,11.642078255291862,121.01587301587303,248.1,58.53371447788801,Health technology,Pharmaceuticals: generic,US8816242098,0,0,1164640000,Israel,181013973.85799998,USD
HMC,"Honda Motor Company, Ltd.",30.73,USD,40368110297.89042,USD,0.4248366013071863,0.3920287487749134,5.674002751031645,26.878612716763012,-5.446153846153845,3.468013468013472,-5.9669522643818835,-7.68999699609492,,Consumer durables,Motor vehicles,US4381283088,3.84737254901961,38,1297672194.33333,Japan,38862334.82933333,USD
SYY,Sysco Corporation,84.35,USD,40334700747.40649,USD,0.16625103906899488,-0.4484834179157437,0.9695954033995547,15.12215094854647,-0.5071950931823623,15.65885095296858,6.234256926952126,13.74056094929881,23.396111280614647,Distribution services,Food distributors,US8718291078,2.57689110556941,47,478183000,United States,304139335.0136667,USD
KB,KB Financial Group Inc,121.32,USD,40255658351.0652,USD,0.5303281405369459,3.7987679671457886,6.6643221382099505,9.395852119026136,20.536512667660194,39.67303707114897,47.05454545454544,163.79647749510758,,Finance,Regional banks,US48241A1051,1.61065296652304,17,337225267,South Korea,35618681.083333336,USD
ED,"Consolidated Edison, Inc.",108.95,USD,40151313329.54026,USD,0.5816100443131552,-2.523038382392407,-3.754416961130742,1.5377446411929223,-0.5567725447243514,9.354612064639172,4.598694316436258,44.68791500664011,18.35132813421146,Utilities,Electric utilities,US2091151041,3.20808714918759,46,368530000,United States,243611196.20999998,USD
A,"Agilent Technologies, Inc.",141.34,USD,39918931391.814606,USD,0.16299340939691712,1.8886966551326445,7.221969352146875,19.668106002878677,8.45610804174341,3.743394010569579,22.818908585331947,-8.671491341431887,28.38779650123521,Health technology,Medical specialties,US00846U1016,0.717879668343845,14,282432000,United States,287754003.881,USD
CCL,Carnival Corporation Ltd.,28.79,USD,39432199703.37176,USD,-2.9659588810246125,4.047705095771584,5.303584491587416,5.845588235294118,-9.49386985224772,-6.19094167481265,-2.1746517159361214,25.995623632385108,12.966132228427309,Consumer services,Hotels/Resorts/Cruise lines,BMG2004J1036,1.01112234580384,0,1239000000,United States,535543136.7340001,USD
WAT,Waters Corporation,399.7,USD,39244885064.384995,USD,-0.07500000000000284,6.30601877709513,5.184210526315787,14.4878551787351,5.970624105201756,5.420018462349996,42.536195706440324,0.9751414713015395,50.880252555469276,Health technology,Medical specialties,US9418481035,0,0,98185900,United States,353062598.4866667,USD
HIG,"The Hartford Insurance Group, Inc.",144.51,USD,39143715723.916084,USD,0.6337047353760422,-0.3379310344827649,3.8818201423333885,8.694998119593835,1.0206221600838723,5.3433445108616295,12.70472625175479,118.26008155867694,9.339554963840005,Finance,Property/Casualty insurance,US4165151048,1.61559888579387,30,270872000,United States,234082278.91933334,USD
HIG/PG,"The Hartford Insurance Group, Inc. Depositary Shares each representing a 1/1000th interest in a share of 6.000% Non-Cumulative Preferred Stock, Series G",24.49,USD,38897222185,USD,-0.08159934720523511,-0.7497467071935249,-1.1303996770286684,-2.0400000000000063,-1.6860698514652819,-2.2355289421157774,-2.118305355715432,-13.767605633802818,1.5827672899068694,Finance,Property/Casualty insurance,US4165186036,1.61559888579387,30,270872000,United States,535241.8825633334,USD
IQV,"IQVIA Holdings, Inc.",232.43,USD,38257979913.20267,USD,-1.5335733954670638,-4.683206889481233,10.680952380952386,27.407772844378666,26.92769768457842,3.1143250077636355,26.464987213667783,-6.210152530062136,28.831387920661896,Health technology,Biotechnology,US46266C1053,0,0,164600000,United States,320910818.38333327,USD
PCG/PX,PG&E Corp 6.000% Series A Mandatory Convertible Preferred Stock,41.92,USD,37880713106,USD,-0.7340753019180564,-2.7152471571130232,1.0607521697203588,1.8712029161603965,-0.26171782060432885,2.619339045287638,2.8711656441717834,-17.66023059849541,30.578452111751407,Utilities,Electric utilities,US69331C3060,1.01744186046512,3,2680110000,United States,4579888.624470001,USD
PCG,Pacific Gas & Electric Co.,17,USD,37440239697.7907,USD,-1.1627906976744147,-3.7372593431483585,0.5322294500295675,4.679802955665035,3.406326034063252,5.003088326127231,11.8421052631579,102.86396181384247,12.400612736158728,Utilities,Electric utilities,US69331C1080,1.01744186046512,3,2680110000,United States,359696277.1120001,USD
RKT,"Rocket Companies, Inc.",13.22,USD,37405059534.24098,USD,-4.617604617604609,-4.89208633093525,-13.36828309305373,-9.514031485284045,-32.89340101522842,-32.2051282051282,-26.391982182628063,-24.37070938215103,224.06779661016952,Finance,Finance/Rental/Leasing,US77311W1018,0,0,980550000,United States,445838362.4966666,USD
PEG,Public Service Enterprise Group Incorporated,75.04,USD,37401440551.00662,USD,-0.6619009796134498,-4.0163724737784605,-7.971547706647044,-3.7948717948717867,-7.232043515885763,-7.11721747741057,-14.920634920634916,17.45187040225388,18.659240103441416,Utilities,Electric utilities,US7445731067,3.44188509398994,46,498420000,United States,248138218.7716667,USD
ADM,Archer-Daniels-Midland Company,77.51,USD,37356689068.57322,USD,-0.09022944057745963,-3.6065166024126247,-1.5746031746031681,-0.07090827048281133,18.571210035184333,34.94080779944291,33.08722527472528,30.95117418482853,21.21701521953356,Process industries,Agricultural commodities/Milling,US0394831020,2.65532353699407,46,481960000,United States,294717786.49566656,USD
KVUE,Kenvue Inc.,19.18,USD,36825766375.53024,USD,-2.4911032028469853,-1.6410256410256425,-3.618090452261301,7.511210762331839,6.437291897891233,11.05964099594673,-11.531365313653136,-24.872698785742266,22.743981975572154,Consumer non-durables,Household/Personal care,US49177J1025,4.21962379257753,3,1920008700,United States,401918382.70133334,USD
HSY,The Hershey Company,183.02,USD,36773460567.15414,USD,1.9155807996436114,0.4224965706447244,1.4692021954870575,-2.1283422459892996,-18.87231543252288,0.5714913726783276,-3.128142698353886,2.131696428571441,26.738546049555868,Consumer non-durables,Food: specialty/candy,US4278661081,3.14288896313621,46,146312000,United States,330093121.8909999,USD
BBDO,Banco Bradesco Sa,3.15,USD,36652432334.722,USD,-1.5625000000000084,-0.31645569620253894,6.7796610169491425,-7.62463343108505,-9.742120343839549,9.756097560975602,22.093023255813947,-13.15790126632322,7.802823879118157,Finance,Major banks,US0594604029,0.77775,14,5596710000,Brazil,280706.9933333333,USD
BBD,Banco Bradesco Sa,3.41,USD,36652432334.722,USD,-2.011494252873559,-2.571428571428567,-1.445086705202307,-10.732984293193711,-13.010204081632647,0.8875739644970488,18.40277777777779,-16.458814072843506,8.446866485013624,Finance,Major banks,US0594603039,1.8101724137931,29,5580080000,Brazil,118563319.24166664,USD
VMC,Vulcan Materials Company (Holding Company),281.63,USD,36493257838.812256,USD,-1.7923771663702575,-2.2084100142366103,-7.6744033569368035,-3.0667033799132732,-10.593650793650795,-1.2101866142837059,-0.536817941020654,56.88819564369673,33.242445703493864,Non-energy minerals,Construction materials,US9291601097,0.704397252153294,46,129579000.00000001,United States,330783525.15999997,USD
MTB/PJ,"M&T Bank Corporation Depositary Shares each representing a 1/400th ownership interest in a share of Perpetual 7.500% Non-Cumulative Preferred Stock, Series J",26.22,USD,36384232838,USD,0.38284839203674526,0.6912442396313353,0.3060443764345765,-2.0545386626821096,-2.6002971768202183,-1.391500564121854,-2.6002971768202183,4.628890662410217,1.3844155569870218,Finance,Regional banks,US55261F8648,2.38151940938319,46,144416000,United States,1343019.56612,USD
MTB/PH,"M&T Bank Corporation Perpetual Fixed-to-Floating Rate Non-Cumulative Preferred Stock, Series H",25.16,USD,36384232838,USD,0,0.11937922801433004,0.3589948145193453,-0.35643564356435586,0.23904382470119012,2.1103896103896087,0.9225832330525489,-13.087033870494151,1.3284475748967761,Finance,Regional banks,US55261F8721,2.38151940938319,46,144416000,United States,1456948.49941,USD
MTB/PL,"M&T Bank Corporation Depositary Shares each representing a 1/400th ownership interest in a share of Perpetual 6.625% Non-Cumulative Preferred Stock, Series L",24.89,USD,36384232838,USD,-0.12038523274478785,0.28203062046736616,0.16096579476860823,0.16096579476860823,0.16096579476860823,0.16096579476860823,0.16096579476860823,0.16096579476860823,1.3141915794586947,Finance,Regional banks,US55261F8234,2.38151940938319,46,144416000,United States,,
MTB/PK,"M&T Bank Corporation Depositary Shares each representing a 1/400th interest in a share of Perpetual 6.350% Non-Cumulative Preferred Stock, Series K",23.855,USD,36384232838,USD,-0.18828451882844416,0.5187111019345306,-2.592895059207832,-4.808459696727847,-5.5247524752475226,-7.307027258067642,-4.694366759888137,-4.694366759888137,1.2595435969460491,Finance,Regional banks,US55261F8499,2.38151940938319,46,144416000,United States,888415.5993333333,USD
IRM,Iron Mountain Incorporated (Delaware),121.96,USD,36286110252.5415,USD,-4.066703374498546,-0.8777633289987097,4.5341561669666515,-4.651708232350874,34.27281735109545,46.93975903614457,24.38551759306476,174.37570303712033,87.04589251302548,Finance,Real estate investment trusts,US46284V1017,2.65633603398096,16,297525000,United States,263113925.7556666,USD
CLS,"Celestica, Inc.",314.53,USD,36165316174.191154,USD,-13.295291652883453,-9.344285920161411,-7.463959988231835,-19.218717896034526,3.0823433019254316,5.5115732975511404,61.36363636363636,3498.7414187643017,33.564387963475184,Electronic technology,Electronic components,CA15101Q2071,0,0,114982000,Canada,883339652.9673332,USD
MTB,M&T Bank Corporation,250.14,USD,36124283567.90236,USD,-0.7144558228149605,-0.2711107567179678,4.003991518024197,17.01361276137904,5.915230554261761,24.472531847133748,32.940051020408156,82.42415402567093,13.207387773635912,Finance,Regional banks,US55261F1049,2.38151940938319,46,144416000,United States,284249789.89599997,USD
JBL,Jabil Inc.,344.67,USD,36116964579.11243,USD,1.7866635166263103,15.682424608568702,4.626172479737732,-3.1363291459404685,37.29137621987652,49.02070993125514,56.932113099303386,480.9371312995113,43.01546295256281,Producer manufacturing,Industrial machinery,US4663131039,0.0945012107967633,20,104787000,United States,415893882.3046665,USD
EME,"EMCOR Group, Inc.",808.43,USD,35659766447.167,USD,-1.669991242580522,4.765051965891712,3.1371198203714936,-13.907052032970547,9.96354634239234,31.13645211523487,29.80780038215129,561.2383445116964,25.085098130478627,Industrial services,Engineering & construction,US29084Q1004,0.176364697869028,15,44109900,United States,391726127.9766666,USD
TKO,"TKO Group Holdings, Inc.",187.29,USD,35448326199.06686,USD,2.3051291855574365,1.3912949328713693,-3.953846153846158,-1.2912406450932945,-10.882185001903315,-10.784547230029064,11.891746572273503,272.0500595947556,64.78829389788294,Consumer services,Movies/Entertainment,US87256C1018,1.69880373627574,1,73111100,United States,242070167.5393333,USD
VEEV,Veeva Systems Inc.,217.8,USD,35380149467.94436,USD,2.0092735703245848,7.947364508215015,10.586443259710599,31.936031015265325,18.97088545365162,-2.511078286558339,-22.504892367906066,-35.98448108632395,38.78136073075622,Technology services,Packaged software,US9224751084,0,0,162443000,United States,369928619.3633334,USD
WEC,"WEC Energy Group, Inc.",107.97,USD,35181956658.21836,USD,-0.26787363753926313,-3.3652555267161954,-8.266779949022943,-4.636989931107578,-4.510480233483678,2.176587489353645,-1.8097489996362268,11.978842563783445,20.91064027578727,Utilities,Electric utilities,US92939U1060,3.40846111213745,40,325849000,United States,228885217.99633342,USD
KR,Kroger Company (The),57.32,USD,35116945652.986595,USD,1.1291460832745246,-2.6990324223391555,-2.665987434199355,-13.426974777223975,-13.94685482660261,-8.082103912764591,-19.988833054159688,36.67143538388174,33.524388817405544,Retail trade,Food retail,US5010441013,2.47000705716302,20,612647000,United States,429869025.9203335,USD
ALC,Alcon Inc.,69.54,USD,34749139876.37892,USD,-1.4595437154598088,-0.6145490924681901,1.0755813953488504,7.947842285004664,-10.201446280991725,-11.863117870722432,-18.043606364172057,-3.724214315381417,41.8147463793183,Health technology,Medical specialties,CH0432492467,0.493479027141347,6,487400000,Switzerland,147571572.40533334,USD
RJF,"Raymond James Financial, Inc.",179.33,USD,34449294676.59396,USD,-0.6757130988645799,2.868123673492801,6.4272997032641035,16.432930788209323,5.693404844698548,11.92036447606567,7.338241455677272,103.55267926994455,15.631428471810606,Finance,Investment managers,US7547301090,1.17418997507616,42,192100000,United States,223843553.37666667,USD
UI,Ubiquiti Inc.,567.22,USD,34329337948.50271,USD,-0.3338487489457368,5.840423943872233,7.670697215314836,-34.80229885057471,-6.244628099173549,1.4922702547953106,30.840560989112394,80.71813171058082,36.46169471478344,Electronic technology,Telecommunications equipment,US90353W1036,0.562271577171774,7,60522100,United States,51164598.36899998,USD
PUK,Prudential Public Limited Company,27.88,USD,34325022132.884,USD,-0.25044722719141427,-8.10810810810811,0,-11.939355653821861,-13.60396653238303,-11.883691529709234,8.736349453978152,-27.937182728455415,9.0814332247557,Finance,Multi-line insurance,US74435K2042,1.79606440071556,35,1243515000,Hong Kong,27606823.512000006,USD
IR,Ingersoll Rand Inc.,88.24,USD,34237071528.787556,USD,-1.955555555555561,2.903790087463551,10.244877561219376,13.041250320266453,-9.413817883174215,10.534886634097454,13.696688571060424,75.04463400119025,36.35914129135935,Producer manufacturing,Industrial machinery,US45687V1061,0.0888888888888889,5,387999000,United States,364174139.3686667,USD
VG,"Venture Global, Inc.",13.58,USD,33737582441.908287,USD,9.251810136765892,6.342991386061085,23.342415985467756,16.167664670658688,44.314558979808716,97.95918367346938,-8.55218855218855,-43.53430353430353,14.175365344467641,Industrial services,Oil & gas pipelines,US92333F1012,0.563153660498793,1,515753600,United States,185469237.3023333,USD
EC,Ecopetrol S.A.,17.4,USD,33503116841.48453,USD,6.162294081757157,5.775075987841941,20.415224913494807,32.925897631779975,47.20812182741115,72.79046673286989,104.4653349001175,34.67492260061918,,Energy minerals,Integrated oil,US2791581091,3.96150091519219,10,2055835000,Colombia,37721855.033333346,USD
GFI,Gold Fields Limited,37.34,USD,33435727685.6576,USD,0.1340842048806765,13.56447688564477,7.981492192018523,-15.462983925741447,-30.009372071227737,-15.692029803567387,23.92963823431797,304.55037919826657,9.445273568917107,Non-energy minerals,Precious metals,US38059T1060,3.21859747921695,35,895024000,South Africa,122410564.94033334,USD
QSR,Restaurant Brands International Inc.,72.92,USD,33276350075.44315,USD,-2.1076654584507897,-3.468361133174483,-1.632267637933352,-8.195895757270558,3.3886289522189146,7.203763598941497,5.926786751888434,13.177091417041742,29.014801846251792,Consumer services,Restaurants,CA76131D1033,3.40985367163378,11,346983980,United States,206111704.3733334,USD
SUNB,"Sunbelt Rentals Holdings, Inc.",80.92,USD,33172958063.20851,USD,1.276595744680846,7.864569448147169,13.11154598825831,9.692286837467813,10.849315068493153,10.849315068493153,10.849315068493153,10.849315068493153,,Finance,Finance/Rental/Leasing,US8669661048,0,0,409947570,United States,228593932.52133328,USD
SHG,Shinhan Financial Group Co Ltd,74.25,USD,33159919952.52692,USD,2.5835866261398244,4.5921960839554945,3.8026003075632584,8.346709470304974,14.195632113195948,37.83181733803602,50.94531408822932,118.51088875809302,9.848002546554193,Finance,Major banks,US8245961003,1.99810444874275,23,467379999,South Korea,17706365.065333333,USD
CHT,"Chunghwa Telecom Co., Ltd.",42.28,USD,32990510735.609283,USD,0.6187529747739123,-1.9480519480519396,-4.5167118337850045,-2.8045977011494228,1.4882381180989068,0.690640628721122,-5.456171735241497,-0.587820362097343,,Communications,Major telecommunications,US17133Q5027,3.05924321751547,24,775745000,Taiwan,7426872.992000003,USD
TPR,"Tapestry, Inc.",162,USD,32731245961.975372,USD,1.784367931641118,7.398568019093076,10.738943195023591,20.035566093657373,11.393797703362438,25.36759015632255,45.0962830273175,270.5397987191217,52.04652059371586,Retail trade,Apparel/Footwear retail,US8760301072,1.00527770796683,4,202045000,United States,344773734.63666683,USD
TECK,Teck Resources Ltd,66.12,USD,32438634002.57217,USD,0.10598031794096502,7.599674532139954,11.830866807611,5.085823267641453,21.121084447701044,35.63076923076924,101.89312977099237,201.09289617486337,18.453043312072335,Non-energy minerals,Other metals/Minerals,CA8787422044,0.54019014693172,16,483000000,Canada,202049217.11,USD
ZTS,Zoetis Inc.,77.27,USD,32393756481.52211,USD,3.8714881032396766,0.3506493506493455,1.0065359477124132,-11.50432342667354,-39.62809594499571,-38.868670886075954,-47.14774281805745,-62.15964740450539,12.801312105498582,Health technology,Pharmaceuticals: major,US98978V1035,2.8095174082538,13,419228000,United States,500059251.7049999,USD
RMD,ResMed Inc.,223.24,USD,32382389774.402893,USD,-0.3526313440164228,6.0522565320665125,1.7780614570985709,7.954930122346351,-16.405167571615802,-7.656670113753874,-21.57937260687814,-17.92647058823529,21.520427246611526,Health technology,Medical specialties,US7611521078,1.07128509574611,13,145056000,United States,303620979.2396667,USD
MLM,"Martin Marietta Materials, Inc.",538.28,USD,32332240971.133087,USD,-2.726927733704399,-4.467122193628551,-11.253998087512777,-10.713752550301066,-20.509185421466125,-13.075494549858705,-11.394238683127577,46.67029972752042,13.230428905001842,Non-energy minerals,Construction materials,US5732841060,0.599960243598316,32,60065800,United States,377255338.788,USD
EQT,EQT Corporation,51.6,USD,32276624857.677147,USD,0.7222330665625699,-0.7310504040015303,-0.32837550705041857,-8.47818375310394,-7.194244604316546,-3.280224929709466,-0.7692307692307665,182.12137780207766,11.968825385043607,Energy minerals,Integrated oil,US26884L1098,1.27366777278938,4,625516000,United States,394919638.22366655,USD
NTR,Nutrien Ltd.,66.76,USD,32046371899.32936,USD,-0.23909145248056873,-4.778205676793602,3.9227895392279115,-2.4404500949875807,-2.5401459854014523,7.938561034761525,13.924914675767923,14.15868673050617,13.871269301759034,Process industries,Chemicals: agricultural,CA67077M1086,3.25280038346826,8,480024000,Canada,170208556.52200004,USD
CQP,"Cheniere Energy Partners, LP",66.04,USD,31966933916.327465,USD,2.978325276781555,4.808760514204107,6.156566468413447,6.071313845165448,14.752389226759357,22.887979158913293,16.47266313932981,65.76305220883535,15.359568331937856,Utilities,Gas distributors,US16411Q1013,5.09901762045844,19,484054000,United States,6599817.4316666685,USD
CCI,Crown Castle Inc.,74.92,USD,31915918417.183098,USD,1.462621885157094,-4.3045088772512505,-1.173987600580399,-17.778753292361724,-5.248513974958887,-15.678109172763078,-28.80357312553454,-61.223539154288076,16.51384235584553,Finance,Real estate investment trusts,US22822V1017,5.75568797399783,12,426000000,United States,362447965.5973333,USD
TDY,Teledyne Technologies Incorporated,687.52,USD,31870449966.802803,USD,0.5543123747678124,7.623430700353765,4.456160075358167,8.303271845119019,7.9885653252913675,34.019493177387915,23.86408676539474,50.353183020972295,33.21641495395735,Electronic technology,Aerospace & defense,US8793601050,0,0,46355700,United States,273607109.0053333,USD
CNC,Centene Corporation,64.2,USD,31714477675.55755,USD,-4.164800716524843,4.560260586319226,-4.478500223181062,16.304347826086957,72.3952738990333,55.90092277804761,149.46570817952207,-4.776030851379411,,Health services,Managed health care,US15135B1017,0,0,493995000,United States,335630999.35766673,USD
EXR,Extra Space Storage Inc,149.54,USD,31593248852.843643,USD,-0.33324446814182884,-2.15912064904476,1.6794723601006316,4.180019506757699,7.3510409188801,14.977702598800546,7.47448612907863,-15.169049239845705,33.4811033494537,Finance,Real estate investment trusts,US30225T1025,4.3188483071181,22,211270000,United States,182494287.43699992,USD
BAP,Credicorp Ltd.,392.57,USD,31222308006.241817,USD,-0.5849878444084284,0.6357507241918579,0.7623203285420869,20.199020208205745,8.9564252012212,35.95497835497836,61.55808881023909,284.119373776908,15.082661298068611,Finance,Major banks,BMG2519Y1084,3.66630368719611,30,79533100,Peru,111392899.2113333,USD
ARES/PB,Ares Management Corporation 6.75% Series B Mandatory Convertible Preferred Stock,44.21,USD,31032914208,USD,-0.4727600180099074,7.436208991494538,12.5222702977857,8.092909535452328,6.787439613526576,-12.107355864811128,-24.050850369352343,-12.714708785784794,20.466645062728578,Finance,Investment managers,US03990B3096,3.53437790656078,12,222028000,United States,5963195.987166666,USD
CFG/PE,"Citizens Financial Group, Inc. Depositary Shares Each Representing 1/40th Interest in a Share of 5.000% Fixed-Rate Non-Cumulative Perpetual Preferred Stock, Ser",18.15,USD,30998610978,USD,-0.3841931942919884,0.3316749585406231,-1.8918918918918997,-5.665280665280665,-7.350689127105672,-5.320813771518012,-9.880834160873892,-32.951606944957526,3.945480631276901,Finance,Major banks,US1746104025,2.5,12,421177000,United States,1027953.4392931667,USD
CFG/PI,"Citizens Financial Group, Inc. Depositary Shares, Each Representing a 1/40th Interest in a Share of 6.500% Fixed-Rate Reset Non-Cumulative Perpetual Preferred S",24.89,USD,30998610978,USD,-0.04016064257027314,0.362903225806451,-0.5990415335463202,-0.8366533864541866,-2.468652037617551,-2.007874015748024,-0.5593288054334821,-1.3084853291038792,5.410634320246946,Finance,Major banks,US1746108083,2.5,12,421177000,United States,829658.9375000001,USD
CFG/PH,"Citizens Financial Group, Inc. Depositary Shares Each Representing a 1/40th Interest in a Share of 7.375% Fixed-Rate Non-Cumulative Perpetual Preferred Stock, S",25.73,USD,30998610978,USD,-0.5795981452859297,-0.6179992275009661,0.03888024883359861,-1.6813144822315675,-2.1300874857360164,-2.8323262839879155,-3.4159159159159165,2.509960159362546,5.593235076735794,Finance,Major banks,US1746106004,2.5,12,421177000,United States,752184.8606166666,USD
EL,"Estee Lauder Companies, Inc. (The)",85.49,USD,30929847931.79991,USD,-1.6904323827046905,1.5561891185554622,-1.1104684788895407,-0.2683154456369622,-12.524301647395895,-19.055058467073806,-6.322594784133257,-74.09315433801024,,Consumer non-durables,Household/Personal care,US5184391044,1.6099356025759,30,247288000,United States,201201815.85433334,USD
ARES,Ares Management Corporation,138.17,USD,30677668713.739418,USD,-1.1447377835014827,10.757515030060109,14.844983791870987,11.824214956296524,6.629109430467645,-15.066388000983537,-26.599022524436897,87.3999728739997,63.96463126707096,Finance,Investment managers,US03990B1017,3.53437790656078,12,222028000,United States,285784981.284,USD
TS,Tenaris S.A.,53.4,USD,30613527898.536243,USD,-6.39789658194566,-4.91452991452991,-0.5030743432085022,-10.22192333557498,16.16271481400914,38.95394223263076,47.82006920415224,162.53687315634218,14.02568749507525,Non-energy minerals,Steel,US88031M1099,3.12007011393514,24,504817413,Luxembourg,64221791.633666664,USD
CFG,"Citizens Financial Group, Inc.",72.43,USD,30505834145.87691,USD,-1.5896739130434614,1.0886252616887664,-0.699204825884276,12.259764414135171,7.2878092134498615,23.89668149161821,52.8059071729958,65.55428571428574,15.74496761010391,Finance,Major banks,US1746101054,2.5,12,421177000,United States,337883564.489,USD
ATI,ATI Inc.,223.43,USD,30491587922.94076,USD,8.93179269660182,24.52903801136998,18.76362090044119,35.75768623161987,71.09273298108585,93.71423617131957,200.5110961667788,1027.8647147905099,73.68091280833663,Non-energy minerals,Other metals/Minerals,US01741R1023,0,0,136470000,United States,320519946.5286667,USD
KGC,Kinross Gold Corporation,25.62,USD,30391486284.601166,USD,-0.3112840466926004,7.964601769911507,3.977272727272729,-16.71001300390117,-20.447135537959937,-10.341207349081358,40.76923076923078,312.56038647342996,9.984374181608676,Non-energy minerals,Precious metals,CA4969024047,0.556333610879822,6,1186240000,Canada,184326883.35933325,USD
AEE,Ameren Corporation,108.27,USD,29973819106.30684,USD,-0.6241395135383265,-2.248104008667397,-5.051302288871353,-0.8334859864444136,2.4120317820658315,8.552235813114098,6.12624975495001,25.544990723562154,19.05859986973895,Utilities,Electric utilities,US0236081024,2.68012849931161,46,276843000,United States,197861910.16566664,USD
LVS,Las Vegas Sands Corp.,46.11,USD,29865500041.082226,USD,0.5670665212649902,-4.3360995850622475,-0.7853684776761742,-15.035931453841908,-19.40220241216571,-29.279141104294485,-12.020606754436173,12.518301610541734,17.964701757120036,Consumer services,Casinos/Gaming,US5178341070,2.39912758996728,3,647701000,United States,241807970.87799996,USD
CPNG,"Coupang, Inc.",16.35,USD,29349300004.153126,USD,2.187500000000009,6.514657980456037,-15.634674922600608,-5.1624129930394265,-5.1624129930394265,-31.012658227848092,-40.97472924187725,-57.42187499999999,,Retail trade,Internet retail,US22266T1097,0,0,1637260000,United States,332557903.58633333,USD
TWLO,Twilio Inc.,193.2,USD,29322710854.685844,USD,-0.010350895352453282,3.4981518187175236,-9.546327075237611,-2.792452830188685,75.49277863566171,35.2467623381169,53.406383992377314,-48.70841850957072,299.67426710097715,Technology services,Packaged software,US90138F1021,0,0,151774000,United States,380424820.9856667,USD
VICI,VICI Properties Inc.,26.54,USD,29222596816.825005,USD,0.5303030303030325,-0.03766478342750118,-1.6188043756278634,-8.070661586421897,-8.166089965397923,-5.752840909090913,-21.24629080118695,-13.409461663947797,10.292406732335376,Finance,Real estate investment trusts,US9256521090,6.81818181818182,8,1101080000,United States,265812176.01566666,USD
DTE,DTE Energy Company,139.97,USD,29126086307.817272,USD,0.22196763568666927,-2.371486363953411,-8.126025598949784,-1.9543289436816982,1.981785063752276,8.218648523271993,0.12160228898425428,17.119906283992965,22.114959236554384,Utilities,Electric utilities,US2333311072,3.28297293426894,46,208088000,United States,195290968.25033343,USD
WSM,"Williams-Sonoma, Inc.",246.89,USD,29070461815.54117,USD,-0.5438285530132221,6.597297180605316,9.412807445158423,33.19486404833835,15.213029072751876,35.14889424129625,21.72862636820826,212.02527646129542,27.634568675076387,Retail trade,Specialty stores,US9699041011,1.14405414115372,20,117747000,United States,230839779.1853333,USD
ATO,Atmos Energy Corporation,171.98,USD,29062648705.71614,USD,-0.1277584204413466,-2.8032101277269175,-2.1172453044963,-6.272821407161163,-0.3938375999073363,2.8896201017050456,9.807176605797462,69.43842364532019,20.47405326253884,Utilities,Gas distributors,US0495601058,2.24738675958188,40,166920000,United States,195089047.87900004,USD
RDDT,"Reddit, Inc.",150.87,USD,29055074551.524155,USD,-2.8275151359010606,-16.18333333333333,-24.876761440023905,-7.22543352601156,-6.599393301553888,-35.020242914979754,-24.189739209084962,221,35.078704457206626,Technology services,Internet software/Services,US75734B1008,0,0,146103200,United States,946247079.317,USD
P,"Everpure, Inc.",87.26,USD,29005654128.02747,USD,4.203486983520433,21.6760789235167,14.695057833859105,12.13055769725008,31.55434946479724,27.517170831506643,55.46053803670052,322.5665859564166,132.65430221951962,Electronic technology,Computer peripherals,US74624M1027,0,0,332405000,United States,191232795.52899998,USD
FTS,Fortis Inc.,55.92,USD,28569526995.962498,USD,-0.6749555950266349,-2.66318537859008,-2.612330198537095,-0.4805125467164905,1.5619324373410814,7.373271889400929,10.75460487225193,22.57781674704078,23.33004910324498,Utilities,Electric utilities,CA3495531079,3.21211353269133,36,510900000,Canada,42975852.16366667,USD
MTD,"Mettler-Toledo International, Inc.",1421.24,USD,28476758297.64067,USD,-0.01969722550509122,2.8296904053887766,8.237946187179668,19.126608272913966,2.6885255377412367,1.5991478836489539,14.434326110936658,-6.670519168384965,31.987504248150508,Health technology,Medical specialties,US5926881054,0,0,20036600,United States,253450752.06700003,USD
NMR,Nomura Holdings Inc,9.92,USD,28427754683.73752,USD,-0.1007049345417904,6.896551724137938,3.983228511530407,24.937027707808557,10.714285714285703,17.39644970414202,45.66813509544788,101.21703853955376,11.518810961449141,Finance,Investment managers,US65535H2085,2.92407854984894,37,2922589648,Japan,10183545.773333333,USD
DOV,Dover Corporation,210.84,USD,28395977089.76692,USD,0.20912547528517,5.020920502092057,-1.0326699211415644,-4.979945017801605,-4.1679923639834495,8.023363049492774,18.783098591549297,24.001646768217373,25.379476376767983,Producer manufacturing,Industrial machinery,US2600031080,0.988593155893536,46,134680000,United States,259161480.9336666,USD
AMRZ,Amrize Ltd,51.22,USD,28352146305.414143,USD,-3.1391830559758014,0.3526645768025073,-4.028480419711446,-4.511558538404179,-9.345132743362834,-6.379089745933106,2.9340836012861753,-0.2531645569620303,24.504832073485794,Non-energy minerals,Construction materials,CH1430134226,1.04009077155825,0,553536600,United States,141978530.00599998,USD
XYL,Xylem Inc.,120.76,USD,28195867949.550594,USD,-1.2188139059304663,-1.2188139059304661,0.5872308525259242,4.427533725354553,-14.129275403541202,-11.394819869396132,-16.098103244632807,-5.92817636519436,28.684766859070287,Producer manufacturing,Industrial machinery,US98419M1009,1.35787321063395,15,233487000,United States,239530533.61633337,USD
DG,Dollar General Corporation,127.45,USD,28113767733.261776,USD,0.40176461320309215,-0.10189684903589548,10.43237154492679,8.894395078605601,-13.021224322664299,-4.017773091840188,14.325439540724792,-45.98202932949055,18.019482814687045,Retail trade,Discount stores,US2566771059,1.85914605325351,11,220587000,United States,287015064.898,USD
OTIS,Otis Worldwide Corporation,73.83,USD,28104816935.88591,USD,0.998632010943918,1.24794295117937,-0.2027575020275827,-4.796905222437136,-19.52256376716808,-15.351983490025225,-14.62765957446809,-18.89486982313523,18.953124197771732,Industrial services,Engineering & construction,US68902V1070,2.32558139534884,6,380669000,United States,269717486.6966666,USD
PBA,Pembina Pipeline Corp.,48,USD,27914640422.033897,USD,1.8027571580063655,-4.743004564397699,2.3017902813299194,4.963918652963051,13.154172560113148,26.116657908565415,29.519697787371822,47.7832512315271,24.02036927314363,Industrial services,Oil & gas pipelines,CA7063271034,4.33565375302663,28,581555000,Canada,45235410.03666667,USD
Q,"Qnity Electronics, Inc.",133.37,USD,27902143104.08464,USD,-1.673547626068993,2.9963703760908142,-4.851252051080818,-9.750981188252805,40.411643943780604,63.263557350960966,89.177304964539,89.177304964539,43.01703006063734,Electronic technology,Electronic equipment/Instruments,US74743L1008,0.0442347390150398,1,209208540,United States,287481305.764,USD
CRS,Carpenter Technology Corporation,557.24,USD,27686810989.02856,USD,-2.305440137449811,13.211840474594183,-8.514201280577904,23.559280693585222,56.52808988764045,76.01314002337409,117.26450405489706,1400.7810395906274,52.942405989321074,Non-energy minerals,Other metals/Minerals,US1442851036,0.140254913304932,47,49685600,United States,454311356.90600014,USD
FE,FirstEnergy Corp.,47.37,USD,27410175127.826115,USD,-0.8788449466415604,-3.9927036886907294,-1.823834196891197,4.777704047777033,1.434689507494635,5.595185020062412,8.796508957280658,24.690708081073954,25.278830247078286,Utilities,Electric utilities,US3379321074,3.76647834274953,46,578640000,United States,218864791.29299995,USD
FTI,TechnipFMC plc,69.62,USD,27302481954.03263,USD,0.5052692363216523,-2.629370629370623,3.678332092330601,-2.819653824678945,22.570422535211282,56.414288923837354,93.55018070614402,893.1526390870187,24.261221076108168,Industrial services,Oilfield services/Equipment,GB00BDSFG982,0.28872527789808,3,392164000,United States,285338420.84666675,USD
RF/PC,"Regions Financial Corporation Depositary Shares, each Representing a 1/40th Interest in a Share of 5.700% Fixed-to-Floating Rate Non-Cumulative Perpetual Pref",23.96,USD,27205740219,USD,-0.24979184013321698,-2.044153720359771,-2.4827024827024804,-1.963993453355157,-1.1143210895583968,1.61153519932147,-2.1641486320947227,-18.308898738493003,9.74538355161474,Finance,Major banks,US7591EP7044,3.32496863237139,46,853380000,United States,1006582.9833333335,USD
RF/PF,"Regions Financial Corporation Depositary Shares Each Representing a 1/40th Interest in a Share of Non-Cumulative Perpetual Preferred Stock, Series F",25.32,USD,27205740219,USD,-0.3933910306845059,-0.039478878799834236,0,-1.555209953343696,-0.8613938919342164,-0.5108055009823144,-0.393391030684506,1.0778443113772438,10.298543886764826,Finance,Major banks,US7591EP8604,3.32496863237139,46,853380000,United States,731172.5885366667,USD
RF/PE,"Regions Financial Corporation Depositary Shares, Each Representing a 1/40th Interest in a Share of 4.45% Non-Cumulative Perpetual Preferred Stock, Series E",16.04,USD,27205740219,USD,-1.2315270935960547,-1.2923076923076975,-0.9876543209876553,-3.9520958083832345,-7.336799537839397,-7.336799537839397,-10.640668523676881,-39.10402429764616,6.524038070446595,Finance,Major banks,US7591EP8869,3.32496863237139,46,853380000,United States,690193.8612066667,USD
ES,Eversource Energy (D/B/A),72.06,USD,27143182484.50283,USD,-0.5657513453842923,-4.669929884905412,-2.687373396353808,6.377325066430481,5.1050175029171525,6.2988641392535705,8.377199578884053,-19.006406653928284,18.663075289425294,Utilities,Electric utilities,US30040W1080,4.25003449703325,27,376675000,United States,175580330.9793333,USD
HAL,Halliburton Company,32.51,USD,27085068104.542423,USD,2.1684475172847195,4.165331624479324,-2.37237237237237,-16.966983457248606,-4.1002949852507395,14.71418489767113,48.04189435336975,64.77445514445006,17.028966528730816,Industrial services,Oilfield services/Equipment,US4062161017,2.1370207416719,46,833130000,United States,397481174.6923334,USD
HUBB,Hubbell Inc,507.73,USD,26824681213.346878,USD,-1.1390630476264696,6.011191380966304,4.883389452374568,1.8883448386578956,2.509590147385424,13.400933598374019,19.702470765748775,153.32036122336976,30.062584744006493,Producer manufacturing,Electrical products,US4435106079,1.08649090696678,46,52832600,United States,301469982.132,USD
AWK,"American Water Works Company, Inc.",134.82,USD,26792642981.088997,USD,0.4919499105545592,-3.700000000000005,0.10395010395009381,6.619217081850526,6.610786019294639,3.5245335176226704,-5.0563380281690185,-25.070860890346253,23.33979641299079,Utilities,Water utilities,US0304201033,2.51751639833035,18,198729000,United States,314794847.05766666,USD
CNP,"CenterPoint Energy, Inc (Holding Co)",40.67,USD,26790157108.23297,USD,0.049200492004927744,-5.659939689167241,-8.503937007874018,-4.01227283455274,0.22178413011336476,6.104878685103062,4.068577277379743,54.81537875904074,23.971472356477662,Utilities,Electric utilities,US15189T1079,2.2140221402214,46,658720000,United States,305652226.4033333,USD
RF,Regions Financial Corporation,31.39,USD,26787584236.963932,USD,-1.5370138017565824,0.8352071956312289,2.783235101506226,11.827573922337015,1.487229227287426,15.873015873015875,24.588211946814845,58.056394763343405,12.767428617912632,Finance,Major banks,US7591EP1005,3.32496863237139,46,853380000,United States,307613807.46733344,USD
WRB,W.R. Berkley Corporation,72.13,USD,26776643072.42439,USD,0.06936736958934124,-3.826666666666673,0.48760100306491266,8.270789552686866,1.1782858745967024,3.3825426401031957,2.6907744874715274,121.16698943187774,14.833933161953727,Finance,Multi-line insurance,US0844231029,0.513318534961154,40,371228000,United States,146253156.8716666,USD
WRB/PH,W.R. Berkley Corporation 4.125% Subordinated Debentures due 2061,15.06,USD,26758081695,USD,-0.725115359261697,-1.0512483574244424,-1.116217990807616,-4.984227129337534,-13.348676639815872,-8.058608058608051,-10.887573964497031,-44.79472140762463,3.097172236503856,Finance,Multi-line insurance,US0844238701,0.513318534961154,40,371228000,United States,408516.3773333334,USD
AVB,"AvalonBay Communities, Inc.",186.55,USD,26638962067.27177,USD,-1.613838932545753,-2.1864513422818725,-4.719342152306033,0.2579674316117688,10.033030553261778,3.0776881423361817,-0.09104541559553743,-18.891304347826082,25.628520401154006,Finance,Real estate investment trusts,US0534841012,3.72343230842255,32,142798000,United States,156887126.44766665,USD
NVT,nVent Electric plc,163.3,USD,26431400616.79833,USD,0.7775857812885827,12.620689655172422,6.35664973296862,-3.9072613863716525,51.87405892490278,58.790353947880206,81.88906215192694,388.92215568862275,45.111743418326476,Electronic technology,Electronic components,IE00BDVJJQ56,0.512219205134535,8,161858000,United Kingdom,351515917.9406666,USD
CW,Curtiss-Wright Corporation,714.04,USD,26377469169.75706,USD,-4.592402560094067,2.362520786742362,-11.64620867155019,-2.8913368693050443,12.303990185747319,28.74864767399927,40.6975369458128,485.2307187935415,52.29912839668937,Electronic technology,Aerospace & defense,US2315611010,0.13094426851592,46,36941200,United States,183551150.29899997,USD
DGX,Quest Diagnostics Incorporated,238.5,USD,26324045875.19293,USD,1.1278833107191302,3.286994933090816,9.963576006270467,24.406655886495223,23.447204968944106,37.61467889908257,37.97292606733772,61.92545318758911,25.299134419551937,Health services,Services to the health industry,US74834L1008,1.40773405698779,23,110373000,United States,227305726.8586667,USD
PPLC,PPL Corporation Corporate,46.33,USD,26294647153,USD,-0.536711034778875,-3.47916666666667,-5.080926039745962,-5.928934010152288,-7.984111221449858,-7.984111221449858,-7.984111221449858,-7.984111221449858,28.487978847691075,Utilities,Electric utilities,US69351T8669,3.19027181688126,46,752350000,United States,9522017.837999998,USD
PPL,PPL Corporation,34.62,USD,26046371514.645493,USD,-0.9442060085837064,-3.29608938547486,-5.020576131687257,-5.847158009246684,-3.5654596100278586,-1.085714285714293,-3.4309623430962453,19.668164535084678,21.287585316362293,Utilities,Electric utilities,US69351T1060,3.19027181688126,46,752350000,United States,291984849.9829999,USD
PPG,"PPG Industries, Inc.",117.16,USD,26044667757.08453,USD,-1.653655670276168,4.411371535513772,-6.189446713107539,6.71281537480644,-6.354408120853651,13.714452101329705,9.792896635741732,-28.626256472738355,16.822939850379793,Process industries,Industrial specialties,US6935061076,2.38395030638798,46,222300000,United States,234215880.75333336,USD
CPAY,"Corpay, Inc.",398.28,USD,26032343659.695232,USD,0.9504980609839557,2.241047362341153,10.513610255556477,22.547692307692298,17.911066374563326,32.033814022874196,23.63568634755075,52.55094223992646,24.210961435588192,Commercial services,Miscellaneous commercial services,US2199481068,0,0,65361900.00000001,United States,236905846.52733326,USD
EIX,Edison International,67.23,USD,25871042741.18897,USD,-1.5954332552693054,-14.356687898089167,-9.09951325040561,-3.0569574621485085,4.687013391466841,11.363259897299995,21.113312916591617,21.222502704652005,6.925644353791953,Utilities,Electric utilities,US2810201077,5.06440281030445,23,384814000,United States,207190564.067,USD
PHG,Koninklijke Philips N.V. NY Registry Shares,26.33,USD,25803625268.14632,USD,-0.9778112072207655,-1.2378094523630978,-7.581607581607582,-3.834915997078162,-9.456671251719396,-3.517772077684137,-0.3029155622870195,-35.43630629667472,19.614123957091774,Health services,Medical/Nursing services,US5004723038,3.164708537044,2,977427685,Netherlands,32201912.66333333,USD
SYF/PA,"Synchrony Financial Depositary Shares, each Representing a 1/40th Interest in a Share of 5.625% Fixed Rate Non-Cumulative Perpetual Preferred Stock, Series A",19.07,USD,25785639832,USD,-0.1047668936616007,-0.7287870900572647,1.1671087533156437,-5.124378109452741,-2.2051282051282035,-2.704081632653067,-2.5549310168625445,-29.474852071005913,1.9557169081828345,Finance,Finance/Rental/Leasing,US87165B2025,1.51419558359621,10,325371000,United States,1077062.5633333332,USD
SYF/PB,"Synchrony Financial Depositary Shares Each Representing a 1/40th Interest in a Share of 8.250% Fixed Rate Reset Non-Cumulative Perpetual Preferred Stock, Series",25.42,USD,25785639832,USD,-0.07861635220125618,-1.8911617136240773,-2.3434498655397595,-2.7171833141982296,-1.12796577207312,-3.198781416603198,-0.8193523214982338,2.0064205457463884,2.606938846670564,Finance,Finance/Rental/Leasing,US87165B4005,1.51419558359621,10,325371000,United States,1207678.7854833335,USD
HPQ,HP Inc.,28.18,USD,25771250242.28822,USD,-1.192145862552594,2.9594446474241822,23.75933245498463,33.68121442125238,47.230929989550674,25.02218278615794,12.270916334661347,-3.723949436282883,10.40005904930617,Technology services,Information technology services,US40434L1052,4.17040673211781,46,914523000,United States,377305316.2656666,USD
RBLX,Roblox Corporation,36.04,USD,25746107682.97209,USD,-0.4144791378833893,-27.133036797412053,-37.190658766120606,-18.33220031724451,-46.53612223705681,-55.751995089011665,-71.59520807061791,-54.9049049049049,,Technology services,Packaged software,US7710491033,0,0,669993000,United States,546252113.6993331,USD
LH,Labcorp Holdings Inc.,316.53,USD,25670581818.406292,USD,0.8185756147279887,6.218120805369118,9.525951557093416,22.57677264454167,13.046428571428562,25.95201145994985,20.399391403575507,23.241562631996363,26.17507938608097,Health services,Medical/Nursing services,US5049221055,0.917314307555103,4,80900000,United States,223203564.81666666,USD
SYF,Synchrony Financial,78.67,USD,25596924739.22322,USD,-0.7318611987381681,4.295373193689506,1.7196793379881021,5.696627703882836,5.131631698516642,-6.020786047067247,12.27344084486943,60.583792610736886,8.067973212729083,Finance,Finance/Rental/Leasing,US87165B1035,1.51419558359621,10,325371000,United States,290277297.8406667,USD
SN,"SharkNinja, Inc.",179.93,USD,25463760346.313488,USD,-1.1970786887046327,12.477339501156473,20.612682665236626,56.4608695652174,58.013524194256604,60.45122168717675,55.85101775660459,498.76871880199667,36.763924645498754,Consumer durables,Electronics/Appliances,KYG8068L1086,0,0,141520390,United States,270649984.6590001,USD
FMX,Fomento Economico Mexicano S.A.B. de C.V.,122.18,USD,25039610282.988,USD,-1.7608748090375475,0.14754098360656298,-6.803966437833705,0.9752066115702536,13.129629629629635,20.007857774285437,36.13370473537606,40.501379944802224,23.73717749456015,Consumer non-durables,Beverages: non-alcoholic,US3444191064,1.87260271769719,11,201519000,Mexico,70610991.71066669,USD
NRG,"NRG Energy, Inc.",119.05,USD,25025558308.22662,USD,-1.3915348297854773,-7.713178294573646,-15.525438160789049,-17.067223963775696,-20.079215896885074,-26.32132689689319,-28.31336183537063,181.7084713677236,31.48804485823106,Utilities,Electric utilities,US6293775085,1.51577901101632,14,210210000,United States,409666424.01833344,USD
EQR,Equity Residential,66.7,USD,25008790489.444942,USD,-1.5352819604369532,-2.2424153598124006,-5.390070921985812,1.229321596600398,8.54353132628153,7.028241335044933,4.973245199874101,-21.796224645327708,29.273644941847706,Finance,Real estate investment trusts,US29476L1070,4.11868910540301,33,374944000,United States,196875473.47500005,USD
KEY/PK,"KeyCorp Depositary Shares, each representing a 1/40th ownership interest in a share of Fixed Rate Perpetual Non-Cumulative Preferred Stock, Series G",21.19,USD,24639998152,USD,-0.8423022929340184,-1.3959981386691354,2.664728682170546,-0.6563525550867184,-3.4624145785876905,-0.5631159080243897,-5.232558139534875,-25.12367491166078,12.324783342057815,Finance,Major banks,US4932678687,3.55132091814638,39,1067130000.0000001,United States,825266.7211900002,USD
KEY/PI,"KeyCorp Depositary Shares Each Representing a 1/40th Ownership Interest in a Share of Fixed-to-Floating Rate Perpetual Non-Cumulative Preferred Stock, Series E",25.07,USD,24639998152,USD,-0.7521773555027762,-0.555335184450617,0,-0.11952191235060214,0,1.0479645304312841,0.239904038384641,-16.68328348288468,14.58151573314721,Finance,Major banks,US4932677028,3.55132091814638,39,1067130000.0000001,United States,1080309.5341961326,USD
KEY/PL,"KeyCorp Depositary Shares each representing a 1/40th ownership interest in a share of Fixed Rate Perpetual Non-Cumulative Preferred Stock, Series H",25.2,USD,24639998152,USD,-0.03966679888933583,-0.4346108257605667,0.5586592178770973,0.7596961215513703,-0.39525691699605303,-0.7874015748031469,0.840336134453785,-0.19801980198020083,14.657127900889897,Finance,Major banks,US4932678430,3.55132091814638,39,1067130000.0000001,United States,1337316.5773333337,USD
KEY/PJ,"KeyCorp Depositary Shares each representing a 1/40th ownership interest in a share of Fixed Rate Perpetual Non-Cumulative Preferred Stock, Series F",21.31,USD,24639998152,USD,-0.7452258965999076,-0.6063432835821014,2.1082894106372674,-0.18735362997659344,-3.705377315860824,0.046948356807502395,-4.511399483796969,-23.592685550376487,12.394579189204908,Finance,Major banks,US4932678760,3.55132091814638,39,1067130000.0000001,United States,970111.2305000001,USD
SW,Smurfit WestRock plc,46.93,USD,24539188904.081497,USD,-3.177223024551267,-2.977051891668385,2.758922706371793,12.004773269689741,6.756141947224747,20.829042224510804,7.244058500914081,-3.177223024551267,49.904296044236496,Process industries,Containers/Packaging,IE00028FXN24,3.64390344543016,13,524522900.00000006,Ireland,260285524.27499995,USD
WST,"West Pharmaceutical Services, Inc.",348.6,USD,24532990193.01579,USD,-0.6894194063016237,3.7067888379841842,-3.292923128138265,7.758887171561058,48.10723541657816,26.648501362397827,47.03277236492472,-17.516503797648056,44.56432808345265,Health technology,Medical specialties,US9553061055,0.250697965927867,46,70375800,United States,292449070.1343333,USD
TPL,Texas Pacific Land Corporation,355.64,USD,24530065272.518173,USD,-6.871268461296745,-7.865284974093268,-12.165966905408741,-10.096567066080187,1.4780574102608022,24.349650349650343,10.048588645803708,114.81653702139126,,Miscellaneous,Investment trusts,US88262P1021,0.593552948570231,12,68974400,United States,143402156.2786667,USD
CHD,"Church & Dwight Company, Inc.",103.36,USD,24517395290.49479,USD,-0.27016595908915586,5.094051855617697,4.109589041095889,9.7822623473181,3.339332133573289,23.754789272030656,13.4203884560518,23.062269317775932,33.25718330705621,Consumer non-durables,Household/Personal care,US1713401024,1.16267850250868,46,237204000,United States,185534709.414,USD
PHM,"PulteGroup, Inc.",129.55,USD,24284476223.50688,USD,-2.6013081723178555,-2.2337936759489696,-1.4004109901818824,10.556408943505721,-3.744706144587259,9.371042634022801,6.695766760006596,141.24767225325886,13.23343139658413,Consumer durables,Homebuilding,US7458671010,0.751823171190136,13,187453000,United States,235649436.60099995,USD
KEY,KeyCorp,22.66,USD,24181132876.75704,USD,-1.8622780424426146,1.0704727921498591,-3.5744680851063824,3.944954128440364,-0.831509846827139,9.84003877847795,26.662940190050303,12.178217821782184,13.179782469609725,Finance,Major banks,US4932671088,3.55132091814638,39,1067130000.0000001,United States,249298087.50966662,USD
DRI,"Darden Restaurants, Inc.",210.94,USD,24063608204.313625,USD,1.0007182188173347,-0.9020013154185924,2.622233033325218,5.670774471495839,-1.6046272973225104,14.305841551967056,3.0030763220860424,44.806754994164905,20.304363310841378,Consumer services,Restaurants,US2371941053,2.9303327747187,31,114078000,United States,306999434.3343334,USD
AER,AerCap Holdings N.V.,155.24,USD,23973724661.121124,USD,0.07090827048282965,1.4574210835893198,-0.0450711480265232,3.500233348889926,7.477153143173644,6.980911033009438,42.34366403814415,185.00091793647883,7.63499190958407,Finance,Finance/Rental/Leasing,NL0000687663,0.863791658608909,2,154430000,Ireland,165488170.08033335,USD
VLTO,Veralto Corp,98.02,USD,23896625089.09016,USD,0.8851379168382044,0.5849153412006087,4.476657429119594,10.333183250787926,7.726123749862624,-1.209433581939128,-8.220973782771537,26.886731391585755,24.706356807985077,Producer manufacturing,Industrial machinery,US92338C1036,0.514615067929189,3,243793350,United States,184632085.74866664,USD
AXIA/PC,AXIA Energia,10.12,USD,23829204767.162403,USD,-2.2222222222222263,2.2222222222222108,-1.2682926829268368,-10.993843447669306,-3.9848197343453506,16.994219653179176,20.190023752969115,20.190023752969115,15.605656773009244,Utilities,Electric utilities,US15236F1003,8.45741016570471,7,2284574493,Brazil,714439.605,USD
AXIA,AXIA Energia,10.22,USD,23829204767.162403,USD,-2.387774594078319,0.2944062806673321,-2.0134228187919376,-14.762301918265216,-7.0909090909090855,10.248112189859775,80.7006803965861,62.70074189070728,15.97873671044403,Utilities,Electric utilities,US15234Q2075,7.69327602674307,7,2284574493,Brazil,28422585.711999997,USD
BRO,"Brown & Brown, Inc.",71.18,USD,23817563799.548416,USD,0.3241719520789344,-3.3930510314875133,2.5796224239804095,22.80883367839891,-2.5332055319731537,-10.768459320546558,-22.25013653741124,30.629473297852826,22.508221603845183,Finance,Insurance brokers/Services,US1152361010,0.909090909090909,38,334610000,United States,193086386.30833343,USD
CIB,Grupo Cibest S.A.,90.25,USD,23719539148.4375,USD,0.12203239405369362,-0.6822933861560521,11.709369971531121,37.01229694853498,17.207792207792206,42.620101137800255,100.46645935139937,217.7816901408451,45.90772674093291,Finance,Regional banks,US40090E1064,2.83221877080098,26,111362250,Colombia,23751745.62100001,USD
L,Loews Corporation,115.98,USD,23709526425.68274,USD,0.20736132711250138,-1.4110846650799018,-0.8717948717948684,10.868941783768287,3.887495521318527,10.45714285714286,23.817657734600193,112.10680321872714,14.2062714355708,Finance,Property/Casualty insurance,US5404241086,0.216001382408847,46,204428000,United States,91858816.26966669,USD
IHG,Intercontinental Hotels Group,159.3,USD,23674905521,USD,-0.8835241413638548,-2.353806546524442,-4.519299928074798,6.841046277666008,11.002717580656416,12.938674228996808,37.32758620689656,141.40021215335662,32.6187112230481,Consumer services,Hotels/Resorts/Cruise lines,US45857P8068,1.04529616724739,5,147738031,United Kingdom,42259830.88166666,USD
RL,Ralph Lauren Corporation,395.83,USD,23565766999.68541,USD,3.9524134670938635,4.6726253437698215,-0.7944862155388511,10.59175234689315,15.773618016964027,11.50140845070422,32.145957134272535,216.664,26.195865099534092,Consumer non-durables,Apparel/Footwear,US7512121010,0.981537895897894,5,37635100,United States,244859397.17666686,USD
USFD,US Foods Holding Corp.,106.97,USD,23557109311.308094,USD,6.44840282615186,5.0992336411868715,2.5599232981783335,21.889243391066536,20.5431597926527,42.664710589490525,29.081694219862428,214.61764705882354,36.0313931554837,Distribution services,Food distributors,US9120081099,0,0,220222000,United States,278893992.1296667,USD
BURL,"Burlington Stores, Inc.",371.15,USD,23361000021.14867,USD,0.4900633562571079,0.2376644070543105,17.836619360574005,22.13300865444733,21.78835110746513,29.212505222113897,32.55357142857142,10.123727858054181,38.116707061578275,Retail trade,Apparel/Footwear retail,US1220171060,0,0,62942200,United States,220605202.17866662,USD
EXPD,"Expeditors International of Washington, Inc.",178.56,USD,23354066018.04796,USD,-1.5710269555151286,5.53191489361703,6.685785983151101,16.538310925466654,9.211009174311927,19.72643154083413,52.55019222554465,43.34109336116241,28.847458722414295,Transportation,Air freight/Couriers,US3021301094,0.870955294636459,33,130791000,United States,223909779.861,USD
GPN,Global Payments Inc.,87.69,USD,23204386429.445816,USD,0.24005486968449213,1.0369858278603428,12.74106454101311,25.289327046720967,21.952576315972458,13.002577319587635,-0.005701579337471296,-49.01744186046512,27.513177710843376,Finance,Finance/Rental/Leasing,US37940X1028,1.14311842706904,9,273544000,United States,270783900.9563332,USD
MKL,Markel Group Inc.,1871.33,USD,23185701179.549667,USD,-0.3567568143213924,-4.468415302778145,-6.330932370946187,3.7661984795470715,-13.005903956115477,-12.69053295572777,-3.519300470718038,49.99198473894295,10.324442600484186,Finance,Property/Casualty insurance,US5705351048,0,0,12390000,United States,142964949.24433333,USD
XPO,"XPO, Inc.",196.35,USD,22989927849.338844,USD,-1.9132780497552266,-5.478265055601018,-6.196254538505637,-5.8183039140445105,5.089916506101472,44.87567328266804,62.71649954421148,294.89341970400915,57.7364149611856,Transportation,Trucking,US9837931008,0,0,117086000,United States,228668444.9446667,USD
LUV,Southwest Airlines Company,46.94,USD,22963432912.81041,USD,-3.7917606066817005,4.3111111111111065,-7.5438250935591995,12.242945958871347,-11.182592242194897,13.081185256564684,56.83260942198462,-8.21274931560423,28.476098034457653,Transportation,Airlines,US8447411088,1.47571223611396,4,489208000,United States,281882757.11766666,USD
OMC,Omnicom Group Inc.,82.51,USD,22636286372.76258,USD,0.9790723289683165,3.4867678414649452,1.2516873235980002,7.072411108227358,20.084412749235938,2.1795665634674988,13.3379120879121,11.199460916442051,70.72689867992456,Commercial services,Advertising/Marketing services,US6819191064,3.79390527475217,40,274346000,United States,299404661.0403334,USD
STZ,"Constellation Brands, Inc.",132.52,USD,22631215324.495716,USD,1.4390691977954868,2.7207193240834195,-0.20332856389787018,-12.09286898839137,-19.975845410628008,-4.248554913294794,-22.69280130673199,-39.62092217969746,12.642384232317644,Consumer non-durables,Beverages: alcoholic,US21036P1084,3.13839559093693,11,170753000,United States,308079116.32866645,USD
STE,STERIS plc (Ireland),231.78,USD,22588741664.21735,USD,-0.3996390357096845,0.4246100519930631,7.102259599833651,8.455383463572128,-5.941076211346476,-8.542792881663578,4.241061389700925,7.83976178290606,28.343625802506878,Health technology,Medical specialties,IE00BFY8C754,1.08289287095527,21,97457700,Ireland,173348056.80100003,USD
PKG,Packaging Corporation of America,252.75,USD,22519684159.205696,USD,-1.2733877582906883,1.4856454527203327,6.975070893469332,12.293406788697345,8.09597125994355,22.723962126729795,30.877174813587406,81.20877545167768,32.8545430911218,Process industries,Containers/Packaging,US6951561090,2.05070114448654,23,89098700,United States,165303390.28333336,USD
CMS/PC,"CMS Energy Corporation Depositary Shares, each representing a 1/1,000th interest in a share of 4.200% Cumulative Redeemable Perpetual Preferred Stock, Series C",16.46,USD,22448984724,USD,-0.42347247428917284,0.3046922608165796,-2.140309155766941,-4.965357967667433,-7.215332581736177,-5.72737686139748,-6.636415201361306,-35.387634936211974,4.946210709778232,Utilities,Electric utilities,US1258968379,3.10797597429809,19,313577000,United States,343970.82586333336,USD
IOT,Samsara Inc.,38.22,USD,22340104133.50581,USD,-1.316808675445386,0.7911392405063216,-0.052301255230133695,29.42770064341347,54.11290322580644,6.4623955431754885,5.550952775476382,53.49397590361446,393.61483007209057,Technology services,Packaged software,US79589L1061,0,0,372784500,United States,198311539.87633336,USD
CMS,CMS Energy Corporation,71.2,USD,22326689654.26456,USD,-0.5447688224612384,-3.3002852098329387,-7.532467532467529,-3.2740116831952135,-3.1556039173014057,1.8452295808897243,-4.120657150552117,12.498024964449366,21.39551655748543,Utilities,Electric utilities,US1258961002,3.10797597429809,19,313577000,United States,268263398.324,USD
FICO,Fair Isaac Corporation,1031.89,USD,22286384855.182423,USD,-5.465622280243677,-10.270434782608687,-20.31737451737451,-8.031194295900168,-24.425255787723653,-38.978610669237085,-23.11606836842654,112.27499948571312,29.81539643968529,Commercial services,Financial publishing/Services,US3032501047,0,0,21597600,United States,388153816.30200005,USD
FIS,"Fidelity National Information Services, Inc.",42.81,USD,22077371053.966385,USD,-0.07002801120448444,-6.944897293772415,1.928571428571434,-3.797752808988759,-15.910430170889795,-35.62406015037594,-40.730998200193824,-66.97523721360797,6.57341154070571,Technology services,Packaged software,US31620M1062,3.92156862745098,23,515706000,United States,272931023.6953331,USD
FDXF,"FedEx Freight Holding Company, Inc.",146.42,USD,21890558374.85632,USD,2.370132140110457,1.2656476934780996,-5.156108304184485,8.45925925925925,8.45925925925925,8.45925925925925,8.45925925925925,8.45925925925925,,Transportation,Trucking,US3143521058,0,,149505250,United States,210400172.23633337,USD
DOW,Dow Inc.,30.3,USD,21886923213.063698,USD,2.123356926188065,0.7984031936127811,9.98185117967332,-19.221540922420683,-2.25806451612903,28.662420382165603,33.95225464190981,-50.81967213114754,,Process industries,Chemicals: specialty,US2605571031,4.7185709470846,7,722341000,United States,319751323.1726667,USD
AMCR,Amcor plc,47.06,USD,21757987352.900944,USD,-1.4450261780104663,2.3043478260869614,4.6010224494332075,16.9192546583851,-1.548117154811705,12.718562874251502,0.3411513859275132,-19.76129582267689,32.43056991248019,Process industries,Containers/Packaging,JE00BV7DQ550,5.41884816753927,6,462346000,Switzerland,158032439.8643333,USD
IFF,"International Flavors & Fragrances, Inc.",84.55,USD,21572929329.014988,USD,-3.9968207107982248,5.55555555555556,1.2938780400143743,7.7207287552554495,14.893327897812192,25.203613208944166,14.349472545307005,-42.90248514316586,78.44683614770828,Consumer non-durables,Food: specialty/candy,US4595061015,1.81673668672647,46,255150000,United States,157230098.30299997,USD
BSBR,Banco Santander Brasil SA,5.79,USD,21464605548.2496,USD,0,16.032064128256508,10.496183206106867,-1.3628620102214664,-9.531250000000004,-7.50798722044728,19.38144329896908,-20.555229757294168,16.599770642201836,Finance,Major banks,US05967A1079,5.07649395509499,17,3743768000,Brazil,12810328.65,USD
IP,International Paper Company,40.53,USD,21461325177.45586,USD,-4.07100591715976,-7.928214447978196,4.378058202420816,21.931407942238263,-9.551439410845795,2.5556680161943266,-12.025179075320162,-25.83023200735307,,Process industries,Pulp & paper,US4601461035,4.37869822485207,46,529517000.00000006,United States,217210968.35533336,USD
SNA,Snap-On Incorporated,414.68,USD,21450203785.864246,USD,-0.9955831443237473,-0.5420444188612249,0.4968131255604322,11.213023305709765,13.130541535943255,20.354085038455956,28.85463923932634,84.48260521398701,21.152286464842255,Consumer durables,Tools & hardware,US8330341012,2.25856511877761,46,51727100,United States,152602987.89766657,USD
RS,"Reliance, Inc.",418.13,USD,21347439977.543247,USD,-0.7005794623349455,2.939511066249784,9.693583084107244,12.715656674574083,21.62012798138452,43.7712753154764,45.47700229629113,174.09373975745655,24.318225437795526,Non-energy minerals,Steel,US7595091023,1.16367436116652,32,51054600,United States,141877885.8733333,USD
BCE,"BCE, Inc.",22.77,USD,21233613293.128,USD,3.218495013599279,2.3370786516853914,8.583690987124466,-7.137030995106036,-10.653325485579753,-4.347826086956522,-3.353140916808146,-55.079897415663844,4.694031591893872,Communications,Major telecommunications,CA05534B7604,5.67077122488658,36,932526000,Canada,93663834.03966667,USD
BCH,Banco De Chile,42.16,USD,20944860909.43141,USD,1.2487992315081555,1.6393442622950813,5.637684790779254,15.19125683060108,-5.703422053231948,9.279419388284081,49.9288762446657,143.55863662622764,16.057893734526754,Finance,Major banks,US0595201064,3.97385686839577,25,505085000,Chile,11667915.964000003,USD
BG,Bunge Limited,109,USD,20940985204.14556,USD,2.232226599137118,3.053795972392932,-1.1606819006166134,-12.54813863928113,-4.234756633280613,22.197309417040355,31.420303834096938,44.696667994159036,21.136729430471792,Process industries,Agricultural commodities/Milling,CH1300646267,2.64490714687676,25,192119000,United States,166882799.57933334,USD
STLA,Stellantis N.V.,5.55,USD,20889747068.809307,USD,-1.420959147424513,-2.631578947368427,-4.4750430292598935,-27.356020942408378,-22.486033519553075,-50.8849557522124,-37.7453729669097,-73.79603399433428,,Consumer durables,Motor vehicles,NL00150001Q9,0,0,2894734957,Netherlands,117773643.56466664,USD
AS,"Amer Sports, Inc.",36.11,USD,20881394059.95508,USD,-1.6879934658317381,0,3.3485975958786542,-1.9282998370450866,-0.3312172232956043,-4.039330321551962,-5.2976658798846135,169.47761194029852,44.729344729344724,Consumer durables,Recreational products,KYG0260P1028,0,0,578271800,Finland,135464936.099,USD
NI,NiSource Inc,43.38,USD,20798074135.766026,USD,1.0953157772081241,-4.047777040477767,-8.423052564914492,-8.171041490262487,-2.1871476888387797,3.8793103448275974,0.6963788300835754,70.11764705882354,22.974261201143946,Utilities,Gas distributors,US65473P1057,2.74994173852249,39,479439000,United States,247350686.8223333,USD
MTZ,"MasTec, Inc.",258.63,USD,20769268416.189503,USD,-3.044048734770386,-20.146350500185253,-30.294046303533403,-37.88755733807248,2.790032192679139,17.553747556929235,45.45301164163995,164.09680383947716,41.19886580858927,Industrial services,Engineering & construction,US5763231090,0,0,80305000,United States,490111410.61166674,USD
SNX,TD SYNNEX Corporation,259.21,USD,20726107610.655186,USD,-1.4672900748850168,2.26053337541423,10.429003535977502,10.142772159428901,55.681681681681674,71.66225165562912,83.43358573349373,111.39292122002934,18.54307952041663,Distribution services,Electronics distributors,US87162W1009,0.714638689322234,12,79958800,United States,221889733.34800002,USD
THC,Tenet Healthcare Corporation,256.64,USD,20664394668.63666,USD,-1.9484985099717362,0.33230384299620563,23.17143405644076,30.86533068176022,29.322247417485514,29.049127570774868,59.245470340034736,269.9048717209571,9.896996270887081,Health services,Hospital/Nursing management,US88033G4073,0,0,80519000,United States,296204442.641,USD
EFX,"Equifax, Inc.",175.79,USD,20652670253.850536,USD,-0.8907932570333272,-2.92136072454165,-0.011375917183328725,0.22234891676167978,-7.784713843571319,-18.814944811342542,-27.136698996932772,-31.06274509803922,30.890208757995357,Commercial services,Financial publishing/Services,US2944291051,1.19524158538648,46,117485000,United States,299911193.02500015,USD
LEN,Lennar Corporation,84.82,USD,20390488323.65885,USD,-3.482020937642242,-0.18827959519888302,-3.4380692167577527,-3.755815272892321,-26.034445171135822,-17.658479759246685,-29.487072907141087,-19.548515602769623,13.267844014453534,Consumer durables,Homebuilding,US5260571048,2.27583067819754,46,210506000,United States,209766908.47899997,USD
LEN.B,Lennar Corporation,83.28,USD,20353793547.20685,USD,-3.6557149467838923,0.5432814197754471,-4.615737028977208,-3.387470997679816,-22.131837307152875,-12.603631021093507,-27.386868951085532,-3.252788104089216,13.026951774624974,Consumer durables,Homebuilding,US5260573028,2.313743637205,39,30389100,United States,6160810.271333334,USD
PAAS,Pan American Silver Corp.,48.05,USD,20245868067.045284,USD,-0.3938640132670084,10.841983852364464,7.326334599061859,-18.47641669494401,-10.186915887850471,-9.168241965973538,63.99317406143343,79.35796939156401,15.49253973241244,Non-energy minerals,Precious metals,CA6979001089,1.26567782858829,16,421350000,Canada,172541798.867,USD
YPF,YPF Sociedad Anonima,49.61,USD,20188633312.72289,USD,1.9313745633860648,-2.033965244865721,7.125890736342036,15.775962660443401,30.175806874836002,35.65764287667487,41.33903133903133,1022.3981900452488,,Energy minerals,Integrated oil,US9842451000,0,0,393261000,Argentina,60514929.410333365,USD
TSN,"Tyson Foods, Inc.",58.54,USD,20184627554.574326,USD,0.6014779171679008,-3.303600925008259,-1.7785234899328897,-14.201963945478534,-10.502981195535847,-0.051220761481989306,6.610817701693685,-17.082152974504243,35.36305424670775,Consumer non-durables,Food: meat/fish/dairy,US9024941034,3.48857191957381,46,281793000,United States,185384745.57633334,USD
TOST,"Toast, Inc.",34.72,USD,20137599558.018387,USD,-0.2298850574712595,8.874255252430224,16.2370271175092,37.77777777777778,25.388226796677493,-2.9354207436399333,-21.22518434486671,-46.79742568188784,44.359269196371535,Technology services,Packaged software,US8887871080,0,0,516000000,United States,394535581.1770001,USD
LYB,LyondellBasell Industries NV,61.44,USD,19847450214.261227,USD,4.082669828900553,2.008965631744979,14.99157776530039,-14.297670525875297,13.253456221198153,40.98210188159707,16.828294352538492,-37.53558357055714,,Process industries,Chemicals: specialty,NL0009434992,6.97950194816195,15,323038000,United Kingdom,295564544.29333335,USD
FN,Fabrinet,543.95,USD,19489585227.473957,USD,4.161081536517179,23.465056631182346,12.563115636122845,-15.424084583689641,18.250000000000007,17.04393854628395,66.41681453833446,481.8269333618569,46.77007471862291,Electronic technology,Semiconductors,KYG3323L1005,0,0,35829700,Cayman Islands,508027573.3083334,USD
VIV,Telefonica Brasil S.A.,12.08,USD,19485313732.982597,USD,-0.9836065573770428,-4.581358609794629,-10.980103168754608,-23.39885859226379,-18.81720430107527,-0.4942339373970387,1.769165964616688,50.24875621890549,15.51901336073998,Communications,Wireless telecommunications,US87936R2058,3.22201639344262,28,1597804865,Brazil,17091363.768333334,USD
DD,"DuPont de Nemours, Inc.",144.05,USD,19452939003.61166,USD,-2.2528330053606522,2.892857142857151,2.7387490193281527,-2.662342050138521,3.819819819819828,18.735575337949243,56.440717103569455,53.563429979518986,,Process industries,Chemicals: major diversified,US26614N2018,2.05604939947072,46,135043000,United States,233375438.10900003,USD
WES,"Western Midstream Partners, LP",46.96,USD,19402574821.325245,USD,1.7551462621885208,0.12793176972281936,6.364665911664784,8.003679852805897,13.75968992248062,18.316956412194518,17.458729364682355,148.07184363444267,14.789619551524314,Industrial services,Oil & gas pipelines,US9586691035,7.97399783315276,13,413172000,United States,35724314.873,USD
WIT,Wipro Limited,1.99,USD,19356495219.905895,USD,-0.5000000000000004,1.5306122448979607,6.989247311827951,0,-21.03174603174603,-31.84931506849315,-25.187969924812034,-53.28638497652581,14.316546762589926,Technology services,Information technology services,US97651M1099,3.88495,26,9892234520,India,20861966.168999996,USD
GIS,"General Mills, Inc.",36.07,USD,19250861214.99972,USD,0.38964653492903023,-2.434406275358395,-2.434406275358395,1.2065095398428725,-25.35182119205298,-22.39672977624784,-26.701889859784597,-37.37847222222222,,Consumer non-durables,Food: major diversified,US3703341046,6.79098246590593,47,533707999.99999994,United States,387911616.778,USD
ITT,ITT Inc.,214.41,USD,19168254499.04327,USD,5.061740493923943,10.027197618925433,13.715194908512323,1.409449936149075,6.380550731828324,22.583042707678235,28.7515762925599,117.03613726085634,37.80814671133839,Producer manufacturing,Auto parts: OEM,US45073V1089,0.722265778126225,30,89400000,United States,206943342.29466662,USD
SBS,Companhia de saneamento Basico Do Estado De Sao Paulo - Sabesp,5.37,USD,18966510399.0634,USD,-1.1049723756906005,0.7504690431519706,-7.093425605536335,-16.48522550544323,-3.712075221202671,10.535213272877401,40.91862442261153,314.52858944242456,32.09802749551704,Utilities,Water utilities,US20441A1025,1.64401657458564,23,17533646159.1522,Brazil,33723425.962,USD
BEKE,KE Holdings Inc,16.92,USD,18829836759.615105,USD,0.17761989342807066,1.4997000599880022,13.939393939393954,-9.999999999999993,-7.843137254901949,4.573547589616823,-4.352741661955904,-15.399999999999991,40.712223291626565,Finance,Real estate development,US4824971042,1.33806986382475,3,1064506445,China,55126331.31566667,USD
BR,"Broadridge Financial Solutions, Inc.",164.75,USD,18785091506.647392,USD,0.8200232543907983,5.446748591909876,11.332612515204765,8.068219088225655,-14.98529335879044,-26.17735358695165,-38.30050183506853,-5.163481464425511,17.630880527374686,Technology services,Information technology services,US11133T1034,2.38663484486873,20,114022000,United States,189034161.59233335,USD
RCI,"Rogers Communication, Inc.",34.54,USD,18775864032.549515,USD,1.7978190391983477,-0.5184331797235014,8.855972265994323,-6.039173014145808,-6.064726679358182,-8.551760656605781,1.9781517567168638,-32.932038834951456,4.311405397330334,Communications,Wireless telecommunications,CA7751092007,4.21407501053519,23,429077000,Canada,50055373.93766667,USD
SQM,Sociedad Quimica y Minera S.A.,72.45,USD,18700016660.53414,USD,3.42612419700215,6.294014084507052,1.3286713286713328,-20.45454545454545,-0.1791127032240224,3.35235378031385,101.69821826280624,44.95798319327732,25.468414947094598,Process industries,Chemicals: specialty,US8336351056,0.94458244111349,1,142819000,Chile,69155162.5093333,USD
ZBH,"Zimmer Biomet Holdings, Inc.",97.19,USD,18537796409.522003,USD,-0.9881825590872034,1.060621815534986,7.410067967066362,15.96468201885216,10.2302370420778,8.024897187951538,5.859928112406051,-33.34452922120218,23.651805704273336,Health technology,Medical specialties,US98956P1021,0.97799511002445,15,193462000,United States,230819788.69600004,USD
FTV,Fortive Corporation,60.87,USD,18383778446.76475,USD,-0.7662210629279522,1.5176784523015285,-4.3375766148043455,-0.016425755584765302,-0.21311475409836486,10.01265136454003,25.427570574902113,9.628496114111062,35.936946510804106,Electronic technology,Electronic equipment/Instruments,US34959J1088,0.39126181936746,10,302017000,United States,174708959.73066664,USD
WY,Weyerhaeuser Company,25.45,USD,18342731892.389706,USD,-1.5092879256965965,4.388843314191962,7.47466216216216,6.9327731092436915,-5.2847041310011225,7.248209018120518,-1.3948082138705906,-26.508807392434313,38.920324208594586,Finance,Real estate investment trusts,US9621661043,3.25077399380805,46,720736000,United States,135431867.2923333,USD
ESS,"Essex Property Trust, Inc.",285.12,USD,18324218226.910706,USD,-1.0137480905429854,-1.6793682540777284,-4.959999999999998,6.6866230121609,13.367793240556662,10.076441973592782,10.644572936474061,-12.593500919681173,44.375272365062564,Finance,Real estate investment trusts,US2971781057,3.58283571726149,32,64268400,United States,142484691.07133332,USD
GPC,Genuine Parts Company,132.79,USD,18306400108.74254,USD,1.119402985074626,2.588071693448698,2.5326229634777246,24.83783021528625,-9.110198494182068,7.854126055880432,-0.142878628365166,5.884698189937003,532.0112179487179,Distribution services,Wholesale distributors,US3724601055,3.18687176363083,46,137860000,United States,236976783.00266662,USD
BIP/PA,Brookfield Infrastructure Partners LP 5.125%,17.65,USD,18258380415,USD,0.857142857142849,2.975495915985986,5.122096486003571,2.73573923166472,2.0231213872832248,3.884638022366099,2.437608821822392,-31.958365458750972,29.401965683824756,Utilities,Alternative power generation,USG162522670,4.4640605296343,13,460489000,Bermuda,153182.32736333332,USD
BIP/PB,Brookfield Infrastructure Partners LP 5.000%,16.93,USD,18258380415,USD,-0.05903187721370462,2.574977279612243,5.155279503105579,2.419842710223827,-0.9941520467836357,3.105968331303276,0.5941770647653085,-33.610446649151015,28.202565383974683,Utilities,Alternative power generation,BMG162522756,4.4640605296343,13,460489000,Bermuda,323072.4370533333,USD
ZTO,ZTO Express (Cayman) Inc.,24.07,USD,18146191499.0927,USD,1.6040523427606541,0.08316008316008139,4.652173913043479,-4.065364687126343,1.1344537815126032,13.164080865068174,21.076458752515098,-12.472727272727273,15.04469029314332,Transportation,Air freight/Couriers,US98980A1051,2.82819755170958,3,553912329,China,39461187.655,USD
WCC,"WESCO International, Inc.",371.77,USD,18117413501.954914,USD,-0.3511311246917558,10.649126462097078,19.54403678574873,4.388723535688212,22.087944566680896,51.21822249339027,79.16626506024096,221.7395067070532,25.692822291945983,Distribution services,Wholesale distributors,US95082P1057,0.511284443014903,3,48732900,United States,265827240.01266676,USD
MGA,"Magna International, Inc.",67.82,USD,18003113343.119316,USD,-5.490523968784855,-3.1696173615077283,4.2742927429274085,10.115278454294511,28.812915479582138,25.989225339030273,61.55312053358742,-17.292682926829276,25.33204324929061,Producer manufacturing,Auto parts: OEM,CA5592224011,2.69300427903274,34,265454000,Canada,94189441.135,USD
PFGC,Performance Food Group Company,114.58,USD,17999354296.875,USD,2.303571428571427,-1.3517003874300537,-0.356552743716842,22.966301781498164,26.175531329148768,28.05096110862762,16.00688468158348,157.71479982006298,54.68168368807864,Transportation,Other transportation,US71377A1034,0,0,157090000,United States,185296344.72266668,USD
APG,APi Group Corporation,41.25,USD,17991612214.067738,USD,-1.2685495452369582,1.0286554004408566,-2.781051143059156,-8.026755852842811,-5.237767057201932,7.814950339780456,19.04761904761905,175.48962587547095,,Industrial services,Engineering & construction,US00187Y1001,0,0,436160000,United States,124080590.9453333,USD
RBC,RBC Bearings Incorporated,566.61,USD,17938444011.62882,USD,-0.9717391684289539,0.7056021612398741,-7.621951219512195,-7.790326780367139,4.365364425042833,26.044980312771127,39.81049670589978,145.28571428571428,55.98968369252661,Producer manufacturing,Metal fabrication,US75524B1044,0,0,31659200,United States,148028269.83,USD
INVH,Invitation Homes Inc.,30.37,USD,17937227494.10426,USD,-0.42622950819671807,-0.4914809960681474,0.4631161098246793,4.651964162646456,14.517345399698346,9.75786049873509,-0.3608923884514417,-24.752229930624377,54.25151839942837,Finance,Real estate investment trusts,US46187W1071,3.9016393442623,9,590623000,United States,136168280.07166666,USD
CF,"CF Industries Holdings, Inc.",116.73,USD,17933146614.730274,USD,0.017136492160063604,-7.032494424976105,4.316353887399462,-1.4187990879148658,26.550303555941035,50.65823438306659,27.24002616088948,155.03604981428884,10.492489955146471,Process industries,Chemicals: agricultural,US1252691001,1.71364921600548,21,153629000,United States,283541457.9606667,USD
BIP,Brookfield Infrastructure Partners LP Limited Partnership,38.94,USD,17931433376.042873,USD,-1.7906683480453995,-8.3764705882353,4.677419354838696,5.357142857142849,4.508856682769726,11.288939697056287,24.448705656759344,5.891896936673042,64.86756621689156,Utilities,Alternative power generation,BMG162521014,4.4640605296343,13,460489000,Bermuda,41464544.19566666,USD
OWL,Blue Owl Capital Inc.,11.46,USD,17867197564.51948,USD,-0.7792207792207779,19.375000000000014,20.758693361433092,10.192307692307697,-6.334286881896188,-23.853820598006642,-40.77519379844961,-8.025682182985554,144.87989886219975,Finance,Investment managers,US09581B1035,7.83549783549784,5,683909000,United States,188284151.1453333,USD
U,Unity Software Inc.,40.81,USD,17814994112.814495,USD,15.054976036086845,26.425030978934327,34.953703703703724,54.02906208718627,69.33609958506224,-9.712389380530974,7.536231884057969,-62.12880475129918,,Technology services,Packaged software,US91332U1016,0,0,436535000,United States,295409669.104,USD
DKS,Dick's Sporting Goods Inc,198.62,USD,17777068168.423225,USD,-0.848642172523956,-3.4090356465496234,-13.96890024689219,-11.12801467627187,-3.9229913413631237,-0.18092270579957043,-6.439304724669078,83.6353550295858,18.883100091268634,Retail trade,Specialty stores,US2533931026,2.45856629392971,15,65931900,United States,257336883.6393333,USD
ROL,"Rollins, Inc.",36.83,USD,17720585536.86079,USD,-1.9696566409369232,-1.7342582710779046,-15.430539609644086,-32.52106998900696,-42.890370600093036,-38.35983263598327,-36.62020306315608,-4.188345473465139,33.433188090050834,Commercial services,Miscellaneous commercial services,US7757111049,1.89645994144264,46,481145000,United States,244592057.65533337,USD
CX,"Cemex, S.A.B. de C.V. Sponsored",11.3,USD,17512248944.736,USD,-2.1645021645021645,-5.990016638935099,-7.377049180327858,-15.037593984962406,-5.754795663052539,-2.670111972437543,36.8038740920097,39.162561576354705,34.26318981200728,Non-energy minerals,Construction materials,US1512908898,0.852207792207792,2,1511695872.3,Mexico,76890727.34966666,USD
RBRK,"Rubrik, Inc.",84.6,USD,17413070620.834805,USD,-0.24761230986912858,16.689655172413786,-5.125042054502644,40.29850746268656,73.05922061982203,8.950418544752077,-4.266153672060666,119.17098445595852,,Technology services,Information technology services,US7811541090,0,0,160956760,United States,225252352.61400005,USD
BEN,"Franklin Resources, Inc.",34,USD,17274613840.54983,USD,-2.6345933562428456,4.486785494775663,-2.6345933562428456,10.749185667752444,24.72487160674981,41.78482068390325,34.17521704814523,8.245781598217128,23.17971093536951,Finance,Investment managers,US3546131018,3.75143184421535,42,508077000,United States,160372821.32933325,USD
IEX,IDEX Corporation,233.71,USD,17229077994.681835,USD,-1.3798632796016463,1.1819205125985013,4.713472825843456,8.019042336845995,8.601301115241645,31.275627703196097,44.39913500154465,2.5268699276157136,33.57805810177869,Producer manufacturing,Industrial machinery,US45167R1041,1.21529242974091,32,73719900,United States,164168466.28966668,USD
RBA,"RB Global, Inc.",92.67,USD,17162484107.844234,USD,-3.0952629927846846,-19.100829332169354,-19.689747811768783,-10.33381712626995,-20.242705912729146,-9.994172494172487,-15.800472469562056,62.550429749166824,40.86728429906015,Technology services,Internet software/Services,CA74935Q1072,1.27760238716897,22,185200000,United States,143404910.64333332,USD
NLY/PG,Annaly Capital Management Inc 6.50% Series G Fixed-to-Floating Rate Cumulative Redeemable Preferred Stock,25.28,USD,17086705880.000002,USD,-0.0790513833992078,0.4370282081843442,1.2009607686148946,0.6369426751592362,-0.03954132068010285,1.4853472501003653,0.1073144074541965,-3.104637792257565,6.335680810004762,Finance,Real estate investment trusts,US0357108622,12.5716806352007,29,753714000,United States,915033.7175466667,USD
NLY/PF,Annaly Capital Management Inc 6.95% Series F,25.7695,USD,17086705880.000002,USD,-0.5422616750289441,0.21661520273161353,0.5835284933645579,-0.7720446669233659,-0.5806327160493864,0.819640062597817,0.03687888198757444,-1.1526658995013408,6.458359439613043,Finance,Real estate investment trusts,US0357108705,12.5716806352007,29,753714000,United States,1310427.7883966668,USD
NLY/PJ,Annaly Capital Management Inc. 8.875% Series J Fixed-Rate Cumulative Redeemable Preferred Stock,26.05,USD,17086705880.000002,USD,0.03840245775730247,-0.3061615001913444,1.5990639625585028,-0.2297970126388308,-0.2679938744257285,0.2694380292532728,3.992015968063872,5.040322580645161,6.5286584296132935,Finance,Real estate investment trusts,US0357108218,12.5716806352007,29,753714000,United States,788161.24024,USD
NLY/PI,Annaly Capital Management Inc 6.750% Series I Fixed-to-Floating Rate Cumulative Redeemable Preferred Stock,25.92,USD,17086705880.000002,USD,0.11587485515643543,0.9738994935722632,1.1709601873536326,1.2104646622413209,0.5430566330488773,1.6470588235294183,0.8952899961074364,-2.1517553793884363,6.4960777925365285,Finance,Real estate investment trusts,US0357108473,12.5716806352007,29,753714000,United States,1093221.42475,USD
NLY,Annaly Capital Management Inc.,22.66,USD,17079168735.809439,USD,-0.044111160123518144,-2.2433132010353733,-1.5210777922642391,0.9354120267260617,-1.8622780424426146,1.2963790791238228,8.994708994709,-32.79952550415183,5.679055662765344,Finance,Real estate investment trusts,US0357108390,12.5716806352007,29,753714000,United States,181687260.203,USD
PR,Permian Resources Corporation,20.28,USD,16980204405.99293,USD,2.4759979787771704,-1.265822784810117,10.75914800655381,0.9457441513190706,22.909090909090917,44.65049928673325,47.4909090909091,335.66058002148225,13.43046357615894,Energy minerals,Integrated oil,US71424F1057,3.13289540171804,4,837288000,United States,186855399.59899998,USD
LDOS,"Leidos Holdings, Inc.",135.26,USD,16974076172.652426,USD,6.629877808435157,19.964523281596446,22.997181049377094,3.1574130567419054,-27.92283917723543,-24.688195991091316,-22.708571428571435,43.29907829219196,12.377265947419952,Technology services,Packaged software,US5253271028,1.33228222309815,14,125492000,United States,182878210.3373333,USD
WF,Woori Financial Group Inc.,70.35,USD,16971714978.497238,USD,0.7879656160458413,3.8376383763837554,13.927125506072866,1.9565217391304266,4.222222222222213,19.156504065040643,30.22954461310624,140.92465753424653,,Finance,Major banks,US9810641087,3.72944555873926,12,242678685,South Korea,10855750.666333335,USD
H,Hyatt Hotels Corporation,178.88,USD,16878533327.854229,USD,-0.01676820747862117,3.3988439306358353,-7.517319822148687,4.914956011730203,13.129268909688838,11.264539404117674,31.384502387073073,138.85699025237014,221.85290834676917,Consumer services,Hotels/Resorts/Cruise lines,US4485791028,0.335364149572411,3,41600900,United States,157461228.73933342,USD
BBY,"Best Buy Co., Inc.",80.02,USD,16865584971.75645,USD,-5.301775147928998,-10.079784245420834,1.6126984126984076,36.0652950178541,17.073884418434535,18.68881637496291,18.53058806102798,-30.447631464580617,14.804262561977355,Retail trade,Electronics/Appliance stores,US0865161014,4.5207100591716,23,210767000,United States,294575984.96599996,USD
J,Jacobs Solutions Inc.,144.03,USD,16857071126.032421,USD,-0.44238612013547135,7.47705395119768,10.452453987730058,17.135653871177627,-0.9422283356258628,8.57078245137947,-1.3493150684931499,34.526543065843946,50.5581297388374,Technology services,Data processing services,US46982L1089,0.940070505287897,9,117039000,United States,127412005.51133338,USD
YUMC,"Yum China Holdings, Inc.",48.19,USD,16825411730.878736,USD,1.4526315789473636,1.4953664700926725,12.095836240986264,0.3122398001665249,-12.381818181818186,-0.18641259320630366,8.731949458483749,-21.93422971002754,17.690246319885468,Consumer services,Restaurants,US98850P1093,2.23157894736842,9,349147000,China,72963357.0746667,USD
NVR,"NVR, Inc.",6304.81,USD,16801435473.663597,USD,-0.9577773658530353,-0.7924256943559287,-6.248178438661704,4.518726905307007,-21.797896355833387,-13.481866323053763,-20.69221867216785,18.51146616541354,16.35058897607737,Consumer durables,Homebuilding,US62944T1051,0,0,2699290,United States,203376776.30100006,USD
JLL,Jones Lang LaSalle Incorporated,363.69,USD,16732540656.60331,USD,-2.5586753831315,3.9114285714285706,9.222776142711268,9.680629693295945,7.286350629812086,8.102725678447223,35.20074349442379,44.861786027244484,17.42653294936727,Finance,Real estate development,US48020Q1076,0,0,46007700,United States,133781545.39300004,USD
BALL,Ball Corporation,63.13,USD,16710722208.579147,USD,-0.5670184280989122,-4.507638783845102,-0.4415707301687337,7.382207858479339,-5.1817362571342676,18.978514888805126,16.347217102838197,-22.368421052631568,17.95761627080074,Process industries,Containers/Packaging,US0584981064,1.26004095133092,46,264702999.99999997,United States,133451637.98866667,USD
KIM/PM,"Kimco Realty Corporation Class M Depositary Shares, each of which represents a one-one thousandth fractional interest in a share of 5.25% Class M Cumulative Red",19.61,USD,16682532136.999998,USD,-0.5578093306288003,-0.3050330452465799,-1.0095911155981792,-4.060665362035234,-5.402797877472267,-4.713313896987361,-6.973434535104359,-27.101455740435092,22.989449003517,Finance,Real estate investment trusts,US49446R7118,4.14153598713309,35,670789000,United States,489793.8384233333,USD
KIM/PN,"Kimco Realty Corporation Depositary Shares, each representing 1/1,000th interest in a share of 7.25% Class N Cumulative Convertible Perpetual Preferred Stock",62.88,USD,16682532136.999998,USD,0.06365372374283759,0.8824001283491164,-0.8201892744479433,4.974958263772962,7.432086109687342,12.116138626042405,8.15273477812178,10.74321944346601,73.71629542790153,Finance,Real estate investment trusts,US49446R6870,4.14153598713309,35,670789000,United States,115928.53566666665,USD
KIM/PL,"Kimco Realty Corporation Class L Depositary Shares, each of which represents a one-one thousandth fractional interest in a share of 5.125% Class L Cumulative Re",19.265,USD,16682532136.999998,USD,-0.1296008294453011,0.33854166666667335,-0.5420753742901415,-3.336678374310081,-3.7231384307846125,-3.4335839598997433,-7.999044890162371,-26.96177672634077,22.58499413833529,Finance,Real estate investment trusts,US49446R7373,4.14153598713309,35,670789000,United States,295417.62282666663,USD
LTM,LATAM Airlines Group S.A.,57.45,USD,16511121181.927912,USD,-0.43327556325823224,8.519078201737827,-0.2604166666666642,10.907335907335918,-12.410428418966305,5.606617647058832,32.34277816171391,131.1871227364185,10.789745516010894,Transportation,Airlines,US51817R2058,1.66084748700173,3,287108000,Chile,40389954.23166666,USD
QXO/PB,"QXO, Inc. Depositary Shares, each representing a 1/20th interest in a share of 5.50% Series B Mandatory Convertible Preferred Stock",45,USD,16495952644,USD,-3.598971722365038,8.22510822510823,-0.5524861878453039,-15.365807786345687,-27.843796250122264,-18.478260869565222,-20.42440318302387,-13.461538461538462,,Distribution services,Wholesale distributors,US82846H5046,0,0,1037480000,United States,5562460.727333337,USD
OVV,Ovintiv Inc. (DE),59.86,USD,16491645299.771566,USD,3.2781228433402325,-0.9760132340777558,11.992516370439656,1.9067075246850484,32.521585122869155,53.09462915601023,47.54744885383288,130.8522946394138,16.73609752006039,Energy minerals,Integrated oil,US69047Q1022,2.0703933747412,36,275504000,United States,185429605.7273334,USD
BSAC,Banco Santander - Chile,35.7,USD,16473582728.399721,USD,1.2765957446808591,2.4390243902439064,7.594936708860769,15.984405458089674,-1.9230769230769114,13.5857461024499,52.694610778443135,88.09272918861961,15.378650814163867,Finance,Regional banks,US05965X1090,3.11348368794326,30,471115000,Chile,10858716.240999999,USD
KIM,Kimco Realty Corporation (HC),24.43,USD,16387384805.26377,USD,-1.769199839163656,-6.110684089162183,-3.1324345757335417,3.5169491525423653,12.270220588235285,20.761245674740483,14.372659176029963,12.997224791859384,28.640093786635404,Finance,Real estate investment trusts,US49446R1095,4.14153598713309,35,670789000,United States,113224361.078,USD
PKX,POSCO HOLDINGS INC.,56.08,USD,16381487561.370794,USD,2.3544442416499347,8.882632754101534,10.11191831926173,-36.99584316368948,-9.940581339328736,6.798705008569796,4.160475482912323,-25.52456839309429,,Non-energy minerals,Steel,US6934831099,2.53596459207885,32,302483008,South Korea,20353978.055333328,USD
WPC,W. P. Carey Inc. REIT,71.85,USD,16368642844.524101,USD,-0.4571903574397513,-3.608800643949573,0.7431295569265299,-2.8528934559221195,0.13937282229964365,11.655011655011656,8.84714437206482,-8.94259964531084,24.607849852729636,Finance,Real estate investment trusts,US92936U1097,5.12607370462732,28,227817000,United States,108891210.05633333,USD
JHX,James Hardie Industries plc.,28,USD,16249428816.36107,USD,-1.2693935119887145,6.060606060606066,8.991825613079014,34.421507441190606,21.580547112462,34.80982185844969,-0.10702818408848068,-20.926292007907364,130.1720130172013,Non-energy minerals,Construction materials,IE000R94NGM2,0,0,580337000,Ireland,190584918.243,USD
CLH,"Clean Harbors, Inc.",307.64,USD,16239468062.942049,USD,-0.5173974906221779,-5.934872343678344,3.8517368261148324,7.709544149569352,16.464130229036538,31.36903236826372,26.950852143770877,209.4347213840273,37.31185795199573,Industrial services,Environmental services,US1844961078,0,0,52787200,United States,146767990.758,USD
PNFP/PB,"Pinnacle Financial Partners, Inc. Fixed-to-Floating Rate Non-Cumulative Perpetual Preferred Stock, Series B",26.4921,USD,16221941714,USD,0.6156475503228347,1.7752593161736439,-0.7786516853932534,1.3082217973231438,2.1283731688511924,3.8905882352941203,3.8905882352941203,3.8905882352941203,3.6375257448853495,Finance,Regional banks,US72348N3070,1.37866790870983,13,151113000,United States,1331938.3462966667,USD
PNFP/PC,"Pinnacle Financial Partners, Inc. Fixed-to-Floating Rate Non-Cumulative Perpetual Preferred Stock, Series C",24.06,USD,16221941714,USD,0.3336113427856476,-0.3314001657000905,-1.3125512715340455,-4.599524187153054,-3.8369304556354953,-3.6057692307692393,-3.6057692307692393,-3.6057692307692393,3.3035836880406424,Finance,Regional banks,US72348N5059,1.37866790870983,13,151113000,United States,504764.1142700001,USD
PNFP/PA,"Pinnacle Financial Partners, Inc. Fixed-to-Floating Rate Non-Cumulative Perpetual Preferred Stock, Series A",24.96,USD,16221941714,USD,-0.35928143712574795,-0.5577689243027911,-0.7159904534606194,-2.3091976516634043,-0.27966440271674103,-1.499605367008678,-1.499605367008678,-1.499605367008678,3.427159137717973,Finance,Regional banks,US72348N2080,1.37866790870983,13,151113000,United States,268669.7011800001,USD
FLUT,Flutter Entertainment plc,93.01,USD,16181154818.533852,USD,0.10763104079217363,-11.249999999999991,-13.923464902133174,-8.147343472249654,-37.95610699753185,-57.009475387104224,-69.26711604546657,-46.45982040064471,,Consumer services,Casinos/Gaming,IE00BWT6H894,0,0,173972200,United States,311558761.3223334,USD
CDE,"Coeur Mining, Inc.",15.65,USD,16127650050.410213,USD,-10.212277682157197,4.682274247491646,-7.2317723770005955,-14.991852254209668,-22.944362383062522,-15.405405405405402,60.677618069815196,131.16691285081242,12.937091840952302,Non-energy minerals,Precious metals,US1921085049,0.114744693057946,0,1030520000,United States,556941688.8950002,USD
PNFP,"Pinnacle Financial Partners, Inc.",106.43,USD,16082918086.828323,USD,-0.8570097810898812,1.1884388667046966,6.132828081372163,7.581117962195491,5.1160493827160565,12.01978739080097,10.358772293654095,10.358772293654095,14.613483454620349,Finance,Regional banks,US72348N1090,1.37866790870983,13,151113000,United States,132604135.634,USD
KEP,Korea Electric Power Corporation,12.46,USD,16019763500.22584,USD,0.8090614886731508,6.769494430162818,-0.9538950715421242,-17.918313570487477,-41.25412541254125,-23.83863080684596,-15.468113975576658,13.067150635208723,2.6066400284512876,Utilities,Electric utilities,US5006311063,4.00095469255663,2,1283928000,South Korea,13645195.769333335,USD
EMA,Emera Incorporated,51.59,USD,15781380152.41433,USD,0.019387359441653967,-4.250185597624348,-2.161957140147911,-2.6970954356846466,2.25966303270565,4.836415362731158,8.954593453009508,10.589496248660247,21.86084762242913,Utilities,Electric utilities,CA2908761018,4.0519983404785,33,305900000,Canada,26991454.614333335,USD
IONQ,"IonQ, Inc.",39.72,USD,15780619873.700975,USD,-0.5259203606311066,19.764812302125737,-16.449305847707194,-18.414295984389447,24.514106583072103,-13.67094109976092,-8.899082568807344,297.59759759759754,,Electronic technology,Computer processing hardware,US46222L1089,0,0,397297000,United States,876006979.6280003,USD
QXO,"QXO, Inc.",15.18,USD,15748966109.177357,USD,-4.528301886792456,11.371973587674239,-4.827586206896549,-21.142857142857142,-29.3953488372093,-21.142857142857142,-23.00278975399442,-76.19196988707654,,Distribution services,Wholesale distributors,US82846H4056,0,0,1037480000,United States,431913232.3043334,USD
CRCL,"Circle Internet Group, Inc.",63.28,USD,15728737492,USD,0,2.927781392322714,-6.597785977859777,-44.617538946262904,17.609887556918505,-21.721919841662544,-57.83863015524019,-8.289855072463766,38.08377467501204,Technology services,Packaged software,US1725731079,0,0,229857800,United States,907641835.6669998,USD
MAIR,Madison Air Solutions Corporation,31.26,USD,15683848083.64806,USD,-1.419110690633867,0.20836672543677281,-17.170111287758345,-26.447058823529407,-2.312499999999995,-2.312499999999995,-2.312499999999995,-2.312499999999995,,Producer manufacturing,Industrial machinery,US55658T1051,0,0,177342760,United States,94852333.90433337,USD
MAA/PI,"Mid-America Apartment Communities, Inc. 8.50% Series I Cumulative Redeemable Preferred Stock",52.26,USD,15611913278,USD,-0.5518553758325389,-1.3962264150943433,-3.329633740288576,-3.756906077348065,-1.5448379804069334,-1.8591549295774685,-3.933823529411766,-21.23587038432554,15.267755412077479,Finance,Real estate investment trusts,US59522J8898,4.53700951248514,32,116022000,United States,136420.92391,USD
TU,Telus Corporation,9.81,USD,15588090000,USD,0.10204081632652844,-11.621621621621614,-5.217391304347818,-22.998430141287283,-31.254379817799574,-25.738077214231645,-38.22418136020151,-56.5929203539823,,Communications,Wireless telecommunications,CA87971M1032,12.1563636363636,36,1589000000,Canada,86481697.33999997,USD
ULS,UL Solutions Inc.,76.86,USD,15517894192.583683,USD,-2.7703984819734315,-17.726396917148364,-14.017227877838684,-23.75,9.502778173528997,-2.2759059122695566,19.887693027608798,124.53987730061351,31.079660331581078,Commercial services,Miscellaneous commercial services,US9037311076,0.695762175838077,2,78143170,United States,112342865.31366666,USD
MAA,"Mid-America Apartment Communities, Inc.",133.63,USD,15504012866.670183,USD,-0.6911414982164141,-0.49147367637202816,-5.894366197183102,2.4848531329089725,2.8081243268195153,-3.5232113204822726,-5.695130557515874,-30.46622957643876,39.0399953256011,Finance,Real estate investment trusts,US59522J1034,4.53700951248514,32,116022000,United States,152088136.81466666,USD
RGA,"Reinsurance Group of America, Incorporated",236.31,USD,15481415325.656021,USD,-0.029613334461457475,-0.4675259034622127,4.7705608512524895,10.008845025836786,7.170068027210886,16.248524203069657,28.849509269356595,92.98489179256839,12.820220695940886,Finance,Life/Health insurance,US7593516047,1.57373720280904,33,65513200,United States,82761600.911,USD
MLI,"Mueller Industries, Inc.",69.46,USD,15363260273.661276,USD,0.2887669650591808,5.09910727795429,22.72084805653709,-1.040034192904978,18.999486037347946,20.69504778453518,58.98374914168001,547.7966892049428,18.104571756242507,Producer manufacturing,Metal fabrication,US6247561029,0.866300895177592,22,221181000,United States,102252618.05433334,USD
BWXT,"BWX Technologies, Inc.",166.7,USD,15273383748.608269,USD,-0.9389113382457882,3.3029683336431703,-14.147396611216976,-21.637756780895973,-13.845676779161723,-4.486334727554009,-7.614719574373758,214.29110105580693,43.15410701804344,Electronic technology,Aerospace & defense,US05605H1005,0.6180175897314,14,91622000,United States,175931176.42800006,USD
SWK,"Stanley Black & Decker, Inc.",101.04,USD,15258721551.375618,USD,-2.1593880120073496,8.645161290322587,10.065359477124193,25.06498329001114,16.137931034482765,35.062157465579475,44.96413199426112,-48.941331042498355,24.637292433737294,Consumer durables,Tools & hardware,US8545021011,3.2148736322262,46,151017000,United States,178958753.055,USD
CSL,Carlisle Companies Incorporated,382.83,USD,15203762290.922377,USD,-0.646216132046094,6.979083707088056,4.595502855113247,5.651993928522136,-6.421412857492064,19.48128959770293,5.02592521467175,86.31917068185136,21.819767342448888,Producer manufacturing,Building products,US1423391002,1.14190802449912,46,39714100,United States,200943295.04066667,USD
GIB,CGI Inc.,74.17,USD,15192096904.922691,USD,2.148464398843138,1.1869031377899109,9.637841832963776,9.363019758183441,-10.096969696969694,-19.51166576234401,-24.462776250127302,-17.47886070315976,13.065842403497737,Technology services,Information technology services,CA12532H1047,0.648330058939096,2,180333234,Canada,35430406.903000005,USD
TRU,TransUnion,79.2,USD,15174720715.048143,USD,-0.9628610729023334,-3.41463414634146,-0.7891770011273901,8.89591640313488,10.629976253666714,-7.906976744186044,-13.338439654229125,-34.24657534246575,20.891034264461503,Commercial services,Financial publishing/Services,US89400J1079,0.600225084406652,8,191600000,United States,192269412.858,USD
CRBG,Corebridge Financial Inc.,34.01,USD,15160589651.635902,USD,1.250372134563842,6.049267227938876,9.815950920245395,21.551107934238733,12.653196422656498,13.065159574468085,-1.0474250800116365,65.90243902439023,19.33375021317719,Finance,Life/Health insurance,US21871X1090,2.917534980649,4,445768620,United States,131218549.41266666,USD
TXT,Textron Inc.,87.89,USD,15115930524.782953,USD,-0.6443590323309893,1.3024435223605295,-6.994708994708994,-4.425837320574155,-6.080359051079288,0.43423608730430285,12.2477650063857,21.51251209733168,16.586774364006946,Electronic technology,Aerospace & defense,US8832031012,0.0904363554148768,45,171987000,United States,156542795.07933334,USD
SUN,Sunoco LP,73.58,USD,15070856074.407032,USD,0.299890948745909,-4.8493469546101124,8.541082755568656,9.820895522388057,29.08771929824561,40.15238095238095,38.20435762584522,95.9520639147803,18.629262981998632,Distribution services,Wholesale distributors,US86765K1097,5.11259541984733,14,136895000,United States,32440711.98566666,USD
LII,"Lennox International, Inc.",435.73,USD,15059123439.169243,USD,-2.4928950253988824,1.3302016232180711,-23.019981273077395,-17.475378787878785,-16.999066613330285,-10.74398787332541,-27.86404873849413,31.688225338491304,19.69739435473663,Producer manufacturing,Industrial machinery,US5261071071,1.17707610714525,27,34560700,United States,289528318.7143333,USD
PS,Pershing Square Inc.,37.61,USD,15044000696.366169,USD,3.780353200882995,10.84585912172119,5.527497194163858,4.530294608115628,56.708333333333336,56.708333333333336,56.708333333333336,56.708333333333336,,Finance,Investment managers,US71531U1025,0,0,400000000,United States,5477377.423666663,USD
TLK,"PT Telekomunikasi Indonesia, Tbk",14.98,USD,15033682317.65176,USD,1.2162162162162142,1.8354860639021044,6.316536550745213,-12.243702401874634,-25.099999999999998,-28.802281368821287,-16.962305986696226,-34.926151172893135,14.402461301797905,Communications,Wireless telecommunications,US7156841063,6.73130405405405,31,985809242,Indonesia,12396422.408,USD
GFL,"GFL Environmental Inc. Subordinate voting shares, no par value",41.55,USD,14994992690.990639,USD,0.8739985433357599,-0.9771210676835169,1.738491674828584,11.453862660944194,-2.074004242281411,-3.5515320334261866,-17.57587780202341,18.8161281098084,,Industrial services,Environmental services,CA36168Q1046,0.15641012307159,6,349077000,United States,137238471.50566667,USD
CPT,Camden Property Trust,110.74,USD,14976406376.496828,USD,-1.0454829773925491,-3.8464878006425343,-6.15254237288136,6.419373438400916,3.369737701857556,1.021711366538944,2.670127943630628,-26.050083472454094,36.65067019692206,Finance,Real estate investment trusts,US1331311027,3.77088732016799,33,100539000,United States,113070018.00933333,USD
DOC,"Healthpeak Properties, Inc.",21.1,USD,14906419132.409363,USD,-3.166590178981174,-6.013363028953219,-3.6969420356001765,7.160995429151853,26.120741183502695,31.54613466334166,22.31884057971015,-43.218514531754565,60.3201829616924,Finance,Real estate investment trusts,US42250P1030,5.59908214777421,40,689465000,United States,145272844.8153334,USD
MAS,Masco Corporation,75.47,USD,14881735960.344933,USD,-2.3926539058458283,5.641097424412096,-6.746571110836535,4.500138465798948,5.405027932960901,18.551680804272703,7.583749109052021,24.250905498847544,17.39541316123084,Producer manufacturing,Building products,US5745991068,0,46,197187000,United States,212039197.24666673,USD
BNT,Brookfield Wealth Solutions Ltd.,44.67,USD,14858642397.79915,USD,-0.9973404255319056,4.613583138173299,0.926344328965214,-3.1649685670929997,-0.7443617375847147,-3.6212684796023087,-0.408789391324681,15.565654531763967,,Finance,Multi-line insurance,BMG174341047,0.567453612294473,5,59908200,Bermuda,966899.6886666665,USD
ARMK,Aramark,56.31,USD,14806914805.401371,USD,-1.0021097046413507,-1.7448961786773687,0.28495102404274925,24.24977934686673,45.46628778093516,52.76722734671731,39.41569695469176,119.60100630376955,42.000447527411055,Consumer services,Restaurants,US03852U1060,0.817510548523207,12,262954000,United States,143004662.4223333,USD
ALB,Albemarle Corporation,125.42,USD,14791362921.76725,USD,5.536856277347693,7.684382244354771,-2.6544551381558534,-37.70426662693091,-21.563477173233274,-12.763441608124092,82.37603606223645,-43.248868778280546,,Process industries,Chemicals: specialty,US0126531013,1.36317738135308,32,117935000,United States,303909353.59233326,USD
RPM,RPM International Inc.,115.65,USD,14773295022.45545,USD,-0.9167237834132911,6.51132805304845,4.367836837830524,12.829268292682931,-0.5588993981083332,11.020447345684943,-3.108243967828413,35.48500468603562,22.395863591471564,Process industries,Industrial specialties,US7496851038,1.85058259081563,47,127741000,United States,109012615.2843333,USD
OHI,"Omega Healthcare Investors, Inc.",48.68,USD,14750672448.080511,USD,-0.02053809817210518,-7.081504103836612,-1.2576064908722058,4.9137931034482785,6.241815800960278,10.185604345857854,21.15480338476854,38.571021918588094,17.387577240418615,Finance,Real estate investment trusts,US6819361006,5.50421031012528,23,303013000,United States,94828625.61766668,USD
DINO,HF Sinclair Corporation,82.92,USD,14741836939.92914,USD,-0.07230657989877352,-6.946470654247556,10.79636557990379,18.11965811965812,46.42415680734593,80.26086956521739,87.30517280325276,176.30789736754414,7.9137239931284595,Energy minerals,Oil refining/Marketing,US4039491000,2.41021932995903,37,177784000,United States,241051443.1873333,USD
AIZ,"Assurant, Inc.",296.4,USD,14685920241.636766,USD,-1.7143615081075758,5.2556818181818015,5.218317358892435,26.791290584762784,20.984529980815527,23.690689813462413,51.55698726798588,85.65612276855619,14.093816124200565,Finance,Property/Casualty insurance,US04621X1081,1.14069701893424,22,49547600,United States,105464167.51166669,USD
SUI,"Sun Communities, Inc.",120.32,USD,14655091187.036901,USD,-0.44679794803905865,-5.2001260636621565,-2.7324171382376794,-4.674378070036449,-3.2019308125502848,-2.6458451331013917,-5.594350725774821,-39.170879676440855,,Finance,Real estate investment trusts,US8666741041,3.57438358431243,33,121801000,United States,206351840.54666668,USD
JBS,JBS N.V.,13.69,USD,14627886240.438686,USD,-0.07299270072992545,-3.18246110325319,10.850202429149798,-17.180883242589243,-13.84518565135306,-3.794799718903731,-2.2840827980014295,9.695512820512814,8.168745151858703,Consumer non-durables,Food: meat/fish/dairy,NL0015002J37,0.0072992700729927,4,773667000,Netherlands,72901872.49433333,USD
DOCN,"DigitalOcean Holdings, Inc.",122.23,USD,14371747565.658123,USD,-1.7917403181745057,7.285175107522161,-15.703448275862065,-19.18677685950413,105.11830844101358,151.2952302631579,243.63227438852965,105.73977444874602,53.42920837522402,Technology services,Packaged software,US25402D1028,0,0,117580000,United States,531961672.8673332,USD
ALLE,Allegion plc,168.7,USD,14345706449.783485,USD,0.07118282121246655,6.113976600830293,19.97724201692623,23.372824338159997,-4.732324373164684,5.9473717264334605,1.6816346211801532,22.034143518518505,22.131846507051492,Consumer durables,Tools & hardware,IE00BFRT3W74,1.25756317475383,12,85036800,Ireland,210342100.65766668,USD
GL,Globe Life Inc.,186.02,USD,14295533160.248669,USD,1.174806918307406,4.853164985062857,4.740990990991,21.59759445679175,25.021842865784006,33.22351930100982,32.60621613915028,98.16767870459145,12.351023497619696,Finance,Multi-line insurance,US37959E1029,0.652670510170782,46,77644800,United States,124823053.83466668,USD
W,Wayfair Inc.,104.07,USD,14254276340.381706,USD,-3.253695268197453,17.52682100508187,11.543408360128613,56.66114707210595,16.631177854981495,-1.8253855950191051,41.169289202387404,-61.455555555555556,,Retail trade,Specialty stores,US94419L1017,0,0,115990000,United States,344490152.8066666,USD
EQH,"Equitable Holdings, Inc.",52.17,USD,14240227016.011696,USD,1.695906432748547,6.317505604238844,9.877843302443145,21.75029171528588,18.48739495798319,9.4628619387327,11.000000000000005,62.01863354037267,,Finance,Life/Health insurance,US29452E1010,2.16374269005848,8,272958000,United States,146411609.832,USD
CNA,CNA Financial Corporation,52.62,USD,14239022143.823843,USD,0.5349636988918495,-4.2402183803457785,0.9012464046021071,20.16442110070792,5.239999999999996,10.499790004199916,13.185631318563122,19.590909090909086,11.578576772433218,Finance,Multi-line insurance,US1261171003,3.59189912113107,15,270601000,United States,26826201.14866667,USD
UNM,Unum Group,89.81,USD,14217533390.418613,USD,0.8194881005837494,8.544839255499163,-0.4544446907559262,11.551360079493227,26.59994361432197,16.258899676375407,27.498580352072693,245.68899153194764,20.957203528258738,Finance,Multi-line insurance,US91529Y1064,2.11607543780871,38,158307000,United States,133372749.40266672,USD
PAG,"Penske Automotive Group, Inc.",216.4,USD,14209445207.211716,USD,0.2966258806080899,-2.298072147726761,18.128718816529293,25.28223238580445,32.90750522048889,36.09206968115214,21.922361823201303,143.28274311410905,15.935550859002776,Retail trade,Specialty stores,US70959W1036,2.55839822024472,15,65662899.99999999,United States,96732191.97000001,USD
AEG,Aegon Ltd. New York Registry Shares,9.46,USD,14208276315.717722,USD,-0.4210526315789384,1.5021459227467873,8.114285714285725,13.565426170468198,22.22222222222223,21.593830334190237,31.206657420249666,116.97247706422019,13.393742035962056,Finance,Multi-line insurance,US0076CA1045,4.14666315789474,15,1504328453,Netherlands,46263452.75433333,USD
EG,"Everest Group, Ltd.",370.35,USD,14200231967.969624,USD,-0.7849335619374063,-2.1868314713572543,-1.239999999999994,6.364341307906611,13.426847569752852,9.512685552072865,12.179681347307215,41.37114936824827,7.837945943886783,Finance,Property/Casualty insurance,BMG3223R1088,2.14316330904415,31,38342700,Bermuda,143046015.60433334,USD
DT,"Dynatrace, Inc.",48.87,USD,14183485625.22788,USD,-3.9127015336217106,10.291130670277578,5.2778974579922355,21.931137724550897,46.186060424768165,12.785598892222476,-4.063604240282686,-26.3673346391442,97.11844197138315,Technology services,Packaged software,US2681501092,0,0,290229000,United States,246485842.04099995,USD
TOL,"Toll Brothers, Inc.",151.33,USD,14144966642.879526,USD,-2.3488417112989524,-0.34900566311076064,-2.1784098254686337,9.746899702661562,0.1787369257248843,11.922195103912435,18.393052730402143,158.4628522630231,11.451727634585989,Consumer durables,Homebuilding,US8894781033,0.658191908111247,9,93471000,United States,143146129.74299988,USD
FNF,"Fidelity National Financial, Inc.",52.54,USD,14141536295.126028,USD,2.8180039138943203,-1.6104868913857668,6.550395457310883,4.391019272799525,-8.562478245736168,-3.4368682227531657,-10.003425830763966,16.564485641014706,18.287504350852764,Finance,Specialty insurance,US31620R3030,4.03131115459883,21,269158000,United States,82646578.04133333,USD
SOLV,Solventum Corporation,82.96,USD,14121761636.566593,USD,-5.15605350405854,-6.111362607514719,5.399568034557236,15.446701920400773,7.936507936507929,4.694598687531548,13.799725651577488,-8.885227896760027,10.141313383208644,Health services,Medical/Nursing services,US83444M1018,0,0,173174710,United States,99684107.58866663,USD
MKC,"McCormick & Company, Incorporated",52.28,USD,14054529314.025124,USD,-0.49486105824133614,2.349256068911517,-1.2466943709860154,8.645054031587705,-21.701362887524333,-23.388042203985925,-25.121741621311934,-37.148352969463815,8.701006906881918,Consumer non-durables,Food: specialty/candy,US5797802064,3.59725923106205,46,254055000,United States,199289928.80733335,USD
ALB/PA,Albemarle Corporation Depositary Shares each representing a 1/20th of 7.25% Series A Mandatory Convertible Preferred Stock,52.73,USD,14015352971,USD,4.62301587301587,6.740890688259106,-2.8376635341809586,-34.103974006498376,-20.26311810071072,-12.102017002833813,53.06240928882436,1.4965593571050408,,Process industries,Chemicals: specialty,US0126532003,1.36317738135308,32,117935000,United States,21482908.89529667,USD
EQH/PA,"Equitable Holdings, Inc. Depositary Shares",19.2,USD,14002753420,USD,-0.7238883143743566,-0.6725297465080136,-0.5696530295183814,-4.191616766467066,-6.4327485380116975,-5.185185185185189,-8.30945558739256,-28.809788654060068,,Finance,Life/Health insurance,US29452E2000,2.16374269005848,8,272958000,United States,1551272.9433333336,USD
EQH/PC,"Equitable Holdings, Inc. Depositary Shares, each representing a 1/1,000th interest in a share of Fixed Rate Noncumulative Perpetual Preferred Stock, Series C",16.26,USD,14002753420,USD,-0.24539877300612972,0.4323656578134668,0.24660912453762457,-0.9744214372716208,-0.24539877300612972,-0.36764705882352156,-3.9574719432959133,-35.52940430121169,,Finance,Life/Health insurance,US29452E4089,2.16374269005848,8,272958000,United States,481502.8039999998,USD
IVZ,Invesco Ltd,31.69,USD,13991127496.766323,USD,-0.9996875976257319,11.232011232011242,13.747307968413503,16.980435585086752,20.037878787878796,19.901626939084377,49.48113207547171,28.040404040404045,,Finance,Investment managers,BMG491BT1088,2.63980006248048,33,441500000,United States,146790760.9343334,USD
BAX,Baxter International Inc.,27.01,USD,13964061156.519213,USD,-1.1708744968898528,-7.086343309253522,17.43478260869566,52.51270468661773,24.241030358785665,39.948186528497416,17.79328390754471,-63.78385626173236,,Health technology,Medical specialties,US0718131099,0.731796560556165,46,516996000,United States,170897960.495,USD
MKC.V,"McCormick & Company, Incorporated",51.86,USD,13960219390.290834,USD,-1.162569087097388,3.9278557114228474,-1.1814024390243854,8.65283888539703,-21.67346322307808,-23.21587207580694,-24.873243517311316,-38.09239584576817,8.631105933261214,Consumer non-durables,Food: specialty/candy,US5797801074,3.60205831903945,30,14796400,United States,270589.60260000004,USD
CACI,"CACI International, Inc.",628.79,USD,13890792317.728664,USD,21.381001100322376,30.75275525057184,22.76019601335388,28.760699512634638,4.08362576971462,17.86129334582942,35.91786003782761,149.49014006269095,26.029954794588594,Technology services,Information technology services,US1271903049,0,0,22091300,United States,146373530.57533333,USD
HRL,Hormel Foods Corporation,25.09,USD,13807401629.599684,USD,-0.5548949663099507,-1.2981904012588585,1.5789473684210549,20.393474088291747,-0.23856858846917983,5.420168067226887,-11.40536723163842,-44.84502088371071,29.594243925454116,Consumer non-durables,Food: meat/fish/dairy,US4404521001,4.62742766547761,46,550315000,United States,98155529.60066666,USD
TME,Tencent Music Entertainment Group,9.59,USD,13740253069.09925,USD,0.6295907660021038,0.4188481675392581,10.229885057471272,2.0212765957446757,-40.24922118380063,-46.737017495140236,-55.165965404394576,-8.40496657115569,11.712261846604788,Technology services,Internet software/Services,US88034P1093,2.44281217208814,3,598300498,China,57036698.510000005,USD
SKM,"SK Telecom Co., Ltd.",35.67,USD,13721584437.789846,USD,2.2649082568807315,17.10439921208142,14.253683536194757,-1.6271373414230457,30.18248175182483,74.00000000000001,59.38337801608581,21.279879110446945,,Communications,Wireless telecommunications,US78440P3064,1.44511181192661,30,380144076.24739,South Korea,84173312.58300003,USD
SGI,Somnigroup International Inc.,64.87,USD,13646408950.137974,USD,-6.769186547858571,-5.06366164203131,-17.7298668357641,-8.710948494230225,-32.073298429319365,-27.373488580385125,-13.031237431291055,50.9657900861066,26.45163921056924,Consumer durables,Home furnishings,US88023U1016,0.919804541534924,5,210366000,United States,190137518.33533335,USD
DTM,"DT Midstream, Inc.",132.92,USD,13559873890.709242,USD,-0.13523666416228913,-0.24016811768239385,-8.809001097694845,-8.204419889502777,3.4880099657427515,11.34193332216451,28.835901909469793,197.8933213805468,29.15295872263894,Industrial services,Oil & gas pipelines,US23345M1071,2.55447032306536,5,102015000,United States,114228806.34366666,USD
MOG.B,Moog Inc.,412.59,USD,13534004543.40319,USD,5.000763475339741,3.2837053864784056,-2.7518178496930012,27.823904826817028,24.234805257373406,69.09426229508195,111.58461538461536,440.4637149593922,35.093434493786624,Electronic technology,Aerospace & defense,US6153943013,0.3003003003003,8,3228120,United States,188065.49508666663,USD
BWA,BorgWarner Inc.,65.8,USD,13496563099.098532,USD,-1.4675052410901528,3.6057313808848988,1.7630683575626362,11.506524317912216,30.2454473475851,44.774477447744765,72.88491854965842,60.87340666259415,33.4196759611966,Producer manufacturing,Trucks/Construction/Farm machinery,US0997241064,1.01826894279724,13,205115000,United States,156530965.164,USD
GGG,Graco Inc.,83.05,USD,13450265324.8,USD,0.6666666666666632,2.530864197530861,9.53574254814034,5.366658208576509,-10.698924731182798,1.1571254567600522,-0.8239789825650797,5.393401015228426,26.093376900842028,Producer manufacturing,Industrial machinery,US3841091040,1.40606060606061,46,161954000,United States,111046579.77066667,USD
RNR/PG,"RenaissanceRe Holdings Ltd. Depositary Shares, each representing a 1/1,000th interest in a share of 4.20% Series G Preference Shares",15.17,USD,13445361672,USD,-0.32851511169514264,-0.32851511169514264,-0.3939592908732797,-3.128991060025544,-5.482866043613712,-4.22979797979798,-6.989576946658485,-40.74218750000001,0.2606426206524484,Finance,Property/Casualty insurance,BMG7498P1279,0.500648989430744,31,41551900,Bermuda,479915.5264266666,USD
RNR/PF,"RenaissanceRe Holdings Ltd. Depositary Shares, each Representing a 1/1,000th Interest in a 5.750% Series F Preference Share",20.68,USD,13445361672,USD,-0.048332527791211034,-0.048332527791211034,-0.38535645472062546,-4.037122969837592,-8.170515097690942,-6.783862970475542,-6.2556663644605575,-23.774419461850346,0.3553124189250253,Finance,Property/Casualty insurance,US75968N3098,0.500648989430744,31,41551900,Bermuda,725319.3476666666,USD
RNR,RenaissanceRe Holdings Ltd.,323.49,USD,13441622001.592436,USD,-0.027813832746144695,-2.7828700225394414,-0.4370441045212569,7.37544395392838,5.691508478452647,15.515640622768172,34.13359870630676,109.33799262279169,5.558027775534644,Finance,Property/Casualty insurance,BMG7496G1033,0.500648989430744,31,41551900,Bermuda,116552281.72833332,USD
CNH,CNH Industrial N.V.,10.85,USD,13429326532.863764,USD,0.5560704355885125,0.649350649350652,0.5560704355885125,-0.5499541704857974,-9.20502092050209,16.541353383458638,-13.751987281399051,-26.3461588656331,43.469551282051285,Producer manufacturing,Trucks/Construction/Farm machinery,NL0010545661,0.92678405931418,6,1237730000,United Kingdom,139896913.27133337,USD
ALLY,Ally Financial Inc.,44.06,USD,13403038250.207422,USD,-1.51989271345552,1.6612828795569885,-5.4100472305710525,0.3187613843351561,3.4272300469483588,-3.0796304443466753,17.93361884368309,-15.056872951609785,10.377314051533281,Finance,Finance/Rental/Leasing,US02005N1000,2.68216361198033,10,304200000,United States,141512078.97499996,USD
ONTO,Onto Innovation Inc.,268.7,USD,13366095809.382969,USD,-2.6449275362318883,12.667197786070687,-5.900893013482761,-4.851274787535407,37.79487179487179,65.25215252152522,186.49109713189034,261.30160010757027,124.73887006174272,Electronic technology,Electronic equipment/Instruments,US6833441057,0,0,49743600,United States,399074674.44100004,USD
DECK,Deckers Outdoor Corporation,97.87,USD,13328117747.702248,USD,-1.4500050347397015,-3.7943576132900807,-7.5826251180358835,-3.9925446340984827,-12.161191886555374,-6.173904707122997,-7.451536643026,33.72627654453199,13.888573536924563,Consumer non-durables,Apparel/Footwear,US2435371073,0,0,136182000,United States,241693488.1409999,USD
GWRE,"Guidewire Software, Inc.",160.03,USD,13323517130.551111,USD,-0.1871140772157496,-0.7442783601066729,13.488405077654074,16.844334112149525,25.770198050927387,-20.351383635277717,-28.417427088924672,37.31765917281619,86.22306034482759,Technology services,Information technology services,US40171V1008,0,0,83256400,United States,190136584.0880001,USD
AIT,"Applied Industrial Technologies, Inc.",358.91,USD,13265148149.044062,USD,0.21499972077959423,5.233683222893339,10.196499846484507,15.356924758139693,23.468299563108477,38.644879669332106,33.18119410738804,312.0192859602801,33.90005005997752,Distribution services,Wholesale distributors,US03820C1053,0.541687608197912,46,36959500,United States,94832871.34833333,USD
PINS,"Pinterest, Inc.",23.33,USD,13227713689.614725,USD,-0.12842465753425145,-2.751146310962902,2.100656455142218,9.171736078614867,19.457245263696862,-10.886172650878537,-39.85563289507605,-61.11018503083848,67.99766831827455,Technology services,Internet software/Services,US72352L1061,0,0,492198000,United States,280759591.32166684,USD
AVY,Avery Dennison Corporation,173.99,USD,13186378502.184473,USD,-0.9055701104909463,-6.250336763834256,3.664204003813159,4.762764932562618,-10.1198470916417,-4.243258117776544,3.3931542666983647,-18.280024423465306,19.043397362228426,Process industries,Pulp & paper,US0536111091,2.17564642897824,40,75788100,United States,134090615.27800001,USD
CCK,"Crown Holdings, Inc.",121.1,USD,13170897171.661207,USD,-0.8514819060095025,0.8746355685131172,6.386717034173764,19.404456714651936,7.970756062767474,17.744287797763736,23.40772444716193,20.95485417499,17.425463336019337,Process industries,Containers/Packaging,US2283681060,0.998853774357295,5,108761000,United States,127907752.10566667,USD
WSO,"Watsco, Inc.",321.02,USD,13081589393.54965,USD,-3.6323246878001987,0.500907895560693,-20.16215275187147,-25.29727968724549,-21.780658366024227,-5.23954305280869,-24.911115269461078,15.12695452589299,27.91915256300986,Producer manufacturing,Building products,US9426222009,3.78242074927954,35,35016600,United States,170132975.29499993,USD
UHAL,U-Haul Holding Company,75.1,USD,13072008525.49001,USD,1.3768898488120898,5.300056085249581,12.273882493646274,42.47770821476,46.995498140536284,48.565776458951525,30.995988138845274,19.540303068890864,515.442690459849,Finance,Finance/Rental/Leasing,US0235861004,0,0,19435600,United States,13601105.122333331,USD
EMBJ,Embraer S.A.,71.93,USD,13054993577.108002,USD,-1.1679032701291485,5.794969848507152,8.035446079903888,11.398482267306822,2.6251961763447045,10.644516228272575,20.223967909075732,391.660970608339,42.34414552304704,Electronic technology,Aerospace & defense,US29082A1079,0.765417697169552,2,177958250,Brazil,67822485.57933335,USD
BF.A,Brown Forman Inc,28.62,USD,13042895252.097595,USD,-0.24398745207389433,-3.3434650455927,6.3940520446096745,1.2022630834512018,-1.6156754898590542,7.918552036199101,-4.82208180911207,-56.77390122338014,18.732818431731904,Consumer non-durables,Beverages: alcoholic,US1156371007,3.20494945974207,47,168481000,United States,4299991.820666672,USD
BF.B,Brown Forman Inc,28.27,USD,13024118609.68217,USD,-0.3875968992248042,-2.1799307958477474,6.158467893353364,4.048582995951409,-2.4162927166033805,8.18982013011864,-7.432874918140143,-60.03110419906688,18.503730854823928,Consumer non-durables,Beverages: alcoholic,US1156372096,3.2399577167019,47,290383000,United States,70113014.00933334,USD
AGI,Alamos Gold Inc.,31.1,USD,13018598667.533092,USD,-0.543652062679879,9.276177090653551,-1.2384884090187267,-27.556487304914974,-20.541645375574856,-20.60250191473066,19.065849923430324,306.53594771241836,11.484463256807667,Non-energy minerals,Precious metals,CA0115321089,0.41074395253309,16,418604000,Canada,140710148.15666667,USD
JEF,Jefferies Financial Group Inc.,56.32,USD,12984703643.631962,USD,0.23135789286350342,1.040545389307496,2.5491624180626338,8.621022179363546,-2.8127696289905133,-9.424252171116114,-2.8965517241379306,69.51625742777382,15.694579908039572,Finance,Investment banks/Brokers,US47233W1099,0,0,193743000,United States,120931655.39033332,USD
UHAL.B,U-Haul Holding Company Series N Non-Voting,65.35,USD,12981872573.125095,USD,0.6778616545986716,3.091970342325278,10.481825866441243,36.45855084568802,42.06521739130434,39.33901918976545,27.412751023591333,0.693374422187964,448.5243651338366,Finance,Finance/Rental/Leasing,US0235865062,0.308118933908489,5,176470100,United States,24006495.342000004,USD
MOG.A,Moog Inc.,411.13,USD,12970196468.264801,USD,0.6265756173972642,4.5121765214296605,-2.2189982400228283,29.2049025769956,25.06616372098682,68.73101863252073,112.44832575444399,436.58313756199425,34.969252098767534,Electronic technology,Aerospace & defense,US6153942023,0.288812198644051,8,28443000,United States,137407564.3563334,USD
PAC,"Grupo Aeroportuario Del Pacifico, S.A. B. de C.V. Grupo Aeroportuario Del Pacifico, S.A. de C.V. (each representing 10 Series B shares)",222.11,USD,12912372843.166441,USD,2.1101507907318884,1.7173474995420406,-12.993575681604508,-13.160261172146848,-21.153709620163287,-15.037105041695355,-2.7411656522310244,101.91818181818184,20.45418965088545,Transportation,Other transportation,US4005061019,3.62997517469658,4,42948600,Mexico,32537140.27366666,USD
WBS/PF,"Webster Financial Corporation Depositary Shares, Each Representing 1/1,000th Interest in a Share of 5.25% Series F Non-Cumulative Perpetual Preferred Stock",20.97,USD,12820086793,USD,0.2390057361376537,4.58852867830423,3.0791010440629996,-1.5954950727358042,-1.733833177132151,9.218749999999998,6.311787072243333,-22.102526002971775,3.411142740951606,Finance,Savings banks,US9478905055,2.02224469160768,38,162033000,United States,180756.26082849997,USD
WBS/PG,"Webster Financial Corporation Depositary Shares, each representing a 1/40th interest in a share of 6.50% Series G non-cumulative perpetual preferred stock",23.96,USD,12820086793,USD,-0.0834028356964119,3.0976630909505514,2.5684931506849376,-1.3991769547325097,-2.9173419773095577,2.131287297527707,-2.5223759153783463,-9.180157608057042,3.8975193167954454,Finance,Savings banks,US9478907036,2.02224469160768,38,162033000,United States,270670.66891999997,USD
PEN,"Penumbra, Inc.",324.86,USD,12796047737.843075,USD,0.5105040066829721,1.7413091136861891,1.5092335093585105,-0.015388876919765893,-5.462270465326072,4.550720906282178,35.635255312930575,20.078361794928657,79.77701922840795,Health technology,Medical specialties,US70975L1070,0,0,39389400,United States,124449844.59166668,USD
CRL,"Charles River Laboratories International, Inc.",265.51,USD,12789014646.5023,USD,1.8372200061368378,13.199744191004042,13.952789699570811,45.43711656441717,43.60430526258857,32.66876530255334,68.9209823132714,-35.1180294218269,,Commercial services,Miscellaneous commercial services,US1598641074,0,0,48167700,United States,219381238.51700005,USD
SF/PD,"Stifel Financial Corporation Depositary Shares, Each Representing 1/1,000th Interest in a Share of 4.50% Non-Cumulative Preferred Stock, Series D",16.03,USD,12780468601,USD,0.1249219237976238,0.4385964912280719,-0.24891101431237803,-6.092560046865842,-6.910569105691044,-6.748109365910413,-11.240310077519368,-37.57788161993769,2.8678259625017892,Finance,Investment managers,US8606308620,1.53402917803345,9,151589000,United States,408377.1186233332,USD
SF/PC,"Stifel Financial Corporation Depositary Shares, Each Representing 1/1,000th Interest in a Share of 6.125% Non Cumulative Preferred Stock, Series C",21.685,USD,12780468601,USD,0.023062730627301686,0.3006475485661319,-1.4318181818181877,-6.530172413793106,-8.308668076109937,-6.8913696865607585,-9.645833333333337,-22.192321492644428,3.8795262630599683,Finance,Investment managers,US8606308703,1.53402917803345,9,151589000,United States,406466.9021933334,USD
SF/PB,"Stifel Financial Corporation Depositary Shares, Each Representing 1/1,000th Interest in a Share of 6.25% Non-Cumulative Preferred Stock, Series B",22.215,USD,12780468601,USD,-0.0674763832658595,0.38409399005874767,-2.9064685314685277,-6.186655405405405,-7.70668882426257,-6.541859486748001,-10.708902581664278,-20.03239740820735,3.97434521253757,Finance,Investment managers,US8606307069,1.53402917803345,9,151589000,United States,198328.2029333333,USD
CLX,Clorox Company (The),105.6,USD,12769293967.346937,USD,-0.22675736961452106,7.73311569067537,6.666666666666661,14.57090159487902,-9.596781097508783,4.451038575667656,-15.728992099593016,-35.27825447413582,21.946505393104307,Consumer non-durables,Household/Personal care,US1890541097,4.68631897203326,47,120921000,United States,242167610.78133342,USD
WBS,Webster Financial Corporation,78.78,USD,12764995419.015924,USD,-0.42972699696663724,2.311688311688313,1.403011970652598,8.021390374331542,8.125171561899537,25.047619047619047,38.8438491364117,57.56,12.814965433102888,Finance,Savings banks,US9478901096,2.02224469160768,38,162033000,United States,314832455.1643333,USD
RVTY,"Revvity, Inc.",114.24,USD,12744588473.02243,USD,-0.6781429316640595,1.637010676156574,0.27209690160623895,15.242610713204883,14.92957746478872,17.530864197530853,29.12851814174296,-38.564130142511424,53.87662705149971,Health technology,Medical specialties,US7140461093,0.243435924187098,46,111560000,United States,180208030.6463333,USD
WSO.B,"Watsco, Inc.",316.24,USD,12707701430.022703,USD,-0.8993763905863196,-13.044434667839859,-9.645714285714282,-30.246818272051524,-18.691829073893143,-15.335189548083095,-25.678025851938894,14.921142524892797,27.503435320311006,Producer manufacturing,Building products,US9426221019,3.72985213800453,35,5653740,United States,60276.81168333335,USD
SJM,The J.M. Smucker Company,118.8,USD,12697425149.937088,USD,-0.34393087828202046,-4.031020276274343,4.311177451927295,18.95464103334334,9.614319985237131,21.27398938342181,8.21643286573146,-7.720988037905865,,Consumer non-durables,Food: specialty/candy,US8326964058,3.69096552302659,47,106881000,United States,172380906.68966663,USD
FMS,Fresenius Medical Care AG,24.1,USD,12680795115.12096,USD,0.8790288823775675,-5.230043255996847,-0.9453349773941508,9.198006343452656,-0.3308519437551625,1.8596787827557113,1.2605042016806751,-38.87902612224194,12.435500515995873,Health services,Medical/Nursing services,US3580291066,2.53820008371704,29,532220110,Germany,17356467.68233333,USD
HII,"Huntington Ingalls Industries, Inc.",321.76,USD,12678824015.990433,USD,1.2779351589549899,4.804403765349663,9.460792651811532,1.3704672190542093,-14.172157166102057,-5.384185608845239,18.29411764705882,56.20175736686246,19.183325483369007,Electronic technology,Aerospace & defense,US4464131063,1.72804532577904,14,39404600,United States,158548524.6523333,USD
FIG,FIGMA INC,23.97,USD,12665186610.678864,USD,-14.849023090586144,0.6719865602687952,7.344379758172865,19.849999999999994,6.415094339622643,-36.921052631578945,-68.82964889466841,-71.8,,Technology services,Packaged software,US3168411052,0,0,445682600,United States,556683901.2573334,USD
SF,Stifel Financial Corporation,83.39,USD,12641006720.879967,USD,-1.0912110069979857,0.3610542784931967,10.655520169851382,9.3209229155742,-3.7808173403605543,-0.22737699806071743,11.335057817117288,85.61349971439572,14.918777730070131,Finance,Investment managers,US8606301021,1.53402917803345,9,151589000,United States,103361680.8756667,USD
CR,Crane Company,218.55,USD,12632267782.32416,USD,-2.026269780786292,3.4213515048268115,0.3167171578077654,19.452339309138612,14.772607919336217,18.835299874938837,11.670328547340455,191.40000000000003,38.1360368534934,Electronic technology,Aerospace & defense,US2244081046,0.434841081274936,3,57800358,United States,107528461.98199998,USD
WTS,"Watts Water Technologies, Inc.",377.12,USD,12592372248.571682,USD,3.649956024626218,10.686507587097541,2.8611952104301364,26.14818531527012,20.54724459787752,36.86082380693159,42.85930752329721,133.61209192839002,34.480173351741286,Producer manufacturing,Industrial machinery,US9427491025,0.601912928759894,39,27474600,United States,136525220.08499992,USD
ELS,"Equity Lifestyle Properties, Inc.",64.66,USD,12548218391.87046,USD,-0.5230769230769283,-3.994060876020784,-1.6727493917275067,2.1001105321332676,-2.8253681995792146,6.999834519278498,4.256691389874223,-22.84930199260232,31.420379999028132,Finance,Real estate investment trusts,US29472R1086,3.25384615384615,33,194065000,United States,107402455.81466669,USD
TYL,"Tyler Technologies, Inc.",306.33,USD,12544909643.8677,USD,-0.08154478439559007,-4.898947564496609,-6.521208422337505,-6.375500473730864,-10.343313723768558,-32.021836096132084,-49.81076431555665,-37.8540128215532,40.59501722767028,Technology services,Data processing services,US9022521051,0,0,40952300,United States,257094748.04133326,USD
AA,Alcoa Corporation,47.48,USD,12530419082.591738,USD,-0.4403438876074667,8.278221208665896,-3.4959349593496056,-25.673137132122736,-18.16614960358498,-12.269031781226904,55.978975032851494,19.838465421504292,9.73948717948718,Non-energy minerals,Aluminum,US0138721065,0.838750262109457,5,263909000,United States,286135120.8516666,USD
SNN,"Smith & Nephew SNATS, Inc.",29.69,USD,12529698550.1645,USD,-1.460338533023557,-8.39247145942609,-4.2258064516128995,-1.7538054268696148,-13.212510961707101,-9.78426010331205,-16.64795058955642,-22.338477635364885,20.24272175632372,Health technology,Medical specialties,US83175M2052,2.49585131098573,27,419728500,United Kingdom,56381502.73366666,USD
RTO,Rentokil Initial plc,24.46,USD,12493115509.169003,USD,-1.1717171717171684,1.0743801652892626,-19.64520367936925,-26.76646706586826,-23.298839761680778,-18.193979933110363,1.874219075385253,-39.01770132136624,26.0185086692905,Commercial services,Miscellaneous commercial services,US7601251041,2.24768484848485,15,502928000,United Kingdom,35202584.81000002,USD
GNRC,Generac Holdings Inc.,211.18,USD,12460963124.615429,USD,-2.8655535623936292,4.892465107038193,-15.004427271995493,-21.78518518518518,20.07050261541961,53.051166835773316,8.164310592091782,-48.37053516856954,48.68029782623729,Producer manufacturing,Electrical products,US3687361044,0,0,59006400,United States,261719698.01633328,USD
AMH/PH,American Homes 4 Rent Series H cumulative redeemable perpetual Preferred Shares of Beneficial Interest,23.5,USD,12442403588,USD,-1.4261744966442946,-2.691511387163555,-0.8020261713803346,-1.6530654948734027,-1.3019739605207843,-4.3276472743557335,-1.526960661068369,-16.071428571428573,18.587360594795538,Finance,Real estate investment trusts,US02665T8687,3.64372469635628,13,359180000,United States,146657.37155666668,USD
AMH/PG,American Homes 4 Rent Series G cumulative redeemable perpetual preferred shares of beneficial interest,22.71,USD,12442403588,USD,-0.8296943231440949,-3.3617021276595707,-1.794594594594591,-1.675967978663989,-0.6066017173918764,-1.9430051813471472,-0.9162303664921503,-13.94467601364153,17.96250889820454,Finance,Real estate investment trusts,US02665T8760,3.64372469635628,13,359180000,United States,134265.71262333333,USD
AMH,American Homes 4 Rent,34.55,USD,12431609137.229612,USD,-0.08675534991324794,3.2884902840059618,1.5877683034401622,6.734630831016373,11.164736164736162,8.511306532663308,-1.8186984938903115,-18.263543884551705,27.3273748319228,Finance,Real estate investment trusts,US02665T3068,3.64372469635628,13,359180000,United States,73813703.78966668,USD
FHN/PE,"First Horizon Corporation Depositary Shares, each representing a 1/4,000th interest in a share of Non-Cumulative Perpetual Preferred Stock, Series E",23.6999,USD,12420747806,USD,0.2109936575052894,-0.08473861720067176,-0.00042194092826905883,-4.778760350833488,-4.934215804251906,-2.4293948126801137,-5.124499599679748,-17.28101189832153,11.387612915625601,Finance,Regional banks,US3205174028,2.44554833779136,15,474618000,United States,230888.4829266667,USD
FHN/PF,"First Horizon Corporation Depositary Shares, each representing 1/4000th Interest in a Share of Non-Cumulative Perpetual Preferred Stock, Series F",17.55,USD,12420747806,USD,0.40045766590389176,2.631578947368417,2.3622047244094557,-2.337228714524197,-2.499999999999996,-0.5102040816326522,-3.5714285714285636,-32.86151491966335,8.432635018258697,Finance,Regional banks,US3205178656,2.44554833779136,15,474618000,United States,226473.3934779333,USD
FHN/PH,"First Horizon Corporation Depositary Shares each representing a 1/4,000th interest in a share of Non-Cumulative Perpetual Preferred Stock, Series H",24.56,USD,12420747806,USD,-0.284206252537557,-0.16260162601627112,-1.8385291766586764,-2.3847376788553314,-1.3654618473895577,-1.3654618473895577,-1.3654618473895577,-1.3654618473895577,11.800884105323851,Finance,Regional banks,US3205178409,2.44554833779136,15,474618000,United States,1097491.3105266665,USD
BJ,"BJ's Wholesale Club Holdings, Inc.",97.18,USD,12409301774.222775,USD,0.5067742269107551,-2.1053691951243976,9.696353990292362,3.2950680272108936,-1.8383838383838316,7.941797178718211,-8.81966597860761,86.1329247270638,22.324320599113275,Retail trade,Specialty stores,US05550J1016,0,0,127694000,United States,155281161.02733338,USD
EHC,Encompass Health Corporation,124.82,USD,12382029513.38521,USD,12.551848512173116,11.128917378917379,14.524268281493713,15.896007428040845,8.539130434782603,18.044259504444863,9.079786769203867,93.81200893491683,20.321377985445192,Health services,Medical/Nursing services,US29261A1007,0.685302073940487,13,99199100,United States,115146383.77900001,USD
ONON,On Holding AG,37.34,USD,12359446954.078032,USD,-2.225713537575267,-0.21378941742383295,1.0281385281385351,4.740532959326802,-13.744513744513734,-20.281810418445772,-20.990266610241207,5.480225988700579,39.45477599323753,Consumer non-durables,Apparel/Footwear,CH1134540470,0,0,296873350,Switzerland,154016621.36600003,USD
UDR,"UDR, Inc.",38.14,USD,12253017541.499998,USD,-0.9865005192108062,-3.1733942625031735,-7.673686758654083,3.108948364422813,2.499328137597419,4.293136450642604,-1.2939958592132506,-31.217312894499553,24.303829733001976,Finance,Real estate investment trusts,US9026531049,3.36188992731049,38,321264000,United States,134955399.5796667,USD
PNW,Pinnacle West Capital Corporation,100.82,USD,12219105243.129652,USD,-0.6699507389162629,-1.3792428836936426,-6.405495729669519,1.0422930446983283,5.947877259352666,13.664036076662898,8.88864888216869,27.025324429885334,18.808999664191635,Utilities,Electric utilities,US7234841010,3.57142857142857,33,121197000,United States,136060810.623,USD
AFG,"American Financial Group, Inc.",146.73,USD,12191220524,USD,0,2.1156656691488567,2.329311667480301,11.981988857513537,12.505750651740534,7.439408362012153,19.409179687499996,10.614398793818307,12.822686358472428,Finance,Property/Casualty insurance,US0259321042,2.39896408369113,40,83086100,United States,63316827.94033334,USD
FHN,First Horizon Corporation,25.49,USD,12098007702.519678,USD,-2.5983951089033366,-1.6209957545349352,-1.8482864844050846,3.660024400162662,-1.9615384615384674,5.943474646716541,17.087735415709687,60.01255492780916,12.247741687487988,Finance,Regional banks,US3205171057,2.44554833779136,15,474618000,United States,143137638.51966667,USD
ELAN,Elanco Animal Health Incorporated,24.2,USD,12086679639.778795,USD,-7.704042715484362,-9.159159159159163,-3.5856573705179366,0.16556291390728123,-1.6659894351889482,6.000876040297859,71.99715707178393,-32.193891846455585,,Health technology,Biotechnology,US28414H1032,0,0,499450000,United States,137851131.3143333,USD
EVR,Evercore Inc.,310.33,USD,12004349387.513206,USD,-2.650730911600473,1.6508893183530293,-12.459802538787029,-5.611655210170932,-11.840572711002531,-9.004808820079766,3.719919786096255,131.41685309470546,17.544762238592483,Finance,Investment banks/Brokers,US29977A1051,1.06970324361629,19,38682500,United States,162466095.67633337,USD
DY,"Dycom Industries, Inc.",399.57,USD,11999668763.375462,USD,-2.207591962603094,-0.1199850018747702,-5.205095964508553,-7.897102551690753,3.757465593352368,17.40318505024388,49.82002249718786,449.7660979636764,38.01446104081439,Industrial services,Engineering & construction,US2674751019,0,0,30031500,United States,261771126.7236667,USD
RRX,Regal Rexnord Corporation,179.02,USD,11917285216.84905,USD,-2.3029906134031863,-10.337573875588493,-16.20483055607563,-14.377271857662137,-11.455138985062813,26.203736341205513,30.016704190573034,21.782312925170075,36.88016316103913,Producer manufacturing,Electrical products,US7587501039,0.7640253219821,46,66569599.99999999,United States,266898443.18066663,USD
OC,Owens Corning Inc,150.6,USD,11904731780.293827,USD,-1.226470781137276,7.433300042802101,2.4977880623426034,22.748390251854264,13.054575482321136,34.14091030551349,3.7833367789952312,56.22406639004148,,Process industries,Containers/Packaging,US6907421019,2.00695218731554,12,80528300,United States,178774129.0473334,USD
HBM,Hudbay Minerals Inc.,26.31,USD,11684793466.706724,USD,1.5830115830115836,11.90982560612504,15.954164830321716,6.734279918864098,7.475490196078424,29.733727810650876,182.29613733905578,288.0530973451327,15.91727036539422,Non-energy minerals,Other metals/Minerals,CA4436281022,0.0826901874310915,16,444120000,Canada,111506602.46966662,USD
IT,"Gartner, Inc.",184.82,USD,11671193857.188993,USD,-0.852958532267584,15.787495301340678,33.2036036036036,18.58077762094186,21.71221600263418,-26.18714804904349,-24.254098360655743,-37.76266163793103,16.58307238158473,Technology services,Internet software/Services,US3666511072,0,0,63149000,United States,217270089.2666666,USD
MICC,The Magnum Ice Cream Company N.V.,18.92,USD,11583955359.367134,USD,0.37135278514589004,2.380952380952388,-0.4210526315789384,27.49326145552562,-2.121055354371426,19.369085173501592,30.123796423658888,30.123796423658888,56.871112846661966,Consumer non-durables,Food: meat/fish/dairy,NL0015002MS2,0,0,612259770,Netherlands,20453229.74566666,USD
SCI,Service Corporation International,84.96,USD,11579333452.949612,USD,-0.4452777126787083,-5.547526403557542,8.21551394726785,7.913120792582229,-0.7940214852872569,9.47042906841901,7.995423922715129,32.74999999999999,22.164249191276216,Consumer services,Other consumer services,US8175651046,1.59362549800797,21,136292000,United States,106196838.8786667,USD
DVA,DaVita Inc.,180.67,USD,11526746011.489956,USD,-4.2503577296094175,-24.61089088253704,-24.383710710249872,-8.100409471248003,21.25503355704697,58.92857142857141,32.55319148936168,38.43383648762547,15.237026979160516,Health services,Medical/Nursing services,US23918K1088,0,0,63800000,United States,211184685.43066677,USD
XPEV,XPeng Inc.,11.68,USD,11514122408.74435,USD,-0.5957446808510662,-8.607198748043817,-13.030528667163068,-25.319693094629162,-31.895043731778422,-43.21827904715605,-40.52953156822811,-72.78023770682825,,Consumer durables,Motor vehicles,US98422D1054,0,0,782238449,China,91459412.83399996,USD
FPS,"Forgent Power Solutions, Inc.",37.72,USD,11483058404.938427,USD,-2.0005196154845493,22.82644089873005,-18.372646613287174,-7.207872078720787,25.838198498748948,45.07692307692308,45.07692307692308,45.07692307692308,,Producer manufacturing,Electrical products,US34631F1021,0,0,274527100,United States,443876913.0803331,USD
HMY,Harmony Gold Mining Company Limited,18.05,USD,11466183078.8448,USD,-0.16592920353980967,13.736609955891629,12.812500000000004,1.9198193111236581,-10.886200938039982,-10.687778327560613,14.024005053695518,365.2061855670104,12.462887523303184,Non-energy minerals,Precious metals,US4132163001,1.80274336283186,5,624835027,South Africa,47686518.447666675,USD
GDDY,GoDaddy Inc.,90.35,USD,11442619735.365587,USD,-1.5473466274381624,-11.430251936084709,3.648044051852693,2.368003625651472,-6.60533388463924,-26.907208154680045,-41.581533686796845,24.51764057331862,13.396299151888975,Technology services,Data processing services,US3802371076,0,0,126648000,United States,186560327.74233323,USD
AHR,"American Healthcare REIT, Inc.",54.71,USD,11415719135.058018,USD,-1.423423423423422,-4.436681222707422,0.9782207456626082,10.525252525252528,12.804123711340209,16.826820414264365,36.46794711898228,325.75875486381324,94.75233806719778,Finance,Real estate investment trusts,US3981823038,1.8018018018018,2,206722300,United States,193321306.3706667,USD
DCI,"Donaldson Company, Inc.",98.34,USD,11398693297.600412,USD,1.1208226221079727,5.153977758768186,7.78167470407717,14.03061224489797,-9.146341463414625,10.805633802816905,35.73498964803313,47.32584269662922,26.440459226198477,Producer manufacturing,Auto parts: OEM,US2576511099,1.25449871465296,46,115911000,United States,66794020.22366666,USD
RYAN,"Ryan Specialty Holdings, Inc.",44.47,USD,11392747858.36614,USD,-1.199733392579425,-1.5279007971656284,6.184336198662837,40.86157744694329,-5.943316412859565,-13.246195864221614,-23.115491009681886,48.67937144767635,65.27227359459856,Finance,Insurance brokers/Services,US78351F1075,1.11086425238836,2,122078000,United States,102260127.90900005,USD
WMS,"Advanced Drainage Systems, Inc.",148.45,USD,11378007234.396683,USD,-0.7620830269403134,6.081177647563235,-1.3490164805954288,2.3651910081367937,-13.606471512541477,2.3510755653612776,26.609808102345408,27.21741366012511,27.252033117324174,Producer manufacturing,Miscellaneous manufacturing,US00790R1041,0.494685473627916,13,76645400,United States,104487894.45266666,USD
ARW,"Arrow Electronics, Inc.",222.29,USD,11366565043.402643,USD,-2.0101388582763953,5.7290304168945685,13.99487179487179,15.836373110995302,53.166126920691795,99.91905746919687,90.61052992625619,86.23491957104558,15.902847331520961,Distribution services,Electronics distributors,US0427351004,0,0,51133900,United States,126341370.88033326,USD
WTRG,"Essential Utilities, Inc.",39.88,USD,11311282691.191713,USD,0.732508209143721,-2.636718749999996,2.4402774210120803,5.782493368700264,4.947368421052638,4.288702928870294,5.030287068738487,-22.352024922118375,20.369802839922365,Utilities,Water utilities,US29670G1022,3.46148017176055,45,283633000,United States,86696463.156,USD
TFII,TFI International Inc.,137.53,USD,11304007807.70672,USD,-1.3768375761921747,-3.8655109744163294,-3.2500879352796375,0.3209570355241066,14.46525176862255,31.973898858075053,54.64972450241762,23.467097585061495,34.69833815320574,Transportation,Trucking,CA87241L1094,1.32721406273988,24,82193000,Canada,52672286.590000026,USD
NIO,NIO Inc.,4.6,USD,11299522211.41015,USD,-1.0752688172043163,-2.7484143763213695,-9.270216962524668,-22.55892255892257,-7.815631262525061,-13.533834586466176,0.21786492374727204,-89.90120746432491,,Consumer durables,Motor vehicles,US62914V1061,0,0,2325773372,China,115804397.19100001,USD
KNX,Knight-Swift Transportation Holdings Inc.,69.28,USD,11275735062.63409,USD,-2.1607117638751605,-1.9113691066119134,-8.34766503505755,8.402440932561422,17.663043478260864,32.23897690398931,62.629107981220656,40.52738336713997,263.5222518067706,Transportation,Trucking,US4990491049,1.07329473238243,22,162756000,United States,292987084.9173333,USD
MGM,MGM Resorts International,44.7,USD,11246195184.351833,USD,0.42687036620985136,-2.762671307374366,-4.6908315565031895,16.43657202396458,23.378415677615255,22.03112203112203,27.38671986320889,12.030075187969937,27.05319857168795,Consumer services,Casinos/Gaming,US5529531015,0,0,251593000,United States,131977733.02000004,USD
PNR,Pentair plc.,69.9,USD,11158692491.309767,USD,1.274992755722993,6.571123646897396,-8.303817394726483,-11.842603102534998,-27.126772310258545,-32.93033966609095,-33.04597701149425,-9.055425448868062,17.590658580164583,Producer manufacturing,Industrial machinery,IE00BLS09M33,1.5357867284845,46,159638000,United Kingdom,230869423.42566672,USD
BMNP,"BitMine Immersion Technologies, Inc. 9.5% Series A Perpetual Preferred Stock",89.31,USD,11117462356,USD,0.05601613264619892,0.9837177747625561,2.9035603180089824,0.6309859154929603,0.6309859154929603,0.6309859154929603,0.6309859154929603,0.6309859154929603,,Finance,Financial conglomerates,US09175D2009,0.0542593597395551,0,603226400,United States,4919852.008833333,USD
HL/PB,Hecla Mining Company Preferred Stock,65.5,USD,11111050491,USD,1.9455252918287937,-0.19047619047619047,3.7212984956452915,-6.761565836298932,-16.057926438549277,-7.759470497113089,29.690129690129684,16.964494579454612,83.98512629824336,Non-energy minerals,Precious metals,US4227042052,0.090689238210399,15,671768000,United States,24304.173666666662,USD
BMNR,"BitMine Immersion Technologies, Inc.",18.3,USD,11039042925.382528,USD,-0.7053716766142105,7.773851590106008,19.218241042345284,-16.818181818181817,-2.5299600532623057,-34.64285714285714,-44.54545454545455,-27.380952380952376,,Finance,Financial conglomerates,US09175A2069,0.0542593597395551,0,603226400,United States,577922602.8546668,USD
GMED,"Globus Medical, Inc.",81.08,USD,10999815316.806555,USD,0.6704742984852148,-0.2828680359119468,-0.2706027060270589,-5.2250146113383975,-7.527372262773732,-6.92228217196648,51.66479610924054,0.6454816285997964,18.883480448098375,Health technology,Medical specialties,US3795772082,0,0,113236000,United States,135670551.8446667,USD
BXP,"BXP, Inc.",68.81,USD,10973639298.387087,USD,-1.71404085130696,-6.609663409337682,-2.0498220640569365,15.394935435183632,9.066413060706925,1.8351339351783473,3.86415094339623,-41.55270534273337,36.970771545239636,Finance,Real estate investment trusts,US1011211018,3.99942865304956,29,159477000,United States,99443892.50066668,USD
EGP,"EastGroup Properties, Inc.",200.62,USD,10788002899.02738,USD,-1.0310295496028825,-4.046298067725276,-6.26109709372956,-1.8781179692849472,7.25474472066292,13.057199211045376,22.51603053435115,13.962735741876855,35.21440733004511,Finance,Real estate investment trusts,US2772761019,3.05855655863056,38,53773300,United States,106638312.998,USD
GIL,"Gildan Activewear, Inc.",58.17,USD,10772610165.20813,USD,0.13771733516956153,7.9020589872009,11.800884105323851,-2.920560747663551,-14.731750219876865,-7.4610244988864105,10.715645222687481,61.718098415346134,112.26608819169962,Consumer non-durables,Apparel/Footwear,CA3759161035,1.6148833497053,15,185192000,Canada,79384960.00666668,USD
AR,Antero Resources Corporation,34.9,USD,10729621510.707836,USD,1.660355374308186,0.37388553350588277,-0.45636052481461403,-4.331140350877189,2.496328928046994,2.0467836257309817,4.085893229943326,163.19758672699848,10.019522278364722,Energy minerals,Oil & gas production,US03674X1063,0,0,307439000,United States,162869661.06900007,USD
SPXC,"SPX Technologies, Inc.",214.16,USD,10726387670.1862,USD,-0.35825617642953994,10.397443167173558,-6.0784141741952515,3.418968514583728,-3.1651293181407127,6.2090854989089515,5.259018971788061,231.41442277932526,37.53439542913227,Producer manufacturing,Building products,US78473E1038,0,0,50085900,United States,188669183.37799996,USD
AYI,Acuity Inc.,357,USD,10686989834.827894,USD,-0.5792581040436627,5.483985344521924,2.1868559651934927,20.088805166846083,11.398882890754196,-1.7313991576977126,14.916629112212698,100.56179775280899,23.681592039800996,Producer manufacturing,Electrical products,US00508Y1029,0.214436894285396,24,29935500,United States,140234873.38133332,USD
HL,Hecla Mining Company,15.86,USD,10654247931.515116,USD,-4.111245465538088,8.704592186429059,-1.7956656346749176,-14.478296036667576,-28.4941388638413,-19.28753180661577,156.63430420711975,164.33333333333334,20.335940505192973,Non-energy minerals,Precious metals,US4227041062,0.090689238210399,15,671768000,United States,601742717.1876665,USD
FRT/PC,"Federal Realty Investment Trust Depositary Shares, each representing a 1/1000th interest in a 5.000% Series C Cumulative Redeemable Preferred Share",19.08,USD,10649835111,USD,-0.41753653444677374,-0.41753653444677374,-3.147208121827416,-2.801833927661746,-4.07239819004526,-4.360902255639103,-5.310173697270473,-26.699961582789097,3.852210781344639,Finance,Real estate investment trusts,US3137452005,3.71008782730034,46,86889100,United States,192866.23051666666,USD
TX,Ternium S.A.,51.89,USD,10543685184,USD,-3.3885682368274073,6.637895602137288,21.068595426971537,11.423663302555292,18.28128561659449,34.32565363706963,67.11755233494364,1.1106780982073272,18.066919675498763,Non-energy minerals,Steel,US8808901081,4.0960714950661,6,196307677.6,Luxembourg,30248945.79899999,USD
SSB,SouthState Bank Corporation,108.55,USD,10526585801.439693,USD,-0.5861342613792477,1.9344539393370292,8.128299631437391,12.034265662091027,1.4770496400860038,15.466439740453133,15.319239349835337,52.11603139013453,11.397402379227433,Finance,Major banks,US84472E1029,2.19800348017218,35,96974500,United States,97109851.70233332,USD
ORI,Old Republic International Corporation,43.45,USD,10490260587.256433,USD,-0.16084558823529477,-2.13963963963963,3.551000953288851,9.860935524652353,4.67357263310047,1.4002333722287081,18.23129251700681,73.73050779688126,9.51598773543583,Finance,Specialty insurance,US6802231042,2.78033088235294,39,241433000,United States,61254617.24266671,USD
AES,The AES Corporation,14.7,USD,10487547264,USD,0,-1.0101010101010126,0.7539410555174738,2.225312934631422,-7.663316582914576,1.309441764300479,15.113547376664055,-41.5041782729805,5.493684131848418,Utilities,Electric utilities,US00130H1059,4.78775510204082,14,713439000,United States,119987862.50833336,USD
NYT,New York Times Company (The),64.77,USD,10483847242.210903,USD,-1.0843005497862064,-14.77631578947369,-12.472972972972979,-19.350018677624213,-6.658019887591879,-6.252713851498056,13.135371179039293,37.37009544008483,27.029169970370987,Consumer services,Publishing: newspapers,US6501111073,1.25229077580941,13,161082000,United States,143651084.9313334,USD
SUZ,Suzano S.A.,8.25,USD,10416678744.839201,USD,-1.1976047904191574,-1.9024970273483963,3.383458646616536,-6.884875846501123,-14.68459152016546,-12.790697674418613,-11.003236245954689,-22.09631728045326,4.912176242929443,Process industries,Pulp & paper,US86959K1051,2.19840718562874,4,1236099235,Brazil,22875008.584666662,USD
CFR/PB,"Cullen/Frost Bankers, Inc. Depositary Shares, each representing a 1/40th ownership interest in a share of 4.450% non-cumulative perpetual preferred stock, Serie",16.65,USD,10324777895,USD,0.06009615384614189,0.9090909090909005,1.0315533980582412,-2.7453271028037523,-5.451448040885865,-4.4202066590126465,-6.983240223463688,-37.19351188230857,1.574676552924264,Finance,Regional banks,US2298993070,2.42581111177993,33,62148800,United States,246491.06033999997,USD
FRT,Federal Realty Investment Trust,117.91,USD,10307166198.292786,USD,-3.217598292702948,-6.130085184300615,-2.658300998926772,1.2798488232262453,12.124381894256372,18.681429290387523,26.228455197516325,-3.0265646845957783,23.80577427821522,Finance,Real estate investment trusts,US3137451015,3.71008782730034,46,86889100,United States,106131862.724,USD
RDY,Dr. Reddy's Laboratories Ltd,12.11,USD,10298683777.03125,USD,-0.24711696869852665,2.7141645462256174,-16.13573407202216,-10.693215339233046,-14.356435643564364,-12.940330697340046,-10.296296296296301,-5.773420479302839,27.213483146067414,Health technology,Pharmaceuticals: major,US2561352038,0.529686985172982,25,832671425,India,40872517.32133333,USD
PAYC,"Paycom Software, Inc.",215.97,USD,10286964577.736843,USD,23.55263157894736,30.661262024320898,51.250087541144346,57.93053016453382,63.77492985516038,35.463839929749724,-4.585818422796552,-52.60281789053242,22.95135973814812,Technology services,Packaged software,US70432V1026,0.85812356979405,3,47631500,United States,149449028.80533332,USD
UHS,"Universal Health Services, Inc.",169.72,USD,10272115387.521614,USD,-1.1301409763485948,2.86060606060606,5.547263681592032,-2.3756111590451514,-22.150360075225905,-22.082453401891467,2.742296749197894,10.899111343439628,6.912309139708308,Health services,Hospital/Nursing management,US9139031002,0.46603751602004,23,53287600,United States,154319667.03000006,USD
CFR,"Cullen/Frost Bankers, Inc.",164.76,USD,10239634057.5465,USD,-0.8246553903569521,-2.5607664557336403,4.942675159235663,18.53237410071942,13.627586206896545,30.265654648956346,31.021868787276336,44.831223628691966,15.582204736324428,Finance,Regional banks,US2298991090,2.42581111177993,33,62148800,United States,100603845.733,USD
MOD,Modine Manufacturing Company,192.52,USD,10225258042.7236,USD,-1.0739427573094924,-0.39836515080965484,-15.2193059714638,-30.610920886646237,-8.323809523809519,41.31982676356164,36.91771566744897,1272.2024233784748,72.55323158093084,Producer manufacturing,Industrial machinery,US6078281002,0,0,53112700,United States,419391291.1409999,USD
AM,Antero Midstream Corporation,21.49,USD,10200744427.573252,USD,1.559546313799614,-1.737540009144959,-3.5890533871691375,1.177024482109228,13.105263157894727,20.730337078651672,16.09940572663423,131.8230852211435,25.79212674027844,Industrial services,Oil & gas pipelines,US03676B1026,4.25330812854442,9,474674000,United States,51448954.16333333,USD
PRI,"Primerica, Inc.",326.41,USD,10178771819.425966,USD,1.8154028509934965,0.7127429805615557,8.803333333333342,18.936743914881223,19.625448948178555,26.716875655110858,22.47570447637989,117.54865369234874,13.09227282754748,Finance,Life/Health insurance,US74164M1080,1.3974235004211,16,31184000,United States,56677490.62833336,USD
HUBS,"HubSpot, Inc.",202.43,USD,10094415034.280405,USD,-19.09595939410895,-14.224576271186438,1.2453736120836296,8.862597472438837,-10.555850123718622,-49.265664160401,-59.1932590158647,-69.10173242768832,71.65410073979683,Technology services,Packaged software,US4435731009,0,0,51217700,United States,394048112.1816665,USD
GKOS,Glaukos Corporation,170.99,USD,10085662837.026794,USD,0.035102088574271495,-5.121518144490062,15.121524271191012,26.546773238602725,49.50598933286701,49.37538219620862,92.31807445731641,251.10882956878848,,Health technology,Medical specialties,US3773221029,0,0,58983900,United States,143597631.29033333,USD
R,"Ryder System, Inc.",262.29,USD,10057999966.510618,USD,-1.2239210665059876,0.4942528735632262,-0.34953079290298966,7.641482332663041,22.228435621417596,37.09491950658584,47.63593380614658,239.66588966588972,21.556251386868514,Transportation,Air freight/Couriers,US7835491082,1.37079159448671,46,38346900,United States,98402612.88966665,USD
MOH,Molina Healthcare Inc,191.88,USD,10016136115.045404,USD,-1.670595469919028,-2.4355519397976266,-16.4249313994512,-0.5906123717749532,52.32198142414861,10.275862068965514,24.145962732919248,-28.55759922555663,,Health services,Managed health care,US60855R1005,0,0,52200000,United States,317829356.2,USD
FLS,Flowserve Corporation,78.64,USD,9996148606.757341,USD,-0.038133977373841534,7.138964577656669,7.007756157300321,8.829227788541372,2.090094768272101,12.487483907881568,44.95852534562212,87.95411089866155,27.576533295928744,Producer manufacturing,Industrial machinery,US34354P1057,1.09317401805008,19,127113000,United States,145189633.12733334,USD
PSO,"Pearson, Plc",16.57,USD,9989108819.186,USD,-0.6594724220623467,-5.042979942693404,-1.8364928909952531,10.836120401337801,36.71617161716173,20.334059549745827,13.648834019204392,48.0786416443253,24.921040758008722,Consumer services,Publishing: books/magazines,US7050151056,2.04322541966427,31,598754563,United Kingdom,13539851.14066667,USD
SARO,"StandardAero, Inc.",30,USD,9974158703.643986,USD,-3.2570138664946837,4.239054899235576,-2.3755287992190057,13.464447806354004,-0.5634736493205227,4.130510239500178,5.708245243128968,-3.225806451612903,34.04448479346346,Transportation,Other transportation,US85423L1035,0,0,332472000,United States,101277940.26166663,USD
WLK,Westlake Corporation,77.47,USD,9925683897.532257,USD,-1.6129032258064466,6.825703254274687,3.2382729211087318,-20.852063751532484,-17.663938782017222,3.8889633901032665,-7.592294387785526,-6.210653753026629,,Process industries,Chemicals: specialty,US9604131022,2.69240538481077,22,128122999.99999999,United States,93864469.985,USD
YMM,Full Truck Alliance Co. Ltd.,9.53,USD,9908548542,USD,-0.20942408376964763,-1.2435233160621864,11.46198830409355,6.7189249720044755,-2.75510204081634,-13.442325158946417,-15.663716814159304,-22.52032520325204,17.41275351726658,Technology services,Packaged software,US35969L1089,2.43769633507853,1,932510215.1999999,China,57521468.807333305,USD
MUSA,Murphy USA Inc.,536.18,USD,9903612439.009672,USD,-7.704754363617602,-11.709397487197224,-4.65368542722505,-8.078175895765472,36.33543531326281,33.13634444913464,48.419420915683986,252.4717328424927,16.32549911549153,Retail trade,Specialty stores,US6267551025,0.418287602850552,6,18470700,United States,170648053.88266656,USD
AMG,"Affiliated Managers Group, Inc.",372.18,USD,9830050220.668388,USD,-0.9158191789574563,2.3315919714050093,3.254265501456518,24.36261569819896,21.41319240555881,28.893506493506493,74.3231850117096,123.2231751934265,12.971921704215928,Finance,Investment managers,US0082521081,0.0106490602204355,9,26412100,United States,100276977.57999998,USD
BEP,Brookfield Renewable Partners L.P. Limited Partnership,32.73,USD,9822653888.416485,USD,0.09174311926603679,2.1216848673946953,-2.5602857993450625,-5.785837651122639,9.282136894824701,20.066030814380028,25.546605293440724,-16.865633731267465,,Utilities,Electric utilities,BMG162581083,4.59380723942433,27,300112000,Bermuda,31077129.638666663,USD
BEP/PA,Brookfield Renewable Partners L.P. 5.25%,17.01,USD,9815856960.0552,USD,0,-0.8804796895303888,-1.7331022530329125,-5.918141592920336,-5.499999999999991,-6.845564074479737,-10.520778537611783,-34.602076124567475,,Utilities,Electric utilities,BMG162582313,4.59380723942433,27,300112000,Bermuda,196125.08221666666,USD
FDS,FactSet Research Systems Inc.,274.58,USD,9765587064.29083,USD,-1.2408732870553498,0.1458895616018591,7.199187944093073,24.171301949079723,28.983464862833518,-4.841448622422466,-29.246547103689963,-23.47695223231704,18.096022671104226,Commercial services,Financial publishing/Services,US3030751057,1.60414343775852,27,35565500,United States,253509565.3363334,USD
EAT,"Brinker International, Inc.",227.27,USD,9747108240.18339,USD,0.5752976058768913,9.007626265048684,27.336396234872268,53.62309044207112,41.16149068322982,56.80281495791363,42.98206983328092,320.0147846978378,22.26042156401818,Consumer services,Restaurants,US1096411004,0,0,42887800,United States,208153106.47233328,USD
CTRE,"CareTrust REIT, Inc.",41.13,USD,9716560695.691298,USD,-0.02430724355857562,-2.719962157048246,-1.2484993997598945,1.0813467682477387,6.1419354838709745,13.980878481363451,25.16737674984785,73.98477157360406,26.338370901639344,Finance,Real estate investment trusts,US14174T1079,3.52455031599417,12,236240000,United States,101126263.04266666,USD
LTH,"Life Time Group Holdings, Inc.",43.48,USD,9716126308.107702,USD,-4.0388435224012476,-4.06001765225067,5.508371754428527,40.62095730918497,50.08629616845011,64.69696969696969,67.48844375963019,162.40193120096558,23.773853135764664,Consumer services,Other consumer services,US53190C1027,0,0,223461940,United States,129461675.53366664,USD
OGE,OGE Energy Corp,46.79,USD,9665938352.31646,USD,-0.4891535516801445,-1.722327242176014,-4.020512820512822,-1.5154704272784654,5.692342444093056,9.758386113065907,2.7222832052689396,35.82002902757618,20.493167484232657,Utilities,Electric utilities,US6708371033,3.61548277328796,46,206581000,United States,69713315.54500002,USD
ALSN,"Allison Transmission Holdings, Inc.",116.24,USD,9640478294.142385,USD,-1.5999322779988154,-0.2488629537458219,0.29335634167384744,-6.42408629850266,1.8487689476912288,18.49133537206932,35.19423121656198,195.55047037884566,18.453722813144942,Producer manufacturing,Auto parts: OEM,US01973R1014,0.94810801659189,14,82936000,United States,161673691.69766667,USD
DDS,"Dillard's, Inc.",617.07,USD,9638306679.675373,USD,0.08434028059364132,5.221246483076136,17.916722401635763,10.586021505376355,-3.857719333779971,1.7696341986344324,32.98635805262819,254.5971727387657,14.664942879753982,Retail trade,Department stores,US2540671011,0.194631416754521,46,11633200,United States,67408623.63733333,USD
ACM,AECOM,74.93,USD,9630222494.639652,USD,0.04005340453938736,3.3945080723057925,7.0887523224239075,-8.353718199608608,-24.79927739863508,-21.670499686389288,-37.033613445378144,19.65825614819548,15.926626564924439,Industrial services,Engineering & construction,US00766T1007,1.58878504672897,4,128523000,United States,113714968.92833337,USD
DAR,Darling Ingredients Inc.,60.51,USD,9616693997.703634,USD,4.688581314878895,0.24850894632206524,4.148020654044744,-3.6004460729648002,26.695979899497488,66.92413793103448,89.50829940494833,-13.66814096162078,16.260009673778686,Consumer non-durables,Food: specialty/candy,US2372661015,0,0,158927000,United States,144044525.48233333,USD
APTV,Aptiv PLC,46.3,USD,9613422896.03914,USD,-1.5103169538396104,-20.515021459227473,-21.61841882512274,-20.07595373726912,-31.927487854481804,-28.861876858189245,-16.974905057338585,-66.22664524274794,27.372154892107595,Producer manufacturing,Electrical products,JE00BTDN8H13,0,0,207633000,Switzerland,185506135.26833332,USD
CHWY,"Chewy, Inc.",23.43,USD,9592809582.243444,USD,-2.496878901373289,3.2158590308370063,7.724137931034481,-1.160092807424588,-12.867236891037564,-28.913834951456312,-31.90932868352223,-74.51321657783096,38.88796680497925,Retail trade,Internet retail,US16679L1098,0,0,232946000,United States,180210219.24166667,USD
ADC,Agree Realty Corporation,76.35,USD,9496360593.673107,USD,0.3548895899053575,-4.622111180512183,-2.253232620663174,-0.3783924843423881,-0.15692428403296005,5.865224625623945,3.0086346465191443,0.9653530811954374,41.127989657401415,Finance,Real estate investment trusts,US0084921008,4.12854889589905,32,124379000,United States,95449890.92366667,USD
VMI,"Valmont Industries, Inc.",491.91,USD,9496252214.99583,USD,-0.9045124899274682,4.837919055433611,-11.69374382909971,-4.1578178275694055,4.994557213293214,22.095361016654678,33.47171347171348,104.00199062746238,19.15060109629999,Producer manufacturing,Metal fabrication,US9202531011,0.584206285253828,46,19304900,United States,120185365.71100001,USD
GGB,Gerdau S.A.,5.04,USD,9478923963.8258,USD,-1.9455252918287869,2.8571428571428505,19.999999999999996,4.347826086956521,19.999999999999996,34.4,72.0136518771331,6.550355621959533,22.971741112123972,Non-energy minerals,Steel,US3737371050,2.1774513618677,16,1246172490,Brazil,73926061.906,USD
EDU,"New Oriental Education & Technology Group, Inc. Sponsored",56.83,USD,9475675422.344051,USD,-0.17565431231336978,-5.692001327580485,16.55045118949959,1.1930199430199462,-5.8638396554580074,-1.1652173913043509,24.95602462620933,165.5607476635514,19.033424877754708,Consumer services,Other consumer services,US6475812060,2.03759002283506,1,165512000,China,43783994.45233332,USD
OSK,Oshkosh Corporation (Holding Company),153.44,USD,9473347074.821804,USD,0.41227668346312113,7.293196279980426,7.338230150402246,9.678341672623295,-7.710814387104532,21.536633663366338,10.198218902614183,33.57708714198658,17.565308972685852,Consumer durables,Motor vehicles,US6882392011,1.41352005758785,12,61739800,United States,133328844.89099997,USD
ADC/PA,"Agree Realty Corporation Depositary Shares, each representing 1/1,000th of a 4.250% Series A Cumulative Redeemable Preferred Stock",17.02,USD,9462778179,USD,-0.17595307917889227,-0.1759530791788923,-1.2188044109112064,-0.2636976267213695,-1.046511627906975,-1.1614401858304257,-1.788805539526825,-32.1371610845295,9.168282697694462,Finance,Real estate investment trusts,US0084922097,4.12854889589905,32,124379000,United States,300495.4117466667,USD
MSGS,Madison Square Garden Sports Corp.,391.56,USD,9427240172.317362,USD,0.05366040628592808,-1.7439963865398582,1.661647107695497,17.43042226487524,39.99284948158742,51.632265809549615,91.67808889759154,144.4805194805195,,Consumer services,Movies/Entertainment,US55825T1034,0,0,19546600,United States,79333958.934,USD
CUBE,CubeSmart,41.85,USD,9423040195.920141,USD,-0.23837902264601052,-0.35714285714285376,2.8761061946902697,3.8719285182427456,8.532157676348545,17.887323943661976,5.097940733299852,-16.749552416948482,28.61147193546182,Finance,Real estate investment trusts,US2296631094,5.02979737783075,22,225162000,United States,92208545.29933335,USD
COMP,"Compass, Inc.",12.58,USD,9399185597.950115,USD,-1.9485580670303975,7.797772065124252,-3.2307692307692304,43.4435575826682,3.881090008257644,18.455743879472703,53.22777101096223,-9.365994236311243,232.53234750462107,Finance,Real estate development,US20464U1007,0,0,737031000,United States,172663967.33133334,USD
EGO,Eldorado Gold Corporation,35.93,USD,9389222608.100655,USD,-0.19444444444444525,9.911287855613345,8.418829209414602,6.902707527521572,-6.138975966562177,-1.588605861407829,56.01389491966998,304.61711711711706,12.98418394132898,Non-energy minerals,Precious metals,CA2849025093,0,0,261320000,Canada,77260765.26733334,USD
ESI,Element Solutions Inc.,38.43,USD,9365041428.330986,USD,0.23474178403754903,5.98455598455599,-8.717339667458436,-10.523864959254954,35.07908611599297,52.56053989678443,63.74094588836813,65.07731958762885,52.36408230004088,Process industries,Chemicals: major diversified,US28618M1062,0.834637454355764,6,243691000,United States,251297843.6533333,USD
TTC,Toro Company (The),98.23,USD,9354396591.287708,USD,-0.6975333602911421,6.28651806968189,1.3830116627102935,2.686598369224344,1.0596707818930053,24.831617740500707,32.011826367423744,-14.112092331905219,28.310804968729286,Producer manufacturing,Trucks/Construction/Farm machinery,US8910921084,1.56692276587141,42,95229500,United States,56298283.20700001,USD
LEVI,Levi Strauss & Co,24.3,USD,9351868656.10909,USD,-1.8181818181818152,-3.1872509960159388,-1.5795868772782524,6.159895150720839,21.31802296555167,16.71469740634006,20.895522388059696,-13.584637268847795,19.88543371522095,Consumer non-durables,Apparel/Footwear,US52736R1023,2.34343434343434,7,100456000,United States,71769889.04900001,USD
IAG,Iamgold Corporation,16.03,USD,9265340063.144136,USD,0.8810572687224705,11.785216178521626,-2.2560975609755944,-13.909774436090224,-13.724434876210966,-4.327066547299301,114.3048128342246,546.3709677419355,9.404983503975759,Non-energy minerals,Precious metals,CA4509131088,0,0,578000000,Canada,75390561.75000006,USD
BRX,Brixmor Property Group Inc.,30.15,USD,9252200303.2956,USD,-2.4902975420439946,-4.919583727530754,-3.6433365292425712,0,6.914893617021275,15.472998851014934,14.074914869466511,27.48414376321353,21.5126650017838,Finance,Real estate investment trusts,US11120U1051,3.91332470892626,13,306872000,United States,73550629.56533334,USD
BIO,"Bio-Rad Laboratories, Inc.",342.43,USD,9238405130.457167,USD,-1.5609728051514997,5.1592298006940425,14.766900157522539,33.54783354783354,13.515215805874156,12.931205065628909,28.96094603246339,-55.09173650181637,41.4865519748001,Health technology,Medical specialties,US0905722072,0,0,21700600,United States,99394685.247,USD
VOYA,"Voya Financial, Inc.",101.5,USD,9202630843.077616,USD,1.3884726800519434,1.9076305220883591,4.88787847473391,26.621756487025955,39.11732456140352,36.29649523297972,43.706640237859276,53.41596130592504,17.106837678863364,Finance,Life/Health insurance,US9290891004,1.85795624812706,13,90666300,United States,100521947.13299999,USD
JXN/PA,"Jackson Financial Inc. Depositary Shares, each representing a 1/1,000th interest in a share of Fixed-Rate Reset Noncumulative Perpetual Preferred Stock, Series",25.54,USD,9113579695,USD,-0.11732499022292192,0.15686274509803588,0.3930817610062809,-2.1455938697318095,-2.6305756767060666,-2.1080873898045254,-3.037205770690967,2.4879614767255114,35.08723725786509,Finance,Life/Health insurance,US46817M2061,2.52675386444709,5,67728745,United States,1002260.638333333,USD
VOYA/PB,"Voya Financial, Inc. Depositary Shares, each representing a 1/40th interest in a share of 5.35% Fixed-Rate Reset Non-Cumulative Preferred Stock, Series B",23.5,USD,9076604667,USD,-0.1699235344095121,-1.135885570046275,-0.1699235344095121,-1.9198664440734592,-2.772031443938774,-4.9737161342499006,-4.858299595141697,-22.925549360446045,3.960696408406789,Finance,Life/Health insurance,US9290892093,1.85795624812706,13,90666300,United States,609654.6193,USD
WAL/PA,"Western Alliance Bancorporation Depositary Shares, Each Representing a 1/400th Interest in a Share of 4.250% Fixed-Rate Non-Cumulative Perpetual Preferred Stock",24.5863,USD,9053190412,USD,0.5986088379705404,1.7644867549668926,2.7370013329823335,3.303781512605045,5.884151593453931,8.495615835065378,9.33561613376619,-3.0126232741617356,2.77003763041078,Finance,Regional banks,US9576384062,1.9763798505664,7,109101000,United States,455833.21910000005,USD
JXN,Jackson Financial Inc.,133.34,USD,9030950628.205263,USD,-0.9066587395957184,9.33092817317154,20.19109428519921,20.647846543612026,13.297646359078941,25.23715600638678,50.63262539539088,433.36,183.18450336584695,Finance,Life/Health insurance,US46817M1071,2.52675386444709,5,67728745,United States,78030246.97166663,USD
RRC,Range Resources Corporation,38.57,USD,9013018928.843472,USD,1.12742527530152,-1.9074262461851474,3.3494105037513395,-5.857944837686109,6.517536592101628,10.452462772050398,8.464566929133852,157.47663551401868,10.643817093026465,Energy minerals,Oil & gas production,US75281A1097,0.996329313057158,4,233680000,United States,123334525.79100004,USD
LNC/PD,"Lincoln National Corporation Depositary Shares Each Representing a 1/1,000th Interest in a Share of 9.000% Non-Cumulative Preferred Stock, Series D",26.37,USD,8980794780,USD,-0.18925056775170593,0.22805017103763695,1.1119631901840594,-1.2729314863347054,-2.079465280356475,-1.9702602230483182,-3.7591240875912324,2.0116054158607333,2.2806683733480937,Finance,Multi-line insurance,US5341878859,3.83713493924536,46,191447000,United States,1233162.0320000006,USD
MHK,"Mohawk Industries, Inc.",132.42,USD,8969886189.450806,USD,-2.409904930355966,15.067778936392065,14.530358069538126,28.264238667183253,0.42469285605943713,20.898384004382347,9.302517540239357,-34.18489065606362,17.555814816778913,Producer manufacturing,Building products,US6081901042,0,0,67738100,United States,106990463.06566668,USD
NNN,"NNN REIT, Inc.",47,USD,8941664055.299831,USD,-0.760135135135134,-3.490759753593435,-0.8857022353437404,5.2395879982086955,9.30232558139535,18.957226018729443,11.69201520912548,-3.8658212313356524,23.15613144799724,Finance,Real estate investment trusts,US6374171063,5.1097972972973,34,190248000,United States,75271271.9226667,USD
LNC,Lincoln National Corporation,46.67,USD,8934847418.089962,USD,-0.511617991899371,6.18885096700796,20.812839761843122,28.88704777685722,17.645576002016636,4.782218230803777,19.72806567470499,-30.13473053892215,4.036359233377153,Finance,Multi-line insurance,US5341871094,3.83713493924536,46,191447000,United States,85836462.33500001,USD
HLI,"Houlihan Lokey, Inc.",127.58,USD,8917528359.613073,USD,-0.47585615102582063,6.210456210456204,-9.939291260765211,-16.793843344420537,-25.678667132704184,-26.749727277946832,-33.862104717470196,46.257021666857725,21.42941127068111,Finance,Investment banks/Brokers,US4415931009,1.950230127155,12,54197500,United States,136897279.93233335,USD
TKR,Timken Company (The),128.65,USD,8915038558.284725,USD,-2.033201340237578,-4.851712151468088,-10.204508969079363,9.722814498933905,24.600484261501215,51.49552520018841,71.92302552452226,70.01453680454605,29.273898104535007,Producer manufacturing,Industrial machinery,US8873891043,1.07371306731648,46,69296800,United States,128879676.07300004,USD
AVTR,"Avantor, Inc.",13.18,USD,8914409093.50449,USD,-1.3473053892215547,-9.415807560137464,25.643469971401327,58.41346153846153,18.206278026905824,14.409722222222223,14.60869565217391,-65.47930853850184,,Health technology,Medical specialties,US05352A1007,0,0,676359000,United States,138392744.07833332,USD
NCLH,Norwegian Cruise Line Holdings Ltd.,19.37,USD,8894468042.86601,USD,-4.581280788177338,2.1085925144965847,0.8854166666666756,12.094907407407407,-11.065197428833791,-13.98756660746003,-22.96679260290316,-21.115862349826916,12.240899898887767,Consumer services,Hotels/Resorts/Cruise lines,BMG667211046,0,0,459188000,United States,310227193.5636667,USD
BAH,Booz Allen Hamilton Holding Corporation,73.93,USD,8892668517.116816,USD,2.8090668891670285,7.456395348837223,17.256145915939747,-3.0171848353666495,-12.52957879791764,-12.23884140550806,-33.45035556755783,-9.709330727894466,11.609428243903206,Commercial services,Miscellaneous commercial services,US0995021062,3.1706299541093,15,120285000,United States,163967671.3783333,USD
PB,"Prosperity Bancshares, Inc.",74.08,USD,8878835802.720987,USD,-0.7236665773251222,-1.226666666666669,4.118060435699216,6.543937868545947,0.6385002037766593,7.052023121387276,11.700844390832335,5.8285714285714265,12.835039936240621,Finance,Regional banks,US7436061052,3.18949343339587,28,119855000,United States,101119906.92999999,USD
WAL,Western Alliance Bancorporation,81.33,USD,8873173972.13738,USD,-1.9884309472162034,-0.2697731453096246,-2.2005772005771984,-1.394277400581966,-11.970992531659272,-3.3741237970773477,3.0798479087452377,-17.665519335897958,9.163117690799702,Finance,Regional banks,US9576381092,1.9763798505664,7,109101000,United States,84797854.56366667,USD
KT,KT Corporation,18.53,USD,8847586047.134668,USD,1.925192519251933,2.0374449339207104,3.5774175517048663,-12.387706855791953,-11.929657794676798,-1.6976127320954921,-9.785783836416739,27.441540577716662,8.243615980069402,Communications,Major telecommunications,US48268K1016,0,11,482193522,South Korea,27957457.24866666,USD
ALV,"Autoliv, Inc.",120.57,USD,8830211904.877682,USD,-2.071150097465896,-4.9881796690307425,0.2744510978043898,-0.9285127362366554,-3.8209955328653527,-0.5280092401617034,6.964158977998576,22.046765866990572,14.19756720794131,Producer manufacturing,Auto parts: OEM,US0528001094,2.81026640675763,5,73237200,Sweden,88091078.38266663,USD
SNAP,Snap Inc.,5.22,USD,8828052261.365854,USD,-2.0637898686679232,11.777301927194857,9.205020920502081,-11.675126903553306,-0.0956937799043042,-36.57351154313488,-30.400000000000002,-93.16664484880219,,Technology services,Packaged software,US83304A1060,0,0,1437050000,United States,191045844.1436667,USD
FRO,Frontline Plc,39.56,USD,8806961981.303135,USD,4.187516460363454,1.670521716782333,8.532235939643344,2.566761731916002,41.84295446396558,86.51579443658652,94.30255402750493,426.0638297872341,9.732336154300334,Transportation,Marine shipping,CY0200352116,8.24335001316829,4,222623000,Cyprus,86827924.75466667,USD
CNM,"Core & Main, Inc.",45.49,USD,8803225902.787878,USD,-2.235117128734148,5.963195900302824,-1.0010881392818298,-8.63627234384414,-19.643172584349053,-12.804293655357485,-29.01061173533083,80.58753473600635,19.298320040726285,Distribution services,Wholesale distributors,US21874C1027,0,0,187193000,United States,102157804.55133332,USD
BROS,Dutch Bros Inc.,53.33,USD,8787910498.940155,USD,-18.790924318562514,-18.91439866200395,-21.14446251663463,-1.6595980084823874,-0.41083099906629106,-13.086701434159064,-8.13092161929371,64.0923076923077,75.19740552735476,Consumer services,Restaurants,US26701L1008,0,0,127292625,United States,215166576.32033333,USD
BIO.B,"Bio-Rad Laboratories, Inc.",337,USD,8717507157.929989,USD,8.929645025115224,8.929645025115224,15.414911469570873,30.76714136044392,15.66447007138934,7.753796962430056,36.40963367739323,-51.70259114881908,40.82868912042646,Health technology,Medical specialties,US0905721082,0,0,5061040,United States,122074.52439333334,USD
TIMB,TIM S.A.,18.52,USD,8687057192.973001,USD,1.3683634373289546,-2.5775907417148973,-16.123188405797098,-23.02576891105569,-24.25357873210634,-5.942102590147291,-5.9898477157360395,70.84870848708488,10.897963987289632,Communications,Wireless telecommunications,US88706T1088,6.42309250136836,28,477734486.6,Brazil,10652538.309666667,USD
FR,"First Industrial Realty Trust, Inc.",63.39,USD,8686391499.184198,USD,-1.2155212716222552,-3.89630078835657,0.15800284405119516,1.0199203187251005,4.846179292093947,10.860440713536203,30.271270036991382,15.338427947598253,23.08280533100284,Finance,Real estate investment trusts,US32054K1034,2.945301542777,13,132573000.00000001,United States,86112587.93433334,USD
PRMB,Primo Brands Corporation,23.91,USD,8676187183.478672,USD,-5.56872037914692,3.060344827586211,-5.494071146245061,6.979865771812075,24.98693152117094,46.50735294117647,-10.516467065868259,41.22858830478441,87.45427944403805,Consumer non-durables,Beverages: non-alcoholic,US7416231022,1.73775671406003,14,362868560,United States,84699850.38233332,USD
ATR,"AptarGroup, Inc.",135.78,USD,8633045446.648628,USD,-0.7093235831809864,-0.45454545454545786,7.2257758824923055,8.424498921983549,6.469066102093625,11.532774765894535,-3.2285653196493485,6.0118675827607655,24.53249498617811,Process industries,Containers/Packaging,US0383361039,1.40402193784278,33,63581100,United States,63272079.46266665,USD
GME,GameStop Corporation,19.23,USD,8628332911.996317,USD,1.15728563913729,-11.626838235294121,-15.620886353663883,-20.339685169842586,-22.459677419354836,-5.083909180651536,-15.731814198071866,-50.24257713953037,14.65031235715374,Retail trade,Electronics/Appliance stores,US36467W1099,0,0,448691000,United States,109372418.76133333,USD
VIRT,"Virtu Financial, Inc.",55.58,USD,8626029022.849323,USD,-4.942705661022748,-0.10783608914450445,-11.917591125198104,11.696141479099678,45.42124542124542,65.91044776119404,29.376163873370572,115.00967117988392,9.225202496348427,Finance,Investment banks/Brokers,US9282541013,1.64186762442278,11,88300700,United States,71998893.03333332,USD
QGEN,Qiagen N.V.,41.73,USD,8599499591.555183,USD,-0.5244338498212299,0.19207683073228882,5.352183791971718,24.790669856459328,-18.575609756097567,-11.82482241483843,-20.298432159384383,-28.17280862147717,21.559206447613143,Health technology,Medical specialties,NL0015002SN0,0.834326579261025,1,206075000,Netherlands,118153777.75033334,USD
ZWS,Zurn Elkay Water Solutions Corporation,51.84,USD,8598394150.089462,USD,-1.7437452615617792,-1.8925056775170324,5.990594970353725,1.1314865392118716,0.6601941747572881,11.459901096538392,16.077026421854026,84.01630929733884,31.831020508412134,Producer manufacturing,Industrial machinery,US98983L1089,0.796057619408643,6,165864000,United States,56981675.379333325,USD
KNSL,"Kinsale Capital Group, Inc.",376.37,USD,8573115926.568454,USD,1.455643313475477,2.5531335149863774,6.84134328781901,21.763183435781293,-9.697929412893787,-3.7416879795396407,-15.687724014336911,103.03716890543238,15.25475938603211,Finance,Multi-line insurance,US49714P1084,0.226433404318408,10,22778400,United States,118766697.5753333,USD
ELPC,Companhia Paranaense de Energia (COPEL),11.69,USD,8571066467.206599,USD,0.8628127696289875,1.0371650821088956,0,-7.222222222222223,13.275193798449603,24.75987193169691,44.14303329223181,53.81578947368421,17.328787429587905,Utilities,Electric utilities,US20441B7047,5.0325539257981,3,742521676.5,Brazil,4555970.8116666665,USD
AOS,A.O. Smith Corporation,62.99,USD,8560880846.632638,USD,-0.3007280785058527,-2.2501551831160707,0.945512820512826,4.2708160900513255,-19.97204929487993,-6.069191768565464,-10.703147150552883,-12.25797464827971,17.5611252056093,Producer manufacturing,Building products,US8318652091,2.27920227920228,40,110047000,United States,111422097.42233337,USD
JAN,"Janus Living, Inc.",29.69,USD,8554899907.96458,USD,-2.6238110856018277,-4.533762057877813,1.020755358965637,7.5724637681159415,29.086956521739136,29.086956521739136,29.086956521739136,29.086956521739136,,Finance,Real estate investment trusts,US4710241096,0,0,212222990,United States,43222556.88000001,USD
AG,First Majestic Silver Corp.,17.28,USD,8517422372.327126,USD,-1.8739352640545048,12.500000000000012,1.5276145710928413,-21.490231712857792,-16.722891566265055,1.4084507042253638,106.45161290322585,34.68433359314108,25.47001613101022,Non-energy minerals,Precious metals,CA32076V1031,0.19717004048583,5,492906000,Canada,173061773.98400003,USD
ESE,ESCO Technologies Inc.,328.03,USD,8498329511.654274,USD,0.12208894179409006,6.447949117341623,-2.7713557413006176,9.343333333333325,32.82717849044378,68.31546000307866,71.16990189939469,249.6376039224046,62.747235930984345,Electronic technology,Electronic equipment/Instruments,US2963151046,0.0976711534352776,16,25907200,United States,76608239.80166669,USD
PCOR,"Procore Technologies, Inc.",55.72,USD,8466951198.013288,USD,0.05386963548213528,-0.500000000000002,23.822222222222223,6.153553057725274,5.790772735902785,-23.6607754486916,-13.046192259675406,-43.591820206519536,,Technology services,Packaged software,US74275K1088,0,0,151955000,United States,174286737.86066663,USD
MP,MP Materials Corp.,47.49,USD,8454274324.587978,USD,-0.8766437069505211,20.962812022414685,-9.248996751385432,-35.563093622795115,-19.52211489578037,-7.750582750582741,-31.816223977028002,24.973684210526322,,Non-energy minerals,Other metals/Minerals,US5533681012,0,0,178022000,United States,262780498.33100003,USD
ARE,"Alexandria Real Estate Equities, Inc.",48.48,USD,8447521383.66467,USD,-3.2335329341317456,-9.128397375820064,-3.1175059952038415,5.78223870826969,-11.85454545454546,-0.635376101660181,-38.163265306122454,-76.55932695097187,,Finance,Real estate investment trusts,US0152711091,6.94610778443114,29,174248000,United States,93951841.26966667,USD
CDP,COPT Defense Properties,37.21,USD,8413699256.261102,USD,-0.45478865703585264,-2.566116784498552,-1.2473460721868335,16.718946047678802,13.896541169268438,33.94528437724982,32.51424501424503,29.787234042553187,25.928506724270086,Finance,Real estate investment trusts,US22002T1088,3.34403424291065,34,113410000,United States,39345064.69633333,USD
EMN,Eastman Chemical Company,73.5,USD,8406740086.421268,USD,0.20449897750512025,7.361963190184059,6.660861993905099,-1.0900282599919286,-3.9215686274509802,14.468151378289997,19.260100600356964,-34.292866082603254,19.147107093547294,Process industries,Chemicals: specialty,US2774321002,4.56714383094751,24,114377000,United States,93832223.00866665,USD
STN,Stantec Inc,73.11,USD,8339438059.257555,USD,-0.041017227235440434,1.2323456106341741,2.4379991593106274,-19.650511045169797,-27.49900833002777,-23.034003579324136,-34.524449220849,54.99258002967988,23.668530460977195,Industrial services,Engineering & construction,CA85472N1096,0.9163579645155,14,114067000,Canada,30011104.83566668,USD
AGX,"Argan, Inc.",590.87,USD,8283552607.88533,USD,-1.8194809079126721,13.193486590038313,-16.154162705226266,-15.63218390804598,65.50980392156863,86.35904876048697,157.3924028576407,1210.4235972499444,51.91266912669127,Industrial services,Engineering & construction,US04010E1091,0.332325279984048,15,14019200,United States,209623129.10299996,USD
LAD,"Lithia Motors, Inc.",375.78,USD,8260815550.583064,USD,1.9562091325935318,-10.654081171687393,21.485839906892533,28.56409730062607,12.80280971392549,12.482040229885055,25.999195278969943,-0.9149637442320441,12.44918850691235,Retail trade,Specialty stores,US5367971034,0.602327915999674,16,21983100,United States,127603476.45366666,USD
REXR/PC,"Rexford Industrial Realty, Inc. 5.625% Series C Cumulative Redeemable Preferred Stock, par value $0.01 per share",21.41,USD,8259480490,USD,-0.18648018648018252,0.8003766478342831,-0.41860465116279005,2.293358815097948,-0.09332711152589629,0.04672897196262413,-1.6242791830358185,-23.535714285714285,,Finance,Real estate investment trusts,US76169C4078,4.67062634989201,13,222988000,United States,81414.5459,USD
REXR/PB,"Rexford Industrial Realty, Inc. 5.875% Series B Cumulative Redeemable Preferred Stock",22.85,USD,8259480490,USD,1.0614772224679434,1.195748449955727,1.2854609929078133,4.576659038901601,1.7817371937639295,1.0614772224679434,0.6164685160722173,-13.61025939606576,,Finance,Real estate investment trusts,US76169C3088,4.67062634989201,13,222988000,United States,86018.29095000001,USD
DPC,DPC Holdings PLC,56.84,USD,8250427824.041271,USD,10.64823827136462,26.058993124861388,14.828282828282836,29.18181818181819,29.18181818181819,29.18181818181819,29.18181818181819,29.18181818181819,,Producer manufacturing,Electrical products,JE00BPK4NV88,0,0,145151800,United Kingdom,98141938.25533333,USD
KMX,CarMax Inc,58.06,USD,8239357446.59467,USD,2.452796894300336,0.13797861331494551,14.156508061344873,45.18629657414353,26.713225665648192,49.754965179262314,1.7347117574908042,-57.73458542622115,38.21245228379623,Retail trade,Specialty stores,US1431301027,0,0,141911000,United States,155374875.89900002,USD
HESM,Hess Midstream LP,39.94,USD,8234763513.035393,USD,-0.4486540378863403,-0.671474757523012,4.227557411273479,3.4983156258097803,14.114285714285709,15.500289184499712,-5.646113867233642,58.744038155802855,13.774313698441164,Energy minerals,Integrated oil,US4281031058,7.56505483549352,9,128351000,United States,36306028.416,USD
NEU,NewMarket Corp,893.28,USD,8214965808.940748,USD,1.3156700843843598,7.366675080229325,11.428785270563582,30.32403017084167,23.824177652097976,29.663821633861698,25.860174148279647,178.1417362062523,19.231415100432734,Process industries,Chemicals: specialty,US6515871076,1.33268305961347,20,9196410,United States,98252140.91566665,USD
ASR,"Grupo Aeroportuario del Sureste, S.A. de C.V.",277.63,USD,8190790071.07032,USD,1.7220532737331873,-0.1043465745538358,-10.070614148743207,-11.880276772678222,-23.769906644700715,-14.646293848187655,-9.895495261586397,53.89689578713968,15.034658290913029,Transportation,Other transportation,US40051E2028,1.89155534386106,6,27705000,Mexico,19404794.92400001,USD
CMC,Commercial Metals Company,73.69,USD,8151907140.53773,USD,-2.6166248182899485,6.53462483735723,18.225573560083426,3.613610798650159,-9.704693052322023,5.121255349500719,42.09409949865021,127.71940667490729,13.888051262721447,Non-energy minerals,Steel,US2017231034,1.00436104136382,40,110624000,United States,93226125.90566668,USD
IDA,"IDACORP, Inc.",140.91,USD,8150522849.380689,USD,-1.6266406031834768,-3.717116501537409,-7.63633980073414,-2.0982422010699717,2.9667519181585695,11.470611502254568,12.619884910485926,31.86412128017967,23.312487591820524,Utilities,Electric utilities,US4511071064,2.44345154984641,46,57842000,United States,87749386.47366668,USD
KNTK,Kinetik Holdings Inc.,50.17,USD,8145597786.157187,USD,3.764219234746639,0.6823198876179077,4.9801213643021605,3.7427626137303602,26.372795969773296,39.16782246879336,17.79760507161305,53.26103558881931,18.174902188088684,Industrial services,Oil & gas pipelines,US02215L2097,6.63908996897622,5,73602300,United States,50486174.04033334,USD
REXR,"Rexford Industrial Realty, Inc.",36.5,USD,8139066897.543198,USD,-1.4578833693304512,-5.415910857735173,5.797101449275362,0.8287292817679479,-6.410256410256411,-5.806451612903226,-0.8152173913043401,-41.6,,Finance,Real estate investment trusts,US76169C1009,4.67062634989201,13,222988000,United States,107872355.07000001,USD
PL,Planet Labs PBC,22.72,USD,8097465345.889931,USD,1.6554809843400333,12.114483098939049,-23.835065370432453,-37.582417582417584,7.984790874524713,14.429614706623008,256.1128526645768,129.95951417004045,,Technology services,Packaged software,US72703X1063,0,0,332909000,United States,248822335.96700004,USD
JOBY,"Joby Aviation, Inc.",8.23,USD,8095381127.142308,USD,5.512820512820521,20.145985401459868,-6.317586795674441,-17.617617617617615,-16.27670396744659,-38.81040892193308,-58.97308075772681,-18.10945273631841,,Electronic technology,Aerospace & defense,KYG651631007,0,0,983643000,United States,375292841.0953333,USD
THG,Hanover Insurance Group Inc,231.46,USD,8059488168.275926,USD,1.0212988826815657,-0.42161418000343737,4.444745273227739,23.66958751870058,29.401241124839267,27.287725472943247,35.02508458756272,70.19117647058823,11.041358584172112,Finance,Property/Casualty insurance,US4108671052,1.6366969273743,21,34820200,United States,73875067.51733333,USD
AXTA,Axalta Coating Systems Ltd.,37.54,USD,8034310895.649593,USD,-1.3921723141581328,2.9903978052126097,6.829823562891288,30.710306406685238,11.229629629629626,15.188708192697131,30.48314216197428,25.38410153640614,23.12858111022118,Process industries,Industrial specialties,BMG0750C1082,0,0,214020000,United States,54451946.37533334,USD
BVN,Buenaventura Mining Company Inc.,32.56,USD,7996335553.160161,USD,-1.3333333333333264,5.235940530058181,8.714524207011696,-5.923143600115566,-8.974000559127763,14.728682170542648,81.5950920245399,322.8571428571429,7.359522625559424,Non-energy minerals,Precious metals,US2044481040,1.26936363636364,5,253715000,Peru,27271919.86066666,USD
TAP,Molson Coors Beverage Company,42.41,USD,7977975612.074755,USD,1.289706233580127,0.8321445553970382,6.210869020786368,-2.0328020328020386,-17.03834115805947,-9.785152095298875,-13.818329607803301,-12.82631038026722,,Consumer non-durables,Beverages: alcoholic,US60871R2094,4.53785526630045,43,175215000,United States,131308914.1076666,USD
SSD,"Simpson Manufacturing Company, Inc.",193.44,USD,7957797783.302356,USD,-1.9812515834811233,1.6500262743037237,-1.5923080836343264,0.13458950201883782,0.37880753463753297,19.04,5.919071346438155,71.51977300939883,21.133592623344843,Producer manufacturing,Building products,US8290731053,0.592855333164429,22,41138300,United States,63530140.21866666,USD
RHP,"Ryman Hospitality Properties, Inc. (REIT)",124.23,USD,7840065029.314997,USD,-2.656323460272685,-8.438974056603774,-2.5952642308295455,11.934045141235305,30.837282780410742,31.25198098256735,32.837895637296846,56.0482351463384,32.91122473309137,Finance,Real estate investment trusts,US78377T1079,3.72198714934963,4,63109300,United States,81080139.70533337,USD
FSS,Federal Signal Corporation,127.83,USD,7802948658.886772,USD,-1.8051928099554526,5.7757550682664505,-3.9016689219666296,5.392035617115996,12.35826667838622,17.039003845449553,1.5168360864040633,231.0800310800311,27.534733441033925,Consumer durables,Motor vehicles,US3138551086,0.445536948840068,12,61041600,United States,75542796.08433336,USD
BLDR,"Builders FirstSource, Inc.",72.51,USD,7801818710.891644,USD,-4.416029528078031,9.201807228915662,-11.605510179202724,-8.203570072161021,-40.46309220789884,-29.526678977548833,-45.390872119295075,50.999583506872135,78.85807504078304,Retail trade,Home improvement chains,US12008R1077,0,0,107596000,United States,179276834.60733336,USD
HXL,Hexcel Corporation,102.98,USD,7787703145.038629,USD,-1.2939710533882816,-3.927605187051025,2.437083457674329,6.7814184985483275,22.057603413535617,38.656254207620854,69.0413657255417,78.97115050399724,51.90785825898483,Electronic technology,Aerospace & defense,US4282911084,0.670947953608742,4,75623500,United States,117438497.185,USD
AWI,Armstrong World Industries Inc,183.97,USD,7775091994.342863,USD,-1.1339208942390442,5.894203649340937,15.945043171361954,11.07287327175029,-5.753073770491799,-3.64026817515189,-3.7864128445165046,68.59420821114368,25.20309610247277,Producer manufacturing,Miscellaneous manufacturing,US04247X1028,0.712059329320722,8,42262800,United States,92240397.85133335,USD
TAP.A,Molson Coors Beverage Company,41.75,USD,7764803289.604486,USD,1.3349514563106726,-0.5952380952380952,-7.222222222222222,1.408792810298757,-14.778526229842829,-13.899773149102911,-22.67086497499537,-31.354817494245314,,Consumer non-durables,Beverages: alcoholic,US60871R1005,4.48642266824085,21,2563030,United States,21296.129,USD
FAF,First American Corporation (New),75.15,USD,7672814666.289507,USD,0.21336178157089053,-3.851074718526089,6.114092064388609,6.9446420947773015,11.963647199046484,22.59380097879284,19.799139167862283,10.109890109890118,10.401815992359545,Finance,Specialty insurance,US31847R1023,2.93372449659955,16,102100000,United States,62279232.992000006,USD
NFG,National Fuel Gas Company,80.63,USD,7663486962.796451,USD,2.1926489226869323,1.5875015749023444,1.9987349778621104,0.0620501365102968,-5.861062463514314,0.7497188554292069,-7.01187867604659,52.1320754716981,11.216526396327467,Energy minerals,Integrated oil,US6361801011,2.73764258555133,46,95045100,United States,60498972.96400001,USD
KLAR,Klarna Group plc,20.26,USD,7648310450.845361,USD,-0.540009818360331,7.823310271420981,1.8090452261306684,38.29351535836178,-2.596153846153842,-30.258175559380373,-61.03846153846154,-61.03846153846154,,Commercial services,Miscellaneous commercial services,GB00BMHVL512,0,0,377507900,United Kingdom,78019917.11700001,USD
AXS,Axis Capital Holdings Limited,104.45,USD,7621332526.771224,USD,0.19184652278177733,-0.4858993902438938,-8.175824175824173,5.186304128902322,-2.5016335293568495,-2.117889607347007,10.822281167108756,101.56310304901582,7.417744352358836,Finance,Multi-line insurance,BMG0692U1099,1.68824940047962,23,72966300,Bermuda,85447760.764,USD
AXS/PE,"Axis Capital Holdings Limited Depositary Shares, each representing 1/100th interest in a share of a 5.50% Series E Preferred Shares",18.77,USD,7606739262,USD,0.4280363830925537,-0.05324813631523729,-0.7928118393234784,-4.623983739837399,-7.491375061606701,-6.337325349301396,-8.57282026302972,-26.131444313262495,1.3329924508738664,Finance,Multi-line insurance,US05461T3059,1.68824940047962,23,72966300,Bermuda,1034650.7395733333,USD
ETSY,"Etsy, Inc.",82.26,USD,7549967099.90566,USD,-4.192872117400412,-3.1665685697469073,8.910366741692048,28.27070014033995,49.67248908296944,47.05041115480874,46.50044523597508,-55.0508996923615,48.39392869749383,Retail trade,Internet retail,US29786A1060,0,0,94896200,United States,227840099.41699997,USD
MSA,MSA Safety Incorporated,193.96,USD,7482644845.824595,USD,0.5964420932524276,9.458239277652382,12.368924164301022,11.715240179702802,2.7276097664318657,21.05098920302067,7.5702956020187475,20.824767956145273,24.121977912645505,Electronic technology,Electronic equipment/Instruments,US5534981064,1.10471448576319,46,38578300,United States,53837404.87866666,USD
OMF,"OneMain Holdings, Inc.",65.03,USD,7481146867.016933,USD,-0.7932875667429383,2.4739993696816898,7.933609958506226,16.125000000000004,4.904016776899498,-3.915484633569748,15.2401205032784,10.84029316516107,9.806819381399768,Finance,Finance/Rental/Leasing,US68268W1036,6.39206712433257,7,115041000,United States,69786570.60266668,USD
TEX,Terex Corporation,65.35,USD,7469505544.171082,USD,-1.0598031794095426,0.03827018752390581,-5.1110788441992305,3.254858587454567,4.744350056098724,22.012696041822238,32.20716164272708,29.946311393915284,33.9022618800581,Producer manufacturing,Trucks/Construction/Farm machinery,US8807791038,1.02952308856927,13,114300000,United States,104482249.01066667,USD
VIPS,Vipshop Holdings Limited,15.41,USD,7466969870,USD,-0.8365508365508302,2.596537949400803,16.12660135644311,5.475701574264208,-11.538461538461547,-14.626038781163437,-0.1296176279974049,-12.443181818181824,7.304356069583353,Retail trade,Internet retail,US92763W1036,3.86100386100386,3,402698210,China,31604121.930999994,USD
MOS,Mosaic Company (The),23.46,USD,7456682341.355831,USD,0.21358393848782872,3.621908127208482,10.921985815602849,2.133217239878111,-16.21428571428571,-2.6556016597510395,-26.57276995305164,-24.831784684396027,,Process industries,Chemicals: agricultural,US61945C1036,3.75907731738573,13,317847000,United States,182343054.8333334,USD
VNO/PN,"Vornado Realty Trust 5.25% Series N Cumulative Redeemable Preferred Shares of Beneficial Interest, liquidation preference $25.00 per share",17.2,USD,7452016534,USD,-1.2629161882893365,0.46728971962615823,-2.934537246049659,-3.0439684329199506,-2.714932126696835,1.2360211889346726,-0.8645533141210496,-36.996336996337,693.5483870967741,Finance,Real estate investment trusts,US9290428104,1.85417188674518,36,186721000,United States,445058.08433333336,USD
VNO/PM,"Vornado Realty Trust 5.25% Series M Cumulative Redeemable Preferred Shares of Beneficial Interest, liquidation preference $25.00 per share, no par value per sha",17.5,USD,7452016534,USD,-0.4550625711035171,0.9809578765147243,-2.615470228158035,-2.234636871508372,0,2.399063779988298,1.3611352447147376,-33.61153262518968,705.6451612903226,Finance,Real estate investment trusts,US9290428286,1.85417188674518,36,186721000,United States,593385.8804433333,USD
VNO/PL,Vornado Realty Trust Pfd Ser L %,17.54,USD,7452016534,USD,-0.7918552036199128,0.9786989061600354,-2.609661299278192,-2.825484764542945,-2.9330381848367524,-0.959909655561839,-1.1273957158962757,-32.6682047285807,707.258064516129,Finance,Real estate investment trusts,US9290428443,1.85417188674518,36,186721000,United States,484664.41014333337,USD
VNO/PO,"Vornado Realty Trust 4.45% Series O Cumulative Redeemable Preferred Shares, Liquidation Preference $25.00 Per Share",14.6,USD,7452016534,USD,-0.5449591280653956,0.6896551724137907,-2.210314802411253,-5.501618122977344,-3.1187790311877945,1.6005567153792655,-1.1509817197020984,-41.36546184738956,588.7096774193549,Finance,Real estate investment trusts,US9290427940,1.85417188674518,36,186721000,United States,333485.77757999994,USD
VSXY,Victorias Secret & Co.,93.52,USD,7434065901.885599,USD,4.073002448252834,3.9457596976770004,17.93190416141236,94.4282744282744,53.94238683127571,70.22206042955952,374.23935091277895,62.30475529330094,38.29647829647829,Retail trade,Apparel/Footwear retail,US9264001028,0,0,79491700,United States,155623173.88766667,USD
TRNO,Terreno Realty Corporation,68.15,USD,7426326574.982721,USD,-1.8718502519798377,-5.228758169934628,-1.0310775486494246,1.8075888855691784,2.542882937105044,16.01974804221996,24.044412085911922,-0.6559766763848232,18.357396832237907,Finance,Real estate investment trusts,US88146M1018,2.49388048956083,15,106307000,United States,68627271.10466668,USD
PDI,PIMCO Dynamic Income Fund,16.06,USD,7394255280,USD,0.249687890137323,0.75282308657465,-4.347826086956524,-9.419063733784556,-13.095238095238104,-9.876543209876553,-17.00258397932818,-44.56334138764239,7.796116504854368,Miscellaneous,Investment trusts,US72201Y1010,16.5168539325843,11,461564000,United States,40941017.275000006,USD
PACS,"PACS Group, Inc.",46.67,USD,7389522437.684051,USD,2.2567922874671367,-0.5540166204986107,3.94209354120268,37.7508854781582,26.271645021645025,21.25227331774487,310.10544815465727,102.91304347826087,27.967879187391382,Health services,Hospital/Nursing management,US69380Q1076,0,0,158335620,United States,45924010.01566668,USD
GAP,"Gap, Inc. (The)",20.52,USD,7386767798.12348,USD,-0.24307243558580804,1.4836795252225554,6.875000000000002,-14.784053156146175,-27.797325826882485,-20.40341349883631,5.176832393644275,-28.824141519250777,8.100746121353282,Retail trade,Apparel/Footwear retail,US3647601083,3.30578512396694,5,359979000,United States,139757840.4799999,USD
SOBO,South Bow Corporation,35.34,USD,7371380610.968286,USD,-0.3665069072455468,-5.0765511684125535,1.9325064897606048,2.8820960698690015,21.65232358003443,28.462377317339158,31.816486385677006,54.32314410480352,17.416856441733273,Industrial services,Oil & gas pipelines,CA83671M1059,5.59750100361301,2,208584630,Canada,26768195.274333324,USD
UGI,UGI Corporation,34.28,USD,7349416997.65335,USD,-3.5453010692177775,-5.798296235229457,-3.734905925301877,5.347264904732643,-10.191249672517685,-8.047210300429184,-6.338797814207651,-27.311280746395244,11.9985999299965,Distribution services,Wholesale distributors,US9026811052,4.22059651097355,46,214394000,United States,45993604.01333335,USD
OKLO,Oklo Inc.,42.19,USD,7340679819.913699,USD,-1.8608978832286676,10.58977719528178,-17.03048180924288,-42.75440976933515,-35.07232994767621,-42.97878091634004,-49.3060979273055,326.94650772126533,,Producer manufacturing,Industrial machinery,US02156V1098,0,0,173991000,United States,418671121.96666646,USD
KRMN,Karman Holdings Inc.,55.14,USD,7307499537.766329,USD,0.03628447024674007,21.00065832784727,2.338530066815141,-10.195439739413677,-40.56908816555292,-25.71736494678702,10.081852665202629,83.8,243.65885992045958,Electronic technology,Aerospace & defense,US4859241048,0,0,132526299.99999999,United States,176062382.01766664,USD
RAL,Ralliant Corporation,65.95,USD,7296708529.7069025,USD,-0.6178420735382709,-5.664425690173071,-3.820912935686146,42.99653078924546,66.79312089023774,28.207620528771393,50.98443223443225,40.319148936170215,,Electronic technology,Electronic equipment/Instruments,US7509401086,0.301386377335744,1,110640010,United States,124078158.59699999,USD
ESTC,Elastic N.V.,69.95,USD,7271416620.23451,USD,0.32989099254160065,8.466428903706014,16.9732441471572,37.85967678360268,19.777397260273982,-7.277306468716855,-13.083996023856859,-55.3548634158795,19.992568880759116,Technology services,Packaged software,NL0013056914,0,0,103952000,United States,110051183.9886667,USD
VNO,Vornado Realty Trust,38.94,USD,7270897615.483838,USD,-2.4304685542470534,-4.605585497305249,-4.23020167240531,21.157436216552576,27.296502124877403,17.11278195488721,5.214806808970548,-8.073654390934848,1570.1612903225805,Finance,Real estate investment trusts,US9290421091,1.85417188674518,36,186721000,United States,70418028.89166667,USD
JMKE,Jersey Mike's Subs Inc.,22.89,USD,7270754011.4727745,USD,-1.08038029386344,9.000000000000004,9.000000000000004,9.000000000000004,9.000000000000004,9.000000000000004,9.000000000000004,9.000000000000004,,Consumer services,Restaurants,US47668J1025,0,0,232834180,United States,,
PBF,PBF Energy Inc.,61.24,USD,7259196213.9512825,USD,0.11443518064410704,-5.784615384615381,24.168694241686946,51.023427866831085,78.17864416642422,124.07610684229786,155.0603915035402,531.3402061855671,5.414916662982448,Energy minerals,Oil refining/Marketing,US69318G1067,1.79826712440739,4,118537000,United States,196771133.3066667,USD
PATH,"UiPath, Inc.",14,USD,7253687755.716352,USD,1.3024602026049183,14.754098360655743,14.848236259228882,29.390018484288355,14.145943742356293,-15.151515151515152,23.893805309734507,-77.77777777777777,23.098498597591156,Technology services,Packaged software,US90364P1057,0,0,453430000,United States,926026910.0836664,USD
CAVA,"CAVA Group, Inc.",62.23,USD,7248168212.625811,USD,-5.954359981864901,-8.337015760789518,-12.940682708449925,-27.05427265267847,-4.386571406622105,5.581947743467932,-28.766025641025646,48.166666666666664,119.48924731182794,Consumer services,Restaurants,US1489291021,0,0,116473854,United States,222612426.57533324,USD
GTES,Gates Industrial Corporation Ltd.,28.59,USD,7237591727.824915,USD,-2.4232081911262826,11.029126213592233,7.158920539730135,9.08050362457077,9.750479846449133,32.36111111111111,18.385093167701868,55.71895424836602,20.24787535410765,Producer manufacturing,Electrical products,BMG391041073,0,0,253151000,United States,60055795.99233336,USD
CIG,Comp En De Mn Cemig,2.14,USD,7213155295.486401,USD,0,-1.382488479262664,1.4218009478673104,-11.934156378600823,-1.8348623853211024,4.39024390243904,15.675675675675677,64.39085957937112,6.88324220006433,Utilities,Electric utilities,US2044096012,9.88747663551402,25,1904080120,Brazil,12128342.945999999,USD
CIG.C,Comp En De Mn Cemig,3.14,USD,7213155295.486401,USD,-1.5673981191222515,-1.2578616352201268,3.973509933774838,-12.53481894150417,10.56338028169015,19.84732824427481,20.76923076923077,99.62368011874278,10.099710517851399,Utilities,Electric utilities,US2044098828,6.05601880877743,19,956601868,Brazil,9423.356806666665,USD
CHE,Chemed Corp,549.41,USD,7180767178.400614,USD,0.5306398785017616,1.7746327547561134,13.175404264084866,28.89988973089645,20.431828145550195,28.4718812112709,28.682515517039462,16.987841492238566,27.596200694161908,Health services,Hospital/Nursing management,US16359R1032,0.439150244277323,46,13070000,United States,87516456.69599995,USD
LW,"Lamb Weston Holdings, Inc.",52.05,USD,7155886887.87805,USD,-2.3452157598499066,-2.0880361173814888,11.217948717948719,22.125762552792118,8.573216520650814,23.692965779467677,-2.271873826511455,-19.46464490174841,24.944886418096427,Consumer non-durables,Food: specialty/candy,US5132721045,2.81425891181989,10,137481000,United States,93643923.85433333,USD
VIST,Vista Energy S.A.B. de C.V.,66.31,USD,7126630388.23932,USD,3.5446595877576446,1.298502902535913,7.716049382716049,1.9369715603382094,21.05887722501142,36.440329218106996,45.864496260448746,1335.2813852813854,8.8621297979258,Energy minerals,Oil & gas production,US92837L1098,0,0,111442000,Mexico,59857636.85733333,USD
ECG,"Everus Construction Group, Inc.",139.53,USD,7121835411.574849,USD,-0.8667850799289513,17.202855942881147,-0.20027179743938284,-13.89694538722617,52.49180327868852,61.287712403190376,91.66208791208791,248.38951310861424,28.06541153753319,Industrial services,Engineering & construction,US3004261034,0,0,51041607,United States,93056838.14033332,USD
NPO,Enpro Inc.,336.37,USD,7120172744.392781,USD,2.3863878489026975,9.670372664732167,-1.2825027880495405,10.797457096742328,29.482639156209117,57.4102672095091,48.37016452736977,284.9507896543832,165.76483343189435,Producer manufacturing,Industrial machinery,US29355X1072,0.383526618573646,11,21167700,United States,103036842.211,USD
AGCO,AGCO Corporation,101.63,USD,7117324136.626216,USD,-2.118848117114517,-7.609090909090913,-13.151598017432917,-14.084030771831948,-19.270791961236004,-3.0710538865045294,-10.811759543659505,-24.83544116559427,14.0654625977441,Producer manufacturing,Trucks/Construction/Farm machinery,US0010841023,1.12684195319272,13,70031700,United States,93874126.79966664,USD
S,"SentinelOne, Inc.",20.76,USD,7116604938.537142,USD,-1.1428571428571355,12.70358306188925,12.520325203252046,32.22929936305734,58.77629063097516,37.483443708609286,20.557491289198623,-60.47972587093089,,Technology services,Packaged software,US81730H1095,0,0,336745000,United States,128096083.89600004,USD
CAG,"ConAgra Brands, Inc.",14.85,USD,7106699911.898734,USD,-1.0659560293137917,-0.9339559706471019,5.806911293195578,3.4122562674094725,-24.15730337078651,-13.813116656993621,-21.30365659777425,-54.19494139420111,,Consumer non-durables,Food: major diversified,US2058871029,8.16122584943371,43,478566000,United States,295890427.80733335,USD
ACA,"Arcosa, Inc.",144.89,USD,7102274979.956028,USD,-0.2958987063033353,-0.31647746818026007,0.05524480353565643,12.509706476160884,18.772030494302804,35.57593337700008,70.09861469828596,177.93976596969114,14.518036072144287,Non-energy minerals,Construction materials,US0396531008,0.137627305257363,8,49018400,United States,123496081.95733336,USD
STAG,"Stag Industrial, Inc.",36.8,USD,7095346791.735979,USD,-1.2610678830158464,-5.447070914696825,-6.361323155216286,-5.105724600309448,-7.164480322906164,0.3271537622682591,4.962920707358799,-11.3680154142582,28.22302323797837,Finance,Real estate investment trusts,US85254J1025,4.07835256238261,15,192808000,United States,71684321.61900003,USD
NOV,NOV Inc.,19.9,USD,7093914565.548717,USD,2.051282051282044,3.055411703780424,11.235326998323075,2.1560574948665203,8.210984230560076,26.590330788804057,61.2641815235008,48.61837191934277,76.3915547024952,Industrial services,Oilfield services/Equipment,US62955J1034,1.69230769230769,17,356478000,United States,68649827.14566667,USD
YOU,"Clear Secure, Inc.",53.02,USD,7085661215.144882,USD,-6.092809068366981,-7.887421820708823,-8.523119392684606,-9.227871939736335,60.27811366384524,51.485714285714295,66.31116687578421,-3.2128514056224864,36.19112627986348,Technology services,Packaged software,US18467V1098,0.974140984767977,3,100612000,United States,79400100.907,USD
SSL,Sasol Ltd.,11.3,USD,7067889107.2448,USD,3.2906764168190237,-2.753872633390693,13.911290322580653,-11.925175370226029,64.72303206997086,73.84615384615385,125.5489021956088,-25.60895325872284,55.71992110453649,Process industries,Chemicals: major diversified,US8038663006,0,0,637635251,South Africa,13596609.950666646,USD
OSCR,"Oscar Health, Inc.",26.54,USD,7057039436.98107,USD,-11.856526071072734,-12.26446280991736,-16.277602523659308,26.501429933269776,123.21278385197643,83.66782006920415,99.924670433145,75.41308658294777,,Health services,Managed health care,US6877931096,0,0,265902000,United States,163632685.1896666,USD
KEX,Kirby Corporation,132.93,USD,7018704225.098856,USD,1.3958810068649983,-0.2775693923480904,0.6283118849356643,-6.9182830334010195,11.08047129606418,20.081300813008134,30.73367427222659,131.50470219435738,20.422178181315388,Transportation,Marine shipping,US4972661064,0,0,53500000,United States,89081855.82566667,USD
AN,"AutoNation, Inc.",211.33,USD,6986740150.9015665,USD,-2.0622856613217113,-4.81059411738209,10.713537300922056,2.0030891012646035,4.052191038897104,2.6023207263193737,7.870961155632696,75.62536358347879,9.78955219040825,Retail trade,Specialty stores,US05329W1027,0,0,33060800,United States,95168328.2946667,USD
SBSW,D/B/A Sibanye-Stillwater Limited,9.89,USD,6982035363.4816,USD,-0.30241935483870325,10.998877665544336,11.123595505617981,-26.19402985074627,-38.533250466128024,-33.310856372218474,12.642369020501153,-40.91995221027478,,Non-energy minerals,Precious metals,US82575P1075,2.50759072580645,1,707642500,South Africa,45436212.91366665,USD
CLF,Cleveland-Cliffs Inc.,12.23,USD,6977704466.836363,USD,-3.320158102766798,5.431034482758627,26.735751295336787,12.718894009216598,-13.629943502824856,-9.474463360473719,26.998961578400824,-48.52693602693602,,Non-energy minerals,Steel,US1858991011,0,0,570540000,United States,264061175.99433333,USD
HR,Healthcare Realty Trust Incorporated,20.2,USD,6922938886.101029,USD,-0.9318293281020171,-7.126436781609198,-1.7987360233349585,0.29791459781528656,20.02376708259062,19.526627218934916,18.823529411764703,-36.277602523659304,,Finance,Real estate investment trusts,US42226K1051,4.70819028935753,14,342720000,United States,79738343.55866665,USD
MSM,"MSC Industrial Direct Company, Inc.",123.91,USD,6919914795.185951,USD,-1.3219718085529957,1.4242449046410697,2.4472922695328596,18.302463242314307,32.52406417112299,49.001924001924,44.11491044428936,43.198890558187905,29.984271022383542,Distribution services,Wholesale distributors,US5535301064,2.77136258660508,23,55846300,United States,99753302.71699998,USD
SM,SM Energy Company,28.7,USD,6880787884.827705,USD,-1.1026878015161967,-7.299741602067189,7.732732732732728,-1.5437392795883338,45.79629159258319,54.05260332796565,3.910209992758864,55.893536121673,5.660302934679709,Energy minerals,Integrated oil,US78454L1008,2.89455547898001,32,239749000,United States,111573711.94066668,USD
UGP,Ultrapar Participacoes S.A. (New),6.37,USD,6867471756.448201,USD,1.757188498402561,1.5948963317384457,16.880733944954127,4.426229508196729,27.4,66.31853785900783,107.49185667752444,93.03030303030303,12.788596667335877,Retail trade,Specialty stores,US90400P1012,3.41380191693291,27,1068767446.0000001,Brazil,23812724.823666666,USD
HIMS,"Hims & Hers Health, Inc.",29.66,USD,6865035332.332386,USD,-6.287519747235383,18.308735540486637,-21.96790318337279,15.814135103475207,33.00448430493273,-10.121212121212121,-46.683444184792386,263.0354957160343,,Health services,Medical/Nursing services,US4330001060,0,0,223080000,United States,480874875.8976667,USD
NXE,Nexgen Energy Ltd.,10.23,USD,6859277290.3027725,USD,1.8924302788844751,11.437908496732033,7.684210526315794,-18.09447558046437,-9.388839681133737,8.36864406779662,44.90084985835695,160.96938775510205,,Non-energy minerals,Other metals/Minerals,CA65340P1062,0,0,670506000,Canada,44490776.69866666,USD
BIRK,Birkenstock Holding plc,37.2,USD,6841305604.898613,USD,-0.7470651013873907,-9.444985394352472,-19.060052219321143,-6.131718395155184,0.10764262648010295,-9.268292682926822,-25.165962582981287,-9.268292682926822,16.735648731329857,Consumer non-durables,Apparel/Footwear,JE00BS44BN30,0,0,183906050,United Kingdom,64523653.790999986,USD
ENS,EnerSys,187.45,USD,6833700146.754885,USD,-1.274556275346298,1.1493632635441375,-9.63652140377941,-17.350088183421526,14.627285513361453,27.73424190800681,104.57273818618357,90.7888040712468,24.29556471472639,Producer manufacturing,Electrical products,US29275Y1029,0.553009954179175,13,36456100,United States,106095475.51433335,USD
FLR,Fluor Corporation,48.75,USD,6808906955.920269,USD,-3.312177707259027,0,-3.618030842230127,5.633802816901411,6.070496083550911,21.2083540527101,18.497812348079727,186.76470588235293,38.92215568862276,Industrial services,Engineering & construction,US3434121022,0,0,139670000,United States,112851392.42866668,USD
IFS,Intercorp Financial Services Inc.,58.97,USD,6807950725.146701,USD,-0.4725738396624492,2.5030418911872028,0.3915560095335323,30.23409893992932,16.518704838381414,39.01461574728901,62.855564761115716,202.4102564102564,10.96932606633308,Finance,Regional banks,PAL2400671A3,3.00751879699248,19,115448000,Peru,13452436.253333332,USD
ICL,ICL Group Ltd.,5.27,USD,6802085907.541107,USD,0.764818355640519,2.52918287937743,5.717151454363074,-17.65625000000001,-2.7675276752767592,-8.506944444444448,-13.036303630363037,-26.396648044692746,22.31160033869602,Process industries,Chemicals: agricultural,IL0002810146,3.6525621414914,30,1290718400,Israel,5864655.864666666,USD
LOAR,Loar Holdings Inc.,72.54,USD,6791519088.123712,USD,-4.123711340206173,7.323568575233026,-10.211659858893427,19.742489270386283,9.925746325200805,5.975164353542737,2.5880356385235648,61.20000000000001,102.32754972492596,Electronic technology,Aerospace & defense,US53947R1059,0,0,93624470,United States,55379626.22366664,USD
FNB,F.N.B. Corporation,18.97,USD,6752635396.301405,USD,-1.2493492972410305,-0.9399477806788498,-1.5568240788790904,5.623608017817361,0.9042553191489263,10.612244897959187,25.38003965631195,61.44680851063829,11.295700845540074,Finance,Major banks,US3025201019,2.55075481520042,38,355964000,United States,110280560.0833333,USD
CWEN,"Clearway Energy, Inc.",32.85,USD,6743051045.994227,USD,5.355997434252732,4.8515799553144054,-0.6352087114337593,-15.9846547314578,-13.552631578947365,-2.0572450805008877,4.8515799553144054,7.917214191852825,41.55072097141412,Utilities,Alternative power generation,US18539C2044,5.85695958948044,11,121168000,United States,41673673.972333334,USD
ST,Sensata Technologies Holding plc,46.33,USD,6742676330.13154,USD,-2.647615045177569,-6.08149199270221,2.7500554446662115,3.1389136242208293,28.69444444444444,38.051251489868875,55.15740120562626,-19.66360325992718,76.51527663088356,Electronic technology,Electronic equipment/Instruments,GB00BFMBMT84,1.00861525530574,4,145536000,United States,82934082.14466666,USD
SWX,"Southwest Gas Holdings, Inc.",92.4,USD,6687438585.282894,USD,1.9080180875703143,1.605454145590508,3.205629397967167,1.427003293084535,10.05240590757505,15.60115100713124,18.72028780675833,27.483443708609272,12.897102339344539,Utilities,Gas distributors,US8448951025,2.76276607477666,46,72374900,United States,52929872.636000015,USD
EPRT,"Essential Properties Realty Trust, Inc.",30.63,USD,6678845598.020494,USD,-0.3578399479505512,-3.4058656575212924,-1.7008985879332514,-2.700127064803054,-5.14091049860638,3.654822335025375,-0.3902439024390276,1.575194826728562,23.805082769876428,Finance,Real estate investment trusts,US29670E1073,4.03383214053351,8,216273000,United States,58132254.083666675,USD
MAC,Macerich Company (The),23.49,USD,6660809845.266639,USD,-7.4832611264277356,-10.206422018348631,-7.628784899724739,9.255813953488364,20.492433957424968,27.317073170731703,36.80838672102502,40.07155635062611,,Finance,Real estate investment trusts,US5543821012,2.67821977156361,27,283559000,United States,83831098.63466667,USD
TFPM,Triple Flag Precious Metals Corp.,32.11,USD,6634051533.346319,USD,2.6862807803006072,9.890485968514719,7.283661877714667,-2.667474992421954,-4.971885173128143,-4.149253731343285,31.06122448979592,249.0217391304348,16.58996670226802,Non-energy minerals,Precious metals,CA89679M1041,0.724534062428799,5,206604000,Canada,18288149.086666666,USD
M,Macy's Inc,25.13,USD,6610144090.840453,USD,-1.4896119168953452,2.1544715447154372,4.317144043171437,29.870801033591718,16.23496762257168,13.045434098065671,108.20215410107703,40.391061452513966,10.338585592627638,Retail trade,Department stores,US55616P1049,2.93139945119561,4,263038000,United States,119693376.56966653,USD
SGHC,Super Group (SGHC) Limited,12.99,USD,6600175299.697941,USD,-0.9153318077803144,-12.70161290322581,-11.632653061224485,-0.4597701149425325,46.283783783783775,7.266721717588777,20.949720670391063,31.079717457114025,17.855670103092784,Consumer services,Casinos/Gaming,GG00BMG42V42,1.37299771167048,2,508097000,United Kingdom,42043714.796,USD
ORA,"Ormat Technologies, Inc.",107.38,USD,6598882624.050399,USD,9.549071618037134,11.610019748466899,-4.701893892330359,-12.478604613252916,-12.599706983558526,-3.5393460294646046,27.182281179675456,51.924165251839256,52.68632549923949,Utilities,Electric utilities,US6866881021,0.489695980412161,21,61453600,United States,98663275.13133334,USD
INGM,Ingram Micro Holding Corporation,28.55,USD,6585397611.305633,USD,-0.7301808066759418,-6.638325703073898,9.261385380788372,5.623381428042913,34.22661024917725,32.852489530013976,48.311688311688314,12.935126582278478,15.541643984757759,Technology services,Information technology services,US4571521065,1.12656467315716,1,230661910,United States,33867499.61133334,USD
IBP,"Installed Building Products, Inc.",241.97,USD,6518843466.348392,USD,0.19046830358991676,4.690001297970841,5.608414804469271,9.926403779756495,-25.343247662830525,-6.26041142060202,11.707677392548813,96.64364079642422,25.79940078260777,Industrial services,Engineering & construction,US45780R1014,0.629373524905801,5,26940700,United States,98265718.73533334,USD
NE,Noble Corporation plc A,40.69,USD,6495841851.23584,USD,1.9799498746867146,-1.3814832767813872,7.418162618796186,-16.189495365602472,9.146995708154497,44.13744243712362,50.703703703703695,97.71622934888242,43.98918918918918,Industrial services,Contract drilling,GB00BMXNWH07,5.0125313283208,3,159642000,United States,72978340.80633332,USD
INGR,Ingredion Incorporated,102.93,USD,6490669408.132733,USD,-0.3485332558814981,2.2144985104270147,2.5199203187251005,-5.046125461254611,-13.930930679822723,-5.931273990129771,-18.82492113564668,20.456407255705095,9.913033428678744,Consumer non-durables,Food: specialty/candy,US4571871023,3.17552522025365,28,63059100,United States,74456172.4233333,USD
EXP,Eagle Materials Inc,211.34,USD,6482922992.091995,USD,-3.1749667842580322,0.10894794183126794,-2.486965348590406,-0.7047547453486187,-6.540485561402729,2.2447992259313088,-6.037702294149024,46.205465236942224,16.71663041328851,Non-energy minerals,Construction materials,US26969P1084,0.458148165116599,5,30675300,United States,108011752.3993333,USD
RYN,Rayonier Inc. REIT,21.43,USD,6481063889.145322,USD,-2.6793823796548586,-3.250564334085774,-1.3805798435342875,4.536585365853657,-5.38631346578366,-1.2442396313364037,-10.222036028487645,-42.4388933655654,47.57992895204263,Finance,Real estate investment trusts,US7549071030,0,0,300747000,United States,55294661.91866668,USD
WEX,WEX Inc.,189.54,USD,6459827736.654458,USD,0.6050955414012666,2.6149098586974087,26.359999999999992,32.591815320041974,27.955174508877338,26.74869600106995,10.08886565603764,4.863070539419082,18.874538194202408,Commercial services,Miscellaneous commercial services,US96208T1043,0,0,34081600,United States,132657457.10966665,USD
FND,"Floor & Decor Holdings, Inc.",59.99,USD,6388333001.450471,USD,-4.30690700271175,9.211724012379396,4.749432512659331,16.98517940717629,-11.060044477390662,-2.121063795072601,-27.125850340136047,-51.18795768917819,27.98954882657584,Retail trade,Home improvement chains,US3397501012,0,0,106490000,United States,150843512.80200002,USD
ENVA,"Enova International, Inc.",255.96,USD,6372986708.90442,USD,-2.6842065242186806,2.93159609120522,7.759019913274115,47.43390357698289,57.49446222003446,62,146.13905183190695,671.6611395839615,18.97897897897898,Finance,Finance/Rental/Leasing,US29357K1034,0,0,24898400,United States,98975236.15966664,USD
ZETA,Zeta Global Holdings Corp.,25.56,USD,6371024501.49686,USD,-5.578130772072411,19.32773109243696,15.760869565217394,49.21190893169878,58.26625386996905,24.440116845180135,37.789757412398906,328.8590604026845,,Technology services,Packaged software,US98956A1051,0,0,225619000,United States,209051639.10633332,USD
JBTM,JBT Marel Corporation,122.1,USD,6357480185.33071,USD,0.0737644455372422,-13.95348837209303,-17.113570022401742,-11.470417633410669,-25.471525361655385,-19.213973799126634,-13.904949936539277,-17.67244285617963,33.248012199106846,Producer manufacturing,Industrial machinery,US4778391049,0.32784198016556,18,52067800,United States,82445815.207,USD
GBCI,"Glacier Bancorp, Inc.",48.5,USD,6315280052.24,USD,-3,-1.6426688298519616,-7.478061808470053,-0.7571107018620779,-8.628485305199696,10.177192185370277,9.135913591359142,-9.090909090909093,19.845329186955276,Finance,Regional banks,US37637Q1058,2.64,32,130211999.99999999,United States,70801714.98966666,USD
GATX,GATX Corporation,178.79,USD,6311287013.943069,USD,-0.4066399286987623,-6.363255472923434,0.2916923767319133,-2.947562696775598,-5.2968907251443405,5.736589981666561,17.811017395888246,95.20690031662843,17.721280602636533,Transportation,Railroads,US3614481030,1.41488413547237,46,35300000,United States,46275609.38266667,USD
ZGN,Ermenegildo Zegna N.V.,14.8,USD,6264742672.241945,USD,-2.6955950032873117,-0.6044325050369366,5.71428571428572,13.409961685823754,46.82539682539683,43.968871595330754,90.4761904761905,43.689320388349515,34.644194756554306,Consumer non-durables,Apparel/Footwear,NL0015000PB5,0.899408284023669,5,268312000,Italy,17593941.84033333,USD
TEO,Telecom Argentina SA,13.8,USD,6236297487.216615,USD,0.2906976744186114,1.2472487160674977,5.585309869931143,14.904246461282272,17.446808510638302,18.4549356223176,48.068669527897,167.44186046511626,26.305756767060622,Communications,Major telecommunications,US8792732096,0.328270348837209,1,125611600,Argentina,3394524.974333332,USD
HOMB,"Home BancShares, Inc.",30.83,USD,6209575607.021787,USD,-1.2175584748478134,-1.690051020408167,6.60442600276624,14.780342516753533,1.7491749174917413,11.059077809798257,10.146480886030727,42.73148148148146,12.750206782464845,Finance,Regional banks,US4368932004,2.65940403716757,20,201413000,United States,62243241.366666675,USD
MTG,MGIC Investment Corporation,30.26,USD,6207077914.012422,USD,-1.078783916312515,-5.111320163060517,6.549295774647898,12.323682256867112,10.276967930029153,3.843514070006867,12.07407407407408,111.46051712089448,9.45625,Finance,Property/Casualty insurance,US5528481030,1.9614253023864,7,205125000,United States,55273777.05866667,USD
AVAL,Grupo Aval Acciones y Valores S.A.,5.11,USD,6199264452.775527,USD,-3.5849056603773493,3.65111561866127,-0.19531249999999584,12.55506607929516,12.307692307692319,26.172839506172856,77.43055555555557,-0.968992248062012,14.00383666758016,Finance,Major banks,US40053W1018,2.27184905660377,12,378257500,Colombia,724581.1733333331,USD
HNGE,"Hinge Health, Inc.",80.08,USD,6196600780.96101,USD,-0.8788216363411412,8.070175438596499,-9.789343246592315,45.335753176043546,147.0842332613391,72.43755383290268,46.01148691767709,104.02547770700637,61.64742109314858,Technology services,Packaged software,US4333131039,0,0,54655926,United States,170469572.75033334,USD
LB,LandBridge Company LLC,80.4,USD,6192166790.432369,USD,6.307021023403426,7.157137145141949,6.567698323281878,26.01880877742948,45.23121387283238,61.186848436247,34.00000000000001,323.15789473684214,,Commercial services,Miscellaneous commercial services,US5149521008,0.581779717043501,2,27839230,United States,26257926.40966667,USD
ENIC,Enel Chile S.A.,4.57,USD,6177584047.124261,USD,1.7817371937639215,2.927927927927925,4.1002277904328155,0,6.526806526806532,12.561576354679822,38.90577507598785,82.80000000000001,11.217476681394208,Utilities,Electric utilities,US29278D1054,3.60233853006682,5,1383332000,Chile,2413277.7893333337,USD
SNDR,"Schneider National, Inc.",35.22,USD,6174097508.064605,USD,-3.5860936216808166,-0.4803616840915561,-1.9760645699972192,14.350649350649345,20.0818274803955,31.368892204401345,42.01612903225806,63.737796373779624,55.52577644647643,Transportation,Trucking,US80689H1023,1.06761565836299,9,92271400,United States,35103578.695,USD
MATX,"Matson, Inc.",206.26,USD,6167887008.632961,USD,0.36494574473261643,1.0781142801136865,0.9297318457623689,14.499833462862222,28.856125445117762,66.20467365028203,84.5066642812416,190.50704225352112,13.79038296961917,Transportation,Marine shipping,US57686G1058,0.700695829886623,46,29903500,United States,71632475.98166665,USD
TFX,Teleflex Incorporated,138.89,USD,6148689448.825413,USD,1.5426231905249197,3.796427770719665,2.569972675577867,3.394625176803375,31.586925627664606,13.472222222222207,20.77391304347825,-63.31096787827557,,Health technology,Medical specialties,US8793691069,0.994297411902325,46,44270200,United States,66797036.330333285,USD
G,Genpact Limited,36.16,USD,6129355679.745959,USD,2.523390983838938,0.4723534315087374,21.66890982503364,5.792861322410757,-7.258271351628637,-22.68548214667523,-14.957666980244605,-28.21123684732976,11.120679050313692,Commercial services,Miscellaneous commercial services,BMG3922B1072,2.02721859937624,9,169507000,Bermuda,69508140.89433333,USD
PRM,"Perimeter Solutions, SA",37.35,USD,6113706681.592794,USD,6.805833571632835,6.349658314350809,11.028537455410229,24.045167718366,39.521852820321264,35.52249637155298,133.29169269206744,239.54545454545453,,Process industries,Chemicals: major diversified,US71385M1071,0,0,163686920,United States,66075794.25433334,USD
BYD,Boyd Gaming Corporation,84.12,USD,6111773131.898482,USD,-0.2371916508538765,-6.957195000553027,-5.483146067415725,-1.7289719626168105,3.4940944881889804,-1.4295758143894994,1.081470800288399,42.43142566881138,3.702546270824622,Consumer services,Casinos/Gaming,US1033041013,0.901328273244782,4,72655400,United States,86023667.08766668,USD
MBGL,Mobility Global Inc.,20.73,USD,6111646020.934148,USD,-2.492944496707437,-2.4011299435028155,7.688311688311691,-17.24550898203593,-17.24550898203593,-17.24550898203593,-17.24550898203593,-17.24550898203593,,Technology services,Internet software/Services,US60744M1062,0,0,294821320,United States,,
AUB/PA,Atlantic Union Bankshares Corporation Depositary Shares each representing a 1/400th ownership interest in a share of 6.875% Perpetual Non-Cumulative Preferred S,24.7,USD,6105578249,USD,0.08103727714748611,1.3125512715340455,0.9444641974097644,-1.397205588822361,-0.2020202020202049,1.2295081967213144,-1.8673023440603989,-12.504427913567131,7.3881311318497245,Finance,Regional banks,US04911A2069,3.37052533705253,32,141924000,United States,302428.9453233333,USD
LUMN,"Lumen Technologies, Inc.",5.9,USD,6085527987.121711,USD,-2.960526315789469,-9.090909090909088,-8.385093167701863,-30.99415204678363,-10.606060606060597,-25.31645569620253,56.91489361702129,-50,,Communications,Major telecommunications,US5502411037,0,0,1031450000,United States,92653552.65666665,USD
BBUC,Brookfield Business Corporation,29.67,USD,6073769484.401305,USD,-3.197389885807494,-7.598878853939576,-7.165206508135166,-11.643835616438347,-17.238493723849373,-17.92531120331949,-3.7000973709834373,23.62500000000001,,Finance,Financial conglomerates,CA1130061007,0.815660685154976,4,207007460,United States,17903940.184333332,USD
MTDR,Matador Resources Company,48.66,USD,6042512529.120561,USD,3.4658728471188507,1.671541997492681,-3.2988871224165415,-12.11847570886762,5.943827563683859,14.845409487845172,0.8079552517091225,62.254084694898296,8.356804286597512,Energy minerals,Integrated oil,US5764852050,3.0565596427812,5,124178000,United States,100361701.25666668,USD
ESNT,Essent Group Ltd.,65.51,USD,6036934219.491054,USD,-1.5035333032626672,-3.6192437840223537,0.862201693610473,3.2629255989911847,0.030539013589876672,1.0800802345317124,13.29989622967832,37.91578947368422,9.332307648475007,Finance,Specialty insurance,BMG3198U1027,1.98466396030672,7,92152900,Bermuda,44098429.13066669,USD
OR,OR Royalties Inc.,32.15,USD,6027992157.195796,USD,-0.2791563275434349,6.917193215829725,5.099705786204638,-14.766702014846237,-19.13983903420523,-10.4955456570156,8.79864636209813,149.2248062015504,22.082985317390538,Non-energy minerals,Precious metals,CA68390D1069,0.710048672566372,12,187496000,Canada,31752937.171666663,USD
AUB,Atlantic Union Bankshares Corporation,42.44,USD,6023262224.257554,USD,-1.3482101348210258,-1.1183597390494036,0.1179523472517036,11.654827676927125,1.7745803357314025,20.465512347431172,33.54310887350533,15.798090040927692,12.69442450346973,Finance,Regional banks,US04911A1079,3.37052533705253,32,141924000,United States,53981571.97466669,USD
FBIN,"Fortune Brands Innovations, Inc.",50.35,USD,6006423362.103653,USD,-3.710078408873585,0.9827517047733694,-1.7369242779078855,34.08788282290281,-16.80436219431593,-0.19821605550049834,-11.836806163544034,-41.02486255923282,40.775834143181086,Producer manufacturing,Building products,US34964C1062,1.95065978198508,13,119293000,United States,143562904.11033332,USD
BMA,Banco Macro S.A.,86.2,USD,5996817974.907367,USD,-3.7624204532767562,-5.472091238074345,-8.628365486538053,14.096624751819993,-4.24350144412352,-5.024239753195243,17.84005468215994,525.090645395214,19.45823927765237,Finance,Major banks,US05961W1053,4.74473931003684,4,62817800,Argentina,20577438.654666673,USD
FLG/PU,"Flagstar Bank, N.A. Bifurcated Option Note",40.6,USD,5963371521,USD,0.8194685870374927,-1.6949152542372778,-1.6949152542372778,-1.5757575757575724,-0.47873161859330865,0.8695652173913079,5.317769130998714,-21.31782945736434,2009.90099009901,Finance,Major banks,US64944P3073,0.27972027972028,32,417019000,United States,653780.3589033334,USD
FLG/PA,"Flagstar Bank, N.A. Depositary shares, each representing a 1/40th interest in a share of Fixed-to-Floating Rate Series A Noncumulative Perpetual Preferred Stock",23.895,USD,5963371521,USD,-0.22964509394571905,2.663802363050488,3.7109375000000018,3.891304347826085,5.1716549295774685,5.730088495575213,14.880360001730772,-17.942994505494507,1182.920792079208,Finance,Major banks,US6494452021,0.27972027972028,32,417019000,United States,736326.4090566667,USD
ASB/PE,"Associated Banc-Corp Depositary Shares, each representing a 1/40th interest in a share of 5.875% Non-Cumulative Perpetual Preferred Stock, Series E",19.83,USD,5954429757,USD,-0.4518072289156797,-1.4903129657228054,-2.025691699604744,-5.571428571428579,-7.29312762973353,-7.032348804500704,-6.8449906281268955,-30.151461782317725,6.930416244364449,Finance,Major banks,US0454872047,3.01300348874088,40,188850000,United States,150353.42389,USD
ASB/PF,"Associated Banc-Corp Depositary Shares, each representing a 1/40th interest in a share of Associated Banc-Corp 5.625% Non-Cumulative Perpetual Preferred Stock,",19.26,USD,5954429757,USD,0.05194805194806007,0.05194805194806007,-0.6704486848891129,-6.731234866828074,-7.270101107366385,-6.504854368932039,-5.217001884833237,-30.992475815120024,6.731206095131585,Finance,Major banks,US0454874027,3.01300348874088,40,188850000,United States,253219.65836666664,USD
MCY,Mercury General Corporation,107.44,USD,5950954431.411003,USD,-1.9797463735060683,-1.1955122310097455,-4.105676544091403,8.678939915031355,14.26140593427629,14.395229982964219,49.84658298465829,80.35924122880644,6.351984108215484,Finance,Property/Casualty insurance,US5894001008,1.15865340753581,39,55388600,United States,34043417.73966667,USD
ABCB,Ameris Bancorp,88.19,USD,5934526115.586549,USD,-0.8098076706782127,-0.4627539503385966,-3.4275076653526013,1.5428900402993708,3.618846199036539,18.902521235000666,30.787483316031423,76.16859768278066,15.955926254274393,Finance,Regional banks,US03076K1088,0.899786300753571,12,67292500,United States,46890574.719999984,USD
TXNM,"TXNM Energy, Inc.",57.49,USD,5924121045.711123,USD,0.22663877266388172,-0.27753686036426123,0.859649122807021,-2.9213103681188737,-2.9213103681188737,-2.559322033898302,1.0369068541300588,19.89572471324296,31.935340517720253,Utilities,Electric utilities,US69349H1077,2.89400278940028,30,103046000,United States,78048150.47133332,USD
RLI,RLI Corp.,64.38,USD,5908343915.797516,USD,2.483285577841444,-0.6634778583552026,2.991521356582943,30.06060606060605,3.50482315112539,1.3379505745317084,-4.267657992565063,17.38535873826237,13.53317077272345,Finance,Multi-line insurance,US7496071074,1.05062082139446,42,91773000,United States,58152611.86500001,USD
STWD,Starwood Property Trust Inc.,15.93,USD,5906024317.476866,USD,-1.7273288093769348,-3.7462235649546884,-5.06555423122766,-10.756302521008411,-12.950819672131153,-11.549139367018332,-18.80733944954129,-38.61271676300578,16.545492314083923,Finance,Real estate investment trusts,US85571B1052,11.8445404071561,17,370749000,United States,68440635.44633333,USD
FLG,"Flagstar Bank, N.A.",14.16,USD,5904988862.752447,USD,-0.979020979020983,-0.7708479327259946,-5.851063829787228,-1.392757660167126,0.9265858873841823,11.760063141278613,25.97864768683274,-61.3747954173486,700.990099009901,Finance,Major banks,US6494454001,0.27972027972028,32,417019000,United States,71176891.26200002,USD
AIR,AAR Corp.,146.4,USD,5893894052.163727,USD,-0.2928556834434426,6.287207782779146,2.729633008209961,23.097620449003614,34.65783664459162,76.06734816596511,102.29376813596794,323.85639837869144,30.072716815249994,Electronic technology,Aerospace & defense,US0003611052,0,0,40258800,United States,72249120.19933334,USD
ASB,Associated Banc-Corp,31.16,USD,5884555383.067554,USD,-1.1734855692990833,0.6134969325153415,1.3662979830839352,9.103641456582638,7.22642807983483,21.056721056721067,28.28324413338823,51.26213592233008,10.890154824730018,Finance,Major banks,US0454871056,3.01300348874088,40,188850000,United States,65902082.408333324,USD
LEA,Lear Corporation,119.08,USD,5873592769.475214,USD,-4.94132673425401,-19.892364614867144,-10.3515772039449,-12.537642306279842,-12.105107764983755,3.1352849471678543,25.25507520774167,-27.825928844172378,11.099821962882524,Producer manufacturing,Auto parts: OEM,US5218652049,2.45868923126048,15,49324800,United States,90398985.20466667,USD
MGY,Magnolia Oil & Gas Corporation,24.75,USD,5864972616.273188,USD,4.342327150084322,-0.28203062046736616,-1.6686531585220568,-11.670235546038542,-9.901710957408078,13.013698630136993,2.1039603960396107,67.6829268292683,10.782904195529996,Energy minerals,Oil & gas production,US5596631094,2.65598650927487,5,236969000,United States,150448230.1636667,USD
ACI,"Albertsons Companies, Inc.",12.08,USD,5862734446.825316,USD,1.9409282700421977,-1.6286644951140008,-16.052814454482284,-25.293753865182445,-32.210998877665546,-29.64472917880024,-37.246753246753244,-48.043010752688176,161.49732620320856,Retail trade,Food retail,US0130911037,5.40084388185654,7,485326000,United States,124026911.55433334,USD
AROC,"Archrock, Inc.",33.35,USD,5844974302.008547,USD,-1.7094017094017044,-6.451612903225799,-8.529895776193086,-12.536060844479415,7.407407407407409,28.269230769230774,48.55233853006683,307.70171149144255,17.912772585669785,Industrial services,Oilfield services/Equipment,US03957W1062,2.53463012083702,12,175262000,United States,77291128.02066664,USD
CPA,"Copa Holdings, S.A.",142.05,USD,5843731407.166734,USD,-5.78989255869478,2.27518179854563,-7.968901846452855,13.995666479415787,-5.545581488130844,16.596897315932047,29.136363636363644,83.40865074241447,8.27401824303072,Transportation,Airlines,PAP310761054,4.40376707786179,3,30200400,Panama,43811099.37399999,USD
BLCO,Bausch + Lomb Corporation,16.35,USD,5839651961.393197,USD,-2.446300715990454,1.301115241635693,-5.4913294797687815,2.3794614902943065,-0.7888349514563047,-4.720279720279713,13.07053941908714,-11.621621621621614,,Health technology,Medical specialties,CA0717051076,0,0,357165250,Canada,6956185.9153333325,USD
OGC,OceanaGold Corporation,26.25,USD,5839246847.823201,USD,-2.2710349962769896,5.804111245465543,1.5866873065015485,-14.689632759181018,-18.62988220706757,-7.894736842105263,82.16516308119361,386.1111111111111,7.109721006422313,Non-energy minerals,Precious metals,CA6752224007,0.876798513405893,4,222448000,Canada,10304897.681999998,USD
HRB,"H&R Block, Inc.",45.95,USD,5824631348.241063,USD,0.15257192676547576,0.28371890004365463,15.1917773878165,27.887559142777633,35.306242638398125,6.242774566473995,-16.332847778587034,82.84918424194193,8.170631957039724,Consumer services,Other consumer services,US0936711052,3.6617262423714,4,126760000,United States,78541274.82033333,USD
AMTM,"Amentum Holdings, Inc.",23.84,USD,5824500847.719659,USD,1.8803418803418859,10.883720930232558,6.428571428571434,-3.0894308943089492,-34.37930085328929,-18.07560137457045,0.4212299915754062,-25.5,39.30750206100577,Electronic technology,Aerospace & defense,US0239391016,0,0,244090344,United States,40045294.341,USD
TAL,TAL Education Group,12.46,USD,5821948275,USD,3.060380479735327,-0.04011231448053755,25.604838709677427,8.631211857018311,7.136715391229578,11.250000000000014,13.27272727272728,115.57093425605538,7.695158102766799,Commercial services,Miscellaneous commercial services,US8740801043,0,0,334088440.884409,China,48762026.60966667,USD
RSI,"Rush Street Interactive, Inc.",25.08,USD,5812875729.273147,USD,-3.240740740740754,-11.640360766629094,-22.160148975791433,-9.816612729234091,48.226950354609905,30.218068535825527,31.51546932354482,127.99999999999999,84.58684654300168,Consumer services,Casinos/Gaming,US7820111000,0,0,115626000,United States,90326579.053,USD
VFC,V.F. Corporation,14.75,USD,5798734743.331142,USD,-3.088042049934301,-1.8629407850964697,-10.606060606060606,-23.45614945511157,-27.08848245180425,-18.911489829576695,21.699669966996705,-81.84615384615384,21.482668220215555,Consumer non-durables,Apparel/Footwear,US9182041080,2.36530880420499,46,393135000,United States,126097042.67766665,USD
AX,"Axos Financial, Inc.",101.88,USD,5795406572.237355,USD,-1.8591657836432007,2.587856207834048,2.9090909090909043,16.155512484323342,2.6602176541717055,18.32752613240418,19.395288878471813,108.08823529411762,12.020813422533713,Finance,Major banks,US05465C1009,0,0,56884600,United States,38758268.36933332,USD
MTRN,Materion Corporation,278.26,USD,5788220971.821664,USD,-6.334993941025985,39.35994390744729,9.693696534868138,42.237898072892705,89.17669454075734,121.66812714092248,155.40156034878385,278.1220274493817,64.83526725383288,Electronic technology,Electronic equipment/Instruments,US5766901012,0.190184462097751,14,20801500,United States,107957191.27533332,USD
RIG,Transocean Ltd (Switzerland),5.16,USD,5761769732.8249035,USD,0.3891050583657678,3.200000000000003,2.9940119760479114,-17.571884984025555,3.614457831325295,24.33734939759035,73.73737373737373,49.13294797687862,,Industrial services,Contract drilling,CH0048265513,0,0,1116620000,Switzerland,215157280.9753334,USD
ESAB,ESAB Corporation,94.51,USD,5753930493.149453,USD,2.2061209040770047,7.875813263326111,-2.927280197206239,-8.019464720194643,-27.064361784225966,-15.555754110078624,-27.12622407278895,89.02000000000002,28.08952029958985,Producer manufacturing,Industrial machinery,US29605J1060,0.454201362604088,4,60881714,United States,59371253.39066667,USD
KGS,"Kodiak Gas Services, Inc.",56.86,USD,5738249343.986516,USD,-1.7113223854796922,0.5392980284678627,-13.822370415277362,-19.347517730496453,18.433659654238703,52.23560910307897,81.25597704813516,265.4241645244216,76.97306078245566,Industrial services,Oilfield services/Equipment,US50012A1088,3.31892826274849,3,100918915,United States,127181662.51466659,USD
POR,Portland General Electric Co,48.54,USD,5708679811.956548,USD,-1.4416243654822354,-4.241467745117378,-7.753705815279359,-0.5124000819840131,-5.564202334630349,1.0618363522798209,14.21176470588235,-3.3452807646356026,21.483579711427815,Utilities,Electric utilities,US7365088472,4.31725888324873,20,117608000,United States,61468054.446333304,USD
DLB,Dolby Laboratories,60.92,USD,5706302987.230118,USD,-0.717079530638849,17.063797079169873,20.62172062172062,6.113917435986771,-5.19763460939932,-5.506437102528303,-16.54794520547945,-37.67774936061381,25.83326265795946,Technology services,Packaged software,US25659T1079,2.29791395045632,11,59416900,United States,52647990.24433334,USD
KOF,Coca Cola Femsa S.A.B. de C.V.,109.26,USD,5699170537.963559,USD,0.9050609530845991,1.2791991101223672,0.30294684659873156,1.7792268281322878,-0.06402634226652627,15.010526315789479,31.337901190046892,92.1223843854405,17.24894621347268,Consumer non-durables,Beverages: non-alcoholic,US1912411089,3.50747414111563,22,52520800,Mexico,15381936.180666663,USD
CSW,"CSW Industrials, Inc.",347.72,USD,5665571470.862181,USD,0.4883969598011891,18.260041492364746,25.074637602963936,24.51924798567593,25.128648026197432,18.461486049126176,38.01151022028182,177.8647914335944,47.6622575560277,Process industries,Industrial specialties,US1264021064,0.329451203652863,7,16293500.000000002,United States,51501896.443,USD
ALK,"Alaska Air Group, Inc.",50.69,USD,5657162013.536407,USD,-2.612872238232468,7.462370150519389,-0.7246376811594292,23.81533952125061,-9.125134456794555,0.1185068141418036,-4.502637528259233,-12.813897488820093,,Transportation,Airlines,US0116591092,0,0,111603000,United States,152605373.88633335,USD
SON,Sonoco Products Company,57.07,USD,5642796161.163702,USD,-2.3776941498460493,-3.5979729729729772,-0.45351473922902147,11.16088819633813,11.269253265743812,30.774518790100824,26.681465038845733,-9.827776899984197,8.798815929449129,Process industries,Containers/Packaging,US8354951027,3.64351693465617,46,98875000,United States,69397795.608,USD
RITM/PB,Rithm Capital Corp. 7.125% Series B Fixed-to-Floating Rate Cumulative Redeemable Preferred Stock,25.19,USD,5639910735,USD,-0.27711797307996944,-1.0993325480957896,-0.11895321173670732,-0.23762376237623256,0.2786624203821667,-1.4090019569471601,0.07945967421533402,-0.8267716535432965,41.93440985516897,Finance,Real estate investment trusts,US64828T4094,9.9009900990099,13,558407000,United States,826923.5964300004,USD
RITM/PC,Rithm Capital Corp. 6.375% Series C Fixed-to-Floating Rate Cumulative Redeemable Preferred Stock,24.7,USD,5639910735,USD,-0.3228410008071099,-0.5636070853462181,0.12160518848803235,0.16220600162205656,0.8574928542262183,-0.6835544833132357,-0.6036217303823023,4.685857661139927,41.118694856001326,Finance,Real estate investment trusts,US64828T5083,9.9009900990099,13,558407000,United States,852606.7781666667,USD
RITM/PA,Rithm Capital Corp. 7.50% Series A Fixed-to-Floating Rate Cumulative Redeemable Preferred Stock,25.32,USD,5639910735,USD,0.024492569270515532,-0.9777082518576456,-0.7058823529411754,0.5559968228753002,0.03951007506914881,-1.0164190774042143,0.47619047619048016,-1.7462165308498228,42.15082403862161,Finance,Real estate investment trusts,US64828T3005,9.9009900990099,13,558407000,United States,426688.04256,USD
RITM/PD,Rithm Capital Corp. 7.00% Fixed-Rate Reset Series D Cumulative Redeemable Preferred Stock,25,USD,5639910735,USD,0.08006405124099109,-0.9508716323296293,-0.4777070063694307,0.40160642570281696,1.7915309446254124,1.502233049127085,3.3057851239669453,1.0101010101010102,41.618112202430495,Finance,Real estate investment trusts,US64828T7063,9.9009900990099,13,558407000,United States,1251113.983956667,USD
RITM/PF,Rithm Capital Corp. 8.750% Series F Fixed-Rate Reset Cumulative Redeemable Preferred Stock,24.47,USD,5639910735,USD,-0.020429009193064587,-1.131313131313136,-1.33064516129033,0.08179959100204325,-1.7119078413573214,-2.002402883460152,-2.002402883460152,-2.002402883460152,40.73580822373897,Finance,Real estate investment trusts,US64828T8889,9.9009900990099,13,558407000,United States,940096.0639433335,USD
RITM/PE,Rithm Capital Corp. 8.75% Series E Fixed-Rate Cumulative Redeemable Preferred Stock,24.44,USD,5639910735,USD,-0.20416496529194428,-1.1726647796198915,-0.4480651731160873,0.0814902477876823,-1.0526315789473604,-4.194433555468445,-1.6103059581320394,-1.6103059581320394,40.68586648909606,Finance,Real estate investment trusts,US64828T8053,9.9009900990099,13,558407000,United States,761816.7127333335,USD
HRI,Herc Holdings Inc.,168.14,USD,5621163403.9583,USD,-0.40869513712019556,13.608108108108098,24.77922077922077,26.71640666214484,-2.4200568742383006,12.490800829597903,43.709401709401696,36.27816501864159,114.52898303930249,Finance,Finance/Rental/Leasing,US42704L1044,1.65847302019783,5,33431399.999999996,United States,89268682.933,USD
BXSL,Blackstone Secured Lending Fund,24.15,USD,5618545662.384318,USD,3.470437017994853,4.5454545454545325,3.514787826832406,-1.1461318051575977,-1.8691588785046764,-8.488063660477462,-21.94570135746607,-7.648183556405354,12.655906089508438,Miscellaneous,Investment trusts,US09261X1028,13.1962296486718,5,232652010,United States,39804059.511333324,USD
OBDC,Blue Owl Capital Corporation,11.31,USD,5613214781.261623,USD,3.0993618960802176,4.239631336405538,3.3820840950639948,-0.7023705004389822,2.5385312783318326,-9.519999999999996,-20.742817098808683,-21.999999999999996,16.031183557760453,Finance,Financial conglomerates,US69121K1043,12.9443938012762,7,496305000,United States,42366601.94666667,USD
WH,"Wyndham Hotels & Resorts, Inc.",75.21,USD,5581419155.870336,USD,-1.1954808197582905,-0.02658513890736439,-8.403361344537823,-10.40028591851323,-0.0531561461794103,-0.9090909090909247,-11.517647058823538,6.049069373942459,27.510150334686706,Consumer services,Hotels/Resorts/Cruise lines,US98311A1051,2.20704151339989,8,74211100,United States,112791653.62200002,USD
MDA,MDA Space Ltd.,34.26,USD,5554723335.9259405,USD,0.9428403064231005,15.626054674316567,-16.844660194174768,0.058411214953259405,31.566820276497694,72.33400402414487,-3.083451202263093,170.2532144829218,58.616009294795,Electronic technology,Electronic production equipment,CA55293N1096,0,0,162134000,Canada,59323592.433333315,USD
RITM,Rithm Capital Corp.,9.94,USD,5550565614.445544,USD,-1.5841584158415856,-0.40080160320642205,7.343412526997837,1.0162601626016223,-7.877664504170526,-8.89092575618699,-18.923327895595435,1.6359918200409014,16.547361411686364,Finance,Real estate investment trusts,US64828T2015,9.9009900990099,13,558407000,United States,60391438.87200001,USD
STVN,Stevanato Group S.p.A.,20.29,USD,5539245109.340299,USD,0.9452736318407847,0.44554455445544483,3.3095723014256544,9.794372294372288,39.834596829772565,-0.04926108374385006,-16.15702479338843,-3.7019458946369297,35.27468706536856,Health technology,Medical specialties,IT0005452658,0.309437810945274,5,49709700,Italy,6725787.108666668,USD
SPHR,Sphere Entertainment Co.,154.23,USD,5538955743.4829445,USD,-3.9902888446215123,10.948852600532337,2.655750798722032,10.590850423060362,73.31160804584785,62.8788678846763,269.4131736526946,375.79347114366425,,Consumer services,Media conglomerates,US55826T1025,0,0,29046900,United States,112800372.5686667,USD
BKH,Black Hills Corporation,72.75,USD,5538320855.375069,USD,1.4361405465699961,-0.6011750239103671,-0.20576131687243576,-3.642384105960265,-3,5.023819835426598,23.305084745762713,2.464788732394366,18.34526931611862,Utilities,Gas distributors,US0921131092,3.84551031790296,46,76128100,United States,59820715.36666667,USD
ANDG,Andersen Group Inc.,49,USD,5533686705.688442,USD,-1.507537688442211,5.39901053990105,27.338877338877346,36.718749999999986,141.26046282619401,89.77536793183579,117.1985815602837,117.1985815602837,46.86752749880439,Consumer services,Other consumer services,US0338531025,0,0,13472214,United States,17960382.587333333,USD
NJR,NewJersey Resources Corporation,54.47,USD,5526959329.905234,USD,-1.67870036101083,-9.065108514190317,-4.220151222085455,-2.488363766559256,2.4064673810866726,18.335867912231148,16.78816466552315,38.67107942973523,15.08195813489866,Utilities,Gas distributors,US6460251068,3.42960288808664,46,101468000,United States,41264258.62566666,USD
WHD,"Cactus, Inc. Class A Common Stock",68.54,USD,5502351653.532697,USD,3.9902897891063724,21.245356447903774,34.73560055042267,23.05206463195692,20.372321742184774,49.716033202271745,68.07258460029428,97.92087785157379,58.671460366375634,Industrial services,Oilfield services/Equipment,US1272031071,0.849643453193749,7,69733200,United States,50041864.04333332,USD
GOLF,Acushnet Holdings Corp.,93.85,USD,5495298073.35046,USD,-9.015996122152217,-8.026264210113691,-19.772610702684226,3.8623284639220836,-6.774610112247945,17.38586616635396,17.09295071740485,77.0754716981132,33.13327449249779,Consumer durables,Recreational products,US0050981085,0.950072709646146,9,58554100,United States,39022221.53733334,USD
OUT,OUTFRONT Media Inc.,31.15,USD,5484378433.716026,USD,-2.68666041861918,-4.6525864707682985,-4.8854961832061115,-2.9292614521657985,17.06125516723036,29.62962962962962,67.92452830188678,21.614363722189328,22.738886050076648,Finance,Real estate investment trusts,US69007J3041,3.74882849109653,12,176064000,United States,60826515.879666686,USD
ALH,Alliance Laundry Holdings Inc.,27.54,USD,5469682481.061764,USD,-1.677972152802579,4.7546595663750475,5.882352941176461,9.155766944114145,20,37.01492537313432,12.408163265306118,12.408163265306118,,Producer manufacturing,Industrial machinery,US01862Q1076,0,0,198608660,United States,15704984.278666664,USD
WFG,West Fraser Timber Co. Ltd,69.85,USD,5469522056.40061,USD,-0.5835468260745954,4.911384800240307,3.8198573127229385,11.332483264265209,-5.339476893888077,13.577235772357714,-2.593780504811044,-0.8938706015891169,,Non-energy minerals,Forest products,CA9528451052,1.80680427046263,36,76022400,Canada,14576011.450000001,USD
SXT,Sensient Technologies Corporation,128.5,USD,5469321266.259695,USD,-1.3284189510865314,4.234263465282283,2.537503989786153,8.37479969638189,33.06409858133997,36.774880255455024,12.541600980907333,47.83709157846295,34.73160711389804,Consumer non-durables,Food: specialty/candy,US81725T1007,1.259310450741,46,42562800,United States,70035756.46366666,USD
MC,Moelis & Company,67.29,USD,5458815654.600864,USD,-3.110151187904963,0.8392027573804919,-6.593559133814547,4.813084112149538,-8.161594103998894,-2.4782608695652084,-4.593789876648228,11.944767925469984,23.428849970404933,Finance,Investment banks/Brokers,US60786M1053,3.74370050395968,12,74078600,United States,64839337.72266667,USD
ELF,"e.l.f. Beauty, Inc.",92.31,USD,5440478189.333101,USD,6.87738798193817,16.752039461202813,25.626020685900922,48.26533890138131,19.71209959797692,20.273615635179155,-16.17326552851435,207.29027962716378,93.36502478001417,Consumer non-durables,Household/Personal care,US26856L1035,0,0,58937000,United States,231338019.56466666,USD
GXO,"GXO Logistics, Inc.",47.01,USD,5408433811.349433,USD,-1.2809743805123885,-9.176970633693973,-8.82467028704423,-10.01148545176111,-16.15837346174425,-10.915292779988638,0.085160740898444,-28.880484114977303,41.451371131293534,Transportation,Air freight/Couriers,US36262G1013,0,0,115049000,United States,78079565.34466667,USD
KRG,Kite Realty Group Trust,26.71,USD,5351266862.681286,USD,-2.375730994152042,-8.932833276508687,-7.030978071702052,-0.14953271028037066,7.57148610551753,11.804102134784427,21.63023679417122,32.16229589312221,17.072547139661236,Finance,Real estate investment trusts,US49803T3005,4.16666666666667,22,200347000,United States,84167686.21766664,USD
VAL,Valaris Limited,77.21,USD,5346929836.898792,USD,0.3118097960244185,2.9466666666666583,4.521456612968714,-16.276295814356978,32.503861335163876,52.89108910891088,60.586522462562385,201.71942164908162,5.763230574009106,Industrial services,Contract drilling,BMG9460G1015,0,0,69251800,Bermuda,72906951.18766664,USD
GVA,Granite Construction Incorporated,121.6,USD,5321764629.66026,USD,-1.4027406146112091,6.27512672609683,-17.290164603455324,-15.030396198728262,-4.717128976649436,4.719255942128823,28.936486056621767,207.77018476335107,,Industrial services,Engineering & construction,US3873281071,0.421633017108571,35,43764500,United States,135170671.14533332,USD
LPX,Louisiana-Pacific Corporation,75.91,USD,5303443342.241985,USD,-1.8743536711478836,2.5118163403106,-2.6295536172396066,0.09229957805906273,-20.304461942257223,-6.144906033630068,-15.302649930264998,36.381602587136186,98.40549649987037,Non-energy minerals,Forest products,US5463471053,1.4994829369183,8,69864900,United States,94571702.37200001,USD
WTM,"White Mountains Insurance Group, Ltd.",2141.09,USD,5302773207.379628,USD,1.381687666614595,-0.4745967554501946,-1.6043198529411697,1.767669566044016,-0.46071594607158783,2.761139588012834,20.62750709875153,90.10112848378306,5.2665264450423805,Finance,Multi-line insurance,BMG9618E1075,0.0473505026255854,31,2476670,United States,38846288.49366665,USD
PIPR,Piper Sandler Companies,74.4,USD,5285669552.827513,USD,-2.336571278550802,2.3102310231023195,1.3347861618087768,-7.6579371974680255,-16.169014084507037,-12.344260846514084,-7.929338242118614,117.28971962616824,17.2469748249803,Finance,Investment banks/Brokers,US7240782091,0.951693357836703,9,71043900,United States,50773852.12766666,USD
MAIN,Main Street Capital Corporation,56.79,USD,5280892937.286222,USD,1.2119051862413113,4.3933823529411775,8.668197474167625,1.8654708520179357,-5.7114394819857175,-6.503128086927894,-10.931618569636134,36.21971695850325,11.95000315636639,Finance,Financial conglomerates,US56035L1044,5.52486187845304,19,92989800,United States,33381055.331666674,USD
BC,Brunswick Corporation,81.25,USD,5279172869.705671,USD,-2.787748265135198,-0.6116207951070336,2.692113245702724,-0.39230109108740124,-6.930126002290948,9.162971919924752,36.66947014297728,-22.463975570187998,,Producer manufacturing,Trucks/Construction/Farm machinery,US1170431092,2.08183776022972,46,64974400,United States,57714765.91400001,USD
BETA,"Beta Technologies, Inc.",22.72,USD,5242776860.367567,USD,2.3423423423423406,31.63383545770566,20.91538052155402,26.36262513904337,40.24691358024692,-22.138450993831395,-35.909732016925254,-35.909732016925254,,Electronic technology,Aerospace & defense,US0869211039,0,0,222254530,United States,25604387.354666665,USD
OTF,Blue Owl Technology Finance Corp.,11.33,USD,5241736298.8857975,USD,8.733205374280232,13.755020080321275,8.007626310772162,3.0000000000000004,-4.9496644295302,-22.3972602739726,-24.21404682274247,-33.93586005830903,14.024012872880308,Finance,Finance/Rental/Leasing,US0959241060,13.4357005758157,1,457612537,United States,25386147.60333333,USD
MTN,"Vail Resorts, Inc.",146.71,USD,5227794387.280445,USD,-3.0080655824408193,-6.756069658065333,2.9543859649122863,16.723685257379273,7.613878089928845,10.582648677168931,-1.944927148776899,-52.45333160487426,33.33030420064975,Consumer services,Hotels/Resorts/Cruise lines,US91879Q1094,5.87068623562079,4,35633500,United States,104013914.14933337,USD
CNX,CNX Resources Corporation,35.13,USD,5197260001.394035,USD,1.70816444701796,0.028473804100242358,5.337331334332837,-2.1720969089389977,-10.291113381001008,-4.095004095004095,19.652588555858323,188.18703855619364,5.874189017457026,Energy minerals,Oil & gas production,US12653C1080,0,0,147944000,United States,63690153.048999995,USD
CNO,"CNO Financial Group, Inc.",55.48,USD,5178974981.2744255,USD,-0.3591954022988557,3.992502343017798,4.778092540132189,20.766216804527645,27.3645546372819,32.66379722620754,52.543304921638715,138.93195521102498,19.082341611061427,Finance,Multi-line insurance,US12621E1038,1.23922413793103,14,93348500,United States,43796016.61633333,USD
ADT,ADT Inc.,7.65,USD,5169982772.922079,USD,-0.649350649350647,4.794520547945213,12.005856515373356,10.230547550432275,-2.918781725888319,-5.086848635235733,-9.036860879904872,-17.475728155339798,10.592633619495986,Commercial services,Miscellaneous commercial services,US00090Q1031,2.85714285714286,8,675815000,United States,59734973.77766666,USD
RNG,"RingCentral, Inc.",61.82,USD,5162350999.435264,USD,0.5530253741054058,9.902222222222223,52.98193516456324,38.48566308243728,140.54474708171207,113.24594687823388,108.4991568296796,-75.19460717438407,49.235425294679835,Technology services,Packaged software,US76680R2067,0.243981782693559,0,73736600,United States,107329140.14066666,USD
BB,BlackBerry Limited,8.78,USD,5145961961.009772,USD,0.5727376861397357,9.203980099502491,-20.865254619197845,40.47999999999999,154.49275362318838,129.84293193717275,134.75935828877002,-15.004840271055185,90.30329771598478,Technology services,Packaged software,CA09228F1036,0,0,586100000,Canada,265018431.67333335,USD
PSN,Parsons Corporation,47.91,USD,5117046075.266848,USD,0.27208036835495075,17.772861356932147,-17.52453090032709,-6.517073170731714,-29.699192956713144,-22.475728155339805,-36.7107001321004,44.43774495025624,33.13736339742703,Technology services,Information technology services,US70202L1026,0,0,106805000,United States,84784705.33833332,USD
GHC,Graham Holdings Company,1195.16,USD,5061416572.565121,USD,-1.4520477914196344,-4.575758301596042,-0.03763769122036602,4.92419254303951,-0.24039264131413657,9.05441040942396,25.542016806722696,83.65603294609382,9.63038766186152,Consumer services,Other consumer services,US3846371041,0.613471639305062,12,3270930,United States,24826097.971333317,USD
PAY,"Paymentus Holdings, Inc.",40.12,USD,5052698624.601,USD,0.2999999999999936,14.825414997137951,41.06891701828409,45.626134301270405,62.36341562120597,27.648743238943677,20.843373493975886,40.72255349000349,60.91709687215305,Commercial services,Miscellaneous commercial services,US70439P1084,0,0,63114200,United States,47363617.47166667,USD
BDC,Belden Inc,129.19,USD,5048511058.495162,USD,0.7879544390700506,15.595919828203286,15.410041093442915,14.165782962177449,-3.5607644072857645,11.073854354741634,9.325547939409322,146.8284294994268,20.990803626555746,Producer manufacturing,Electrical products,US0774541066,0.156030581994071,22,39078200,United States,65792047.25133334,USD
TPC,Tutor Perini Corporation,95.77,USD,5038910396.678297,USD,13.270254287403901,19.712499999999995,22.56206808292807,14.175011921793038,17.22154222766217,41.02488587836843,102.38799661876585,565.531619179986,41.433763087306396,Industrial services,Engineering & construction,US9011091082,0.212891780011827,1,52614700,United States,81147311.87666664,USD
VSH,"Vishay Intertechnology, Inc.",32.78,USD,5027735982.251357,USD,-1.2055455093429734,2.4375000000000036,-25.074285714285715,-2.0908004778972398,65.13853904282115,121.03843560350641,108.7233365170328,46.99551569506726,171.26436781609198,Electronic technology,Electronic production equipment,US9282981086,1.20554550934298,12,141281000,United States,294648190.4276666,USD
UNF,Unifirst Corporation,288.9,USD,5019325508.927562,USD,-0.3449465332873405,-4.029498721057701,5.750576521834613,12.592072956857244,42.2171901151915,50.85374131899117,68.14107787219181,33.422620422112395,45.59083449059462,Consumer services,Other consumer services,US9047081040,0.498447740600207,42,14532900,United States,45300910.36566667,USD
KVYO,"Klaviyo, Inc. Series A",16.73,USD,5006951080.872021,USD,-13.316062176165804,-12.31656184486372,-4.4545973729297605,7.726980038634908,-13.450594930160362,-48.55473554735548,-52.83338032139836,-54.476190476190474,789.1509433962265,Technology services,Packaged software,US49845K1016,0,0,140897020,United States,95217682.22733334,USD
OGS,"ONE Gas, Inc.",79.62,USD,4997152740.57388,USD,0.4668769716088385,0.6192341716163391,3.9832832702102805,-7.0185682587877976,-3.7126617486999556,3.1614407877688486,10.017963244438302,6.714917571371137,17.181329708033925,Utilities,Gas distributors,US68235P1084,3.40694006309148,12,62762500,United States,49386941.09433333,USD
BOOT,"Boot Barn Holdings, Inc.",164.04,USD,4967925737.63168,USD,1.81863323195331,10.695728456710976,2.5827027703082956,-0.575792472271057,-15.504275265272483,-7.775341541575315,-1.7548062526202353,83.65427675772504,20.754573749335762,Retail trade,Apparel/Footwear retail,US0994061002,0,0,30284800,United States,114349433.46633333,USD
SKY,"Champion Homes, Inc.",91.52,USD,4967717907.412023,USD,0.39491004826678305,12.862251818966572,8.500296384113815,25.1983584131327,9.960350835035435,8.307692307692303,30.742857142857137,51.14781172584641,26.79156908665105,Consumer durables,Homebuilding,US8308301055,0,0,54894300,United States,61089792.13533332,USD
VNT,Vontier Corporation,35.28,USD,4967423949.629983,USD,4.937537180249862,8.287292817679567,21.237113402061855,14.248704663212443,-11.645379413974453,-5.668449197860956,-14.223194748358864,4.750593824228033,12.459386919056366,Transportation,Other transportation,US9288811014,0.297441998810232,5,140800000,United States,48989971.56666665,USD
CHH,"Choice Hotels International, Inc.",109.73,USD,4938796046.534662,USD,-1.8427408533858145,-4.157568346580479,0.9289919058131025,2.781940801798425,3.3336472360862666,15.785586155956537,-9.67980903778088,-8.884829361454788,15.48830578570723,Consumer services,Hotels/Resorts/Cruise lines,US1699051066,1.0287145540746,23,45495500,United States,68924973.16866668,USD
TREX,"Trex Company, Inc.",48.43,USD,4933331053.706677,USD,-2.299778091587655,11.950993989828946,1.127584046773855,22.700785406637955,11.077981651376142,37.39007092198582,-26.15126562976517,-53.774935573160256,28.616166390924132,Non-energy minerals,Forest products,US89531P1057,0,0,101865000,United States,104223699.53600003,USD
GBTG,"Global Business Travel Group, Inc.",9.43,USD,4925981445,USD,0,0.10615711252653702,0.21253985122209962,-0.31712473572939887,66.6077738515901,23.267973856209142,43.31306990881458,-2.883625128733276,58.717310087173104,Consumer services,Other consumer services,US37890B1008,0,0,522373000.00000006,United States,16621363.979,USD
BEPC,Brookfield Renewable Corporation,33.35,USD,4924524619.381382,USD,0.15015015015016298,2.112676056338043,-8.10140534582529,-11.397449521785331,-19.46389760927311,-14.046391752577309,-2.8546460821438884,-22.134018211533963,,Utilities,Electric utilities,CA11285B1085,4.59459459459459,6,147662000,United States,59141511.720999986,USD
CUZ,Cousins Properties Incorporated,29.83,USD,4910079666.445707,USD,-3.0234070221066425,-8.21538461538462,-3.117895420591104,12.14285714285713,14.15996938384998,15.84466019417475,11.38909634055264,-24.67171717171718,762.9156010230178,Finance,Real estate investment trusts,US2227955026,4.16124837451235,38,164602000,United States,50221879.45600001,USD
ANF,Abercrombie & Fitch Company,110.48,USD,4908815105.290818,USD,0.9410689812699873,9.77742448330684,23.070067951431447,40.75678430373297,11.5959595959596,-12.240845182302007,11.878481012658233,202.80937371522543,10.605944243913678,Retail trade,Apparel/Footwear retail,US0028962076,0,0,44431700,United States,100003308.52566671,USD
TBBB,BBB Foods Inc.,40.67,USD,4902881053.61907,USD,-3.051251489868894,2.365970299521784,-2.3998080153587713,5.636363636363641,5.417314670813902,21.258199165175917,66.00000000000001,108.56410256410257,,Retail trade,Food retail,VGG0896C1032,0,0,65334070,Mexico,22714356.374333337,USD
OII,"Oceaneering International, Inc.",49.25,USD,4901835124.698357,USD,2.454753484501768,5.145175064047815,26.379266102129844,34.15962952873876,63.51261620185923,103.93374741200829,121.24887690925426,299.7564935064935,14.181231823548043,Producer manufacturing,Industrial machinery,US6752321025,0,0,99529700,United States,57133856.539,USD
HASI,"HA Sustainable Infrastructure Capital, Inc.",38.24,USD,4887112435.018077,USD,0.18339009693476627,0.18339009693476627,-0.07839038411288511,-11.889400921658979,7.627357162960881,20.897881757824862,49.84326018808778,-33.44935607379046,106.87534935718278,Finance,Investment managers,US41068X1000,4.42756091171077,13,127801000,United States,34699216.86833333,USD
BIPC,Brookfield Infrastructure Corporation,39.63,USD,4874120148.631539,USD,-1.2705530642750325,-8.812701334560511,0.025239777889967483,0.7884028484232001,-20.261569416498993,-13.16827344434706,0.18960940462647666,-7.965676376105879,,Utilities,Gas distributors,CA11276H1064,4.40956651718984,6,122991000,United States,42895338.240333326,USD
SFBS,"ServisFirst Bancshares, Inc.",89.16,USD,4873737110.059038,USD,-1.4262023217247166,-1.174905785856797,1.3181818181818143,12.419619215735713,4.110228865016343,24.769101595298075,13.884276408225814,22.053388090349078,15.199972723243205,Finance,Regional banks,US81768T1088,1.63073521282477,12,54662800,United States,29645533.538666666,USD
EPAM,"EPAM Systems, Inc.",93.07,USD,4862391047.479839,USD,-15.29079821607355,-10.745624550467527,4.046953605366116,-9.73717389196005,-48.01429927945037,-54.56010155258276,-37.791591471158355,-84.19488503209591,13.353515933253941,Technology services,Information technology services,US29414B1044,0,0,52244400,United States,166614495.90266666,USD
NNI,"Nelnet, Inc.",134.85,USD,4845702935.713339,USD,-0.7287985865724448,-1.998546511627907,0.6944444444444496,1.9891090606564783,1.6814960036193558,1.6278543974677795,8.130863603560261,76.59769512833944,11.958073584052356,Finance,Finance/Rental/Leasing,US64031N1081,0.949646643109541,19,25317300,United States,16259422.213,USD
PAM,Pampa Energia S.A.,82.85,USD,4836515889.858388,USD,-1.1690325659071978,-3.4382284382284416,1.506983582455268,-0.02413418607458698,-0.18072289156627191,-6.320669380370877,5.797471587281308,433.14028314028315,9.9750773565142,Utilities,Electric utilities,US6976602077,0,0,54394841.16,Argentina,13289002.958333334,USD
RDN,Radian Group Inc.,36.26,USD,4821680689.051825,USD,-7.429154965534856,-8.434343434343443,-5.52371026576343,-4.5789473684210575,6.993213337267623,1.0872595483691123,8.954326923076913,57.65217391304347,9.316307391896405,Finance,Specialty insurance,US7502361014,2.60403369925964,33,132975000,United States,49721812.24433332,USD
CE,Celanese Corporation,43.95,USD,4819668416.408206,USD,1.8776077885952764,-2.7869940278699357,-7.278481012658219,-25.533717383937645,-16.540068363083922,3.3145275035261017,-11.122345803842265,-71.50175074568799,,Process industries,Chemicals: specialty,US1508701034,0.278164116828929,21,109663000,United States,98705359.14033335,USD
GFF,Griffon Corporation,106.3,USD,4814828183.665985,USD,3.3946114191226484,19.49190647482015,14.37486550462664,16.518689027732098,18.150494609314215,44.09651619899689,43.43543381459992,399.1097956565616,24.062294859315934,Producer manufacturing,Building products,US3984331021,0.817041143857602,14,45866600,United States,33666638.96166666,USD
SR,Spire Inc.,80.84,USD,4779001602.621937,USD,0.0742758108442712,0.5722816621050112,2.1997471554993795,-6.413521648529743,-4.1612329579134455,-1.91701043436059,8.626713249126581,10.271450006820354,9.009149569268146,Utilities,Gas distributors,US84857L1017,4.03565238920525,46,59116800,United States,44388656.770333335,USD
CMBT,CMB.TECH NV,16.41,USD,4761685940.553879,USD,3.142677561282212,4.85623003194888,8.388375165125492,11.254237288135593,35.732009925558316,66.43002028397568,71.83246073298429,103.3457249070632,9.748947938362264,Transportation,Marine shipping,BE0003816338,3.87451149425287,12,290170122,Belgium,14423377.168,USD
KBR,"KBR, Inc.",37.57,USD,4736365856.127168,USD,3.4131571703826094,7.743045597935197,-0.8183738120380207,13.848484848484848,-11.370606275064874,-6.449203187250988,-23.931970034419923,-1.1055540931824208,11.330598950479523,Technology services,Information technology services,US48242W1062,1.81668042939719,18,126068000,United States,67804679.82,USD
MUR,Murphy Oil Corporation,33.04,USD,4736270205.524973,USD,-8.32408435072142,-12.823218997361476,2.736318407960207,-13.553113553113553,6.718346253229968,5.660377358490564,36.811594202898554,52.750809061488674,16.37832746740693,Energy minerals,Oil & gas production,US6267171022,3.74583795782464,46,143350000,United States,61108580.496666655,USD
TNL,Travel Leisure Co.,77.33,USD,4732923296.495122,USD,-0.7317073170731802,-1.074581041320204,2.342509264160926,16.70691216420162,8.335668254413005,8.777605851737228,30.294860994102777,52.284363922804246,21.05019599303136,Consumer services,Hotels/Resorts/Cruise lines,US8941641024,2.97817715019256,19,61204200,United States,61409534.19900001,USD
HCC,"Warrior Met Coal, Inc.",89.62,USD,4732112167.6180315,USD,6.310794780545679,12.053013253313328,10.833539450902801,2.3526724531749683,2.0031868882312827,0.9347899538236268,65.44212663836072,371.6842105263158,21.553631553631554,Energy minerals,Coal,US93627C1018,0.379596678529063,9,52802000,United States,59985110.590666644,USD
TKC,Turkcell Iletisim Hizmetleri AS,5.47,USD,4731144732.4554405,USD,0.7366482504604058,3.0131826741996264,-6.174957118353349,-17.744360902255647,-16.74277016742771,-2.146690518783544,-3.866432337434106,22.371364653243848,10.69822022296108,Communications,Wireless telecommunications,US9001112047,2.89615101289134,9,870977022,Turkey,15137739.559333332,USD
FHI,"Federated Hermes, Inc.",63.25,USD,4722262894.014359,USD,-1.2798501638832422,5.804616928738707,7.604627424293976,16.63286004056796,19.882486732373014,21.61122860988272,22.815533980582526,96.55065257924177,11.760002974862413,Finance,Investment managers,US3142111034,2.18511003589824,28,74651300,United States,35907595.237666674,USD
MTH,Meritage Homes Corporation,72.26,USD,4709480269.295437,USD,-3.576194288764335,-7.43018191135024,-9.198291027896447,11.340523882896763,-4.062665958576724,10.051781906792582,-1.740549360892033,31.47743813682679,15.101674016175886,Finance,Real estate development,US59001A1025,2.42860955431011,3,65174099.99999999,United States,70460492.37833335,USD
EPR,EPR Properties,61.34,USD,4699191533.503354,USD,0.34353018158024023,-4.899224806201545,2.455319859696018,5.540261527873375,8.240691724016237,23.049147442326984,11.324863883847554,19.828091424106283,19.682967526633295,Finance,Real estate investment trusts,US26884U1097,5.88908882708981,29,76608900,United States,41665752.14633334,USD
EPR/PC,EPR Properties 5.75% Series C Cumulative Convertible Preferred Shares,27.0656,USD,4683103659,USD,0.28010374212671896,-3.164221824686939,1.8652615732028588,5.027551416375632,7.917065390749609,20.7207850133809,11.335252982311811,5.93189823874755,8.68489282505455,Finance,Real estate investment trusts,US26884U2087,5.88908882708981,29,76608900,United States,327163.98783,USD
EPR/PE,EPR Properties Series E Cumulative Conv Pfd Shs Ser E,32.695,USD,4683103659,USD,0.6619458128078923,-1.964017991004501,0.7860665844636331,-0.4112092598233263,1.0352286773794834,8.983333333333333,5.672268907563021,-12.416287168497181,10.491271980490309,Finance,Real estate investment trusts,US26884U3077,5.88908882708981,29,76608900,United States,283697.6278333334,USD
EPR/PG,EPR Properties 5.750% Series G Cumulative Redeemable Preferred Shares,20.94,USD,4683103659,USD,-0.33317467872441825,0.19138755980862537,0.9156626506024158,4.230960676953716,1.3062409288824361,6.294416243654832,1.404358353510909,-18.14941055067388,6.719291490180979,Finance,Real estate investment trusts,US26884U5056,5.88908882708981,29,76608900,United States,121329.48609333331,USD
BILL,"BILL Holdings, Inc.",47,USD,4681046067.218543,USD,-2.731788079470199,-0.30756177749496894,14.077669902912614,14.60619361131432,14.244044725328148,-14.545454545454545,11.665478736041806,-76.94043764105584,,Technology services,Packaged software,US0900431000,0,0,99596700,United States,102419793.09433326,USD
CRC,California Resources Corporation,52.58,USD,4668835649.496786,USD,2.395326192794541,5.265265265265256,3.3615097306860644,-13.930266819446725,-3.416605437178544,17.971729863136634,5.794768611670011,76.6801075268817,,Energy minerals,Integrated oil,US13057Q3056,3.1207400194742,5,88794900,United States,41134526.36333333,USD
TGS,Transportadora de Gas del Sur SA TGS,29.08,USD,4648796463.184656,USD,-1.6238159675236823,-3.066666666666672,-2.2192333557498323,-4.718217562254264,-2.3505708529214333,-7.211231652839826,1.2887495646116247,524.0343347639484,13.124520467572324,Utilities,Gas distributors,US8938702045,0,0,69513600,Argentina,6496016.314000001,USD
BCO,Brinks Company (The),112.85,USD,4647278872.263148,USD,-2.5390793678210657,-6.8356311400974175,7.282061032417527,4.05716920239741,-12.675075446877658,-3.0914555603263274,20.0915185697563,41.06249999999999,26.107576633892425,Commercial services,Miscellaneous commercial services,US1096961040,0.88090508679506,37,41181000,United States,67732129.24633332,USD
HGTY,"Hagerty, Inc.",13.49,USD,4631850937.818048,USD,-0.22189349112425563,14.225232853513969,8.70265914585012,31.867057673509287,6.220472440944889,-0.0740740740740725,21.750902527075812,36.95431472081219,138.64337101747174,Finance,Property/Casualty insurance,US4051661092,0,0,101802000,United States,1739181.6566666665,USD
BRC,Brady Corporation,98.24,USD,4628360471.676282,USD,0.1325043318723835,3.5194942044257,6.216888312249973,22.907544101088437,7.190398254228029,25.146496815286618,38.21046707934721,80.5218669606762,22.381700954594123,Producer manufacturing,Miscellaneous manufacturing,US1046741062,0.998878809499541,41,43574200,United States,16991720.874999993,USD
OPLN,"OPENLANE, Inc.",37.62,USD,4619640398.7409725,USD,-1.5698587127158592,-6.7195636002975485,-8.22151744327886,-0.02657454158917118,28.96811792937948,26.75202156334231,40.79341317365269,105.01362397820161,,Technology services,Packaged software,US48238T1097,0,0,105946000,United States,43770418.41066667,USD
INSW,"International Seaways, Inc.",93.21,USD,4614332657.479771,USD,2.7560357182229085,-0.6078055022392913,9.017543859649114,2.3948148961880618,58.952933151432454,93.38174273858918,116.26450116009278,483.65685660613644,8.481269506191936,Transportation,Marine shipping,MHY410531021,9.18311101311873,6,49504700,United States,48741914.31366665,USD
GEF.B,"Greif, Inc. Corporation",111,USD,4594659073.010754,USD,-0.5376344086021455,2.7492363232435424,19.883356733988546,31.37649425967571,27.13320352766006,48.237179487179496,66.51665166516652,80.95859145745027,28.690325415492776,Process industries,Containers/Packaging,US3976242061,3.08243727598566,39,21359700,United States,6885894.797000001,USD
GEF,Greif Inc.,89.18,USD,4571311253.486907,USD,-1.043053706169549,1.8501598903609004,19.91394379454081,30.64752417228245,19.833378124160177,31.611570247933884,39.343750000000014,46.798353909465035,23.05047946444726,Process industries,Containers/Packaging,US3976241071,2.55215268530848,46,24808600,United States,21585317.207000002,USD
VVV,Valvoline Inc.,35.62,USD,4542835092.156842,USD,-3.677663601946997,-10.005053057099548,-8.029950942421895,-0.6415620641562175,-3.074829931972796,22.489683631361757,-6.924483929971271,11.977365608299273,45.140032948929154,Consumer services,Other consumer services,US92047W1018,0,0,127536000,United States,82162768.55266668,USD
MANE,"Veradermics, Incorporated",108.65,USD,4539254141.93686,USD,-2.4160229926351695,2.066697980272431,-12.371965481087177,0.7137560252132094,193.64864864864867,219.5588235294118,219.5588235294118,219.5588235294118,,Health technology,Pharmaceuticals: major,US9229671048,0,0,41778687,United States,100184911.25233333,USD
CNR,"Core Natural Resources, Inc.",89.98,USD,4535676587.797323,USD,7.528680688336515,15.358974358974365,10.58129531768465,1.6034327009936784,1.8910655644887349,0.7840501792114727,14.733822123047506,311.2431444241317,,Energy minerals,Coal,US2189371006,0.478011472275335,4,50407600,United States,48738248.81266668,USD
AZZ,AZZ Inc.,150.85,USD,4533269311.05554,USD,-0.730455382995534,4.163789531832621,0.1859600185960026,3.8268291004198516,17.42955005449166,39.974018743620675,38.66164169500872,183.71261989843896,22.96951609464933,Process industries,Industrial specialties,US0024741045,0.552777046591208,17,30051500,United States,50568285.522999994,USD
CBT,Cabot Corporation,87.55,USD,4520294812.204873,USD,3.5604447598769706,0.597495116626446,0.3438395415472747,6.937828264321476,14.369693011103854,31.8524096385542,8.66327417152787,62.21975171391514,24.686310446919496,Process industries,Chemicals: specialty,US1270551013,2.15578424414478,46,51621400,United States,49081458.413666695,USD
SKT,Tanger Inc.,39.32,USD,4516918513.633539,USD,-3.0332922318125695,-5.3214543703347,-0.8072653884964689,7.9330222344221815,18.042629840888615,17.37313432835821,21.13370301910043,131.0223266745006,36.02052033711983,Finance,Real estate investment trusts,US8754651060,2.98397040690506,33,114876000,United States,40958276.52,USD
NP,Neptune Insurance Holdings Inc.,32.83,USD,4505362720.028649,USD,0.06095702529715336,-2.5526862570495683,-1.7065868263473063,7.042712748614269,40.72010287183884,12.470023980815338,35.54913294797688,35.54913294797688,,Finance,Insurance brokers/Services,US64073B1035,0,0,93798090,United States,31593588.16733333,USD
WPP,WPP plc,25.95,USD,4460792878.2585,USD,25.90975254730713,26.33885102239533,45.13422818791947,38.178913738019155,44.16666666666666,14.116094986807393,-3.279910547894145,-61.34941912421805,,Commercial services,Advertising/Marketing services,US92937A1025,4.66633187772926,34,215752046.2,United Kingdom,10307116.261333337,USD
ATMU,Atmus Filtration Technologies Inc.,54.51,USD,4451964390.325762,USD,0.6648199445983369,5.721489526764925,4.2256214149139595,-0.8548563113859565,-10.595374774479254,4.245553643144002,43.67422245651028,151.54591601292105,21.31711704665441,Producer manufacturing,Auto parts: OEM,US04956D1072,0.406278855032318,2,81672424,United States,36142257.26266666,USD
MRP,"Millrose Properties, Inc.",28.81,USD,4443311688.65167,USD,-1.8064076346284974,1.94621372965321,1.4436619718309864,6.153279292557105,-7.660256410256412,-3.257219610476838,-7.837492002559189,33.99999999999999,10.331719562488793,Finance,Real estate development,US6011371027,10.2590320381731,1,154228120,United States,39630888.574999996,USD
FBP,First BanCorp. New,29.06,USD,4436718179.039586,USD,0.03442340791737697,-0.41124057573680944,9.12504693954187,20.73120066472787,26.347826086956516,40.65827686350435,42.10268948655257,130.63492063492063,12.24868282402529,Finance,Regional banks,PR3186727065,2.61617900172117,8,152674000,Puerto Rico,43788398.47599999,USD
AQN,Algonquin Power & Utilities Corp.,5.75,USD,4425497901.174289,USD,-0.3466204506065784,-3.6850921273031787,2.678571428571435,-9.162717219589258,-12.613981762917932,-6.504065040650412,-3.846153846153853,-64.2412935323383,28.112858606402085,Utilities,Electric utilities,CA0158571053,4.48119901112485,27,769652000,Canada,24230826.126666665,USD
PJT,PJT Partners Inc.,172.75,USD,4416344356.513993,USD,-0.7240963163036556,4.696969696969697,0.12751405552657444,12.783182085264748,6.255381965801443,3.4740940401317832,-4.925701706108965,119.50444726810673,35.85587081508541,Finance,Investment banks/Brokers,US69343T1079,0.574679616114017,10,25564800,United States,81782806.67566666,USD
BOX,"Box, Inc.",31.85,USD,4412264538.215625,USD,-0.46874999999999556,-0.2817783343769563,11.363636363636363,25.88932806324111,29.471544715447152,6.486125041792047,0.8230452674897168,29.10417511147142,48.81226053639847,Technology services,Information technology services,US10316T1043,0,0,138533000,United States,84760879.06033333,USD
MIAX,"Miami International Holdings, Inc.",45.46,USD,4400011617.525674,USD,-1.0879025239338556,-1.64430982258762,8.186577820085667,-8.988988988988993,7.7506518132258915,2.2952295229523023,43.63349131121644,43.63349131121644,58.49954960751512,Finance,Investment banks/Brokers,US59356Q1085,0,0,96788640,United States,76290334.32733338,USD
CNK,"Cinemark Holdings, Inc.",37.95,USD,4398854760.250199,USD,0.47656870532168305,3.9726027397260353,27.008032128514067,37.84961859789321,48.94034536891681,63.36633663366337,49.2918961447679,145.94944912508103,21.10443777110444,Consumer services,Movies/Entertainment,US17243V1026,0.92666137145883,1,115912000,United States,91643540.23200002,USD
NVST,Envista Holdings Corporation,27.38,USD,4397712669.991617,USD,-4.366049598323437,-2.214285714285718,-1.2977649603460686,10.004017677782235,-1.88138326464792,25.36630036630036,36.0834990059642,-33.15429687500001,47.5677553856845,Health technology,Medical specialties,US29415F1049,0,0,162728000,United States,80065979.09533337,USD
SLGN,Silgan Holdings Inc.,41.54,USD,4389937055.515237,USD,-2.6254102203469234,-2.6025791324736214,-10.435532557136703,2.69468479604449,-15.500406834825057,2.745486025228789,-10.915719493888062,3.436254980079688,16.3234831813895,Process industries,Containers/Packaging,US8270481091,1.92217533989686,22,105680000,United States,64876824.34833333,USD
KRC,Kilroy Realty Corporation,37.28,USD,4378258245.191203,USD,-3.544631306597665,-6.496112365186849,-5.858585858585859,7.683419988445995,7.901591895803196,-0.187416331994646,-0.9827357237715736,-44.03242756342892,26.246127851309488,Finance,Real estate investment trusts,US49427F1084,5.58861578266494,29,116309000,United States,52570498.112,USD
KTB,"Kontoor Brands, Inc.",78.8,USD,4355461885.102211,USD,-5.797967722653925,-7.392172993301219,-10.04566210045662,1.025641025641022,19.44823404577838,28.276086602637143,36.900625434329385,38.68356212601196,15.955292783672148,Consumer non-durables,Apparel/Footwear,US50050N1037,2.52241482367005,7,55272400,United States,64198222.968333334,USD
PRIM,Primoris Services Corporation,80.22,USD,4352330756.809352,USD,-3.812949640287778,0.2749999999999986,-9.458239277652366,-25.859519408502777,-47.164591977869996,-35.436619718309856,-26.248046336305965,189.70747562296856,31.569005548778087,Industrial services,Engineering & construction,US74164F1030,0.383693045563549,18,54254900,United States,145482557.47566664,USD
AKO.B,Embotelladora Andina S.A.,31.31,USD,4348871444.61658,USD,0.1599488163787497,4.366666666666663,7.373113854595331,17.309853877856867,-2.5824517734909826,9.590479523976192,36.605584642233836,123.48322626695216,14.720263281617303,Consumer non-durables,Beverages: non-alcoholic,US29081P3038,2.36490403071017,32,78880166.666667,Chile,163734.21636666672,USD
AKO.A,Embotelladora Andina S.A.,23.12,USD,4348871444.61658,USD,-3.6666666666666625,0.5217391304347869,7.534883720930238,2.30088495575221,-10.491676345334872,10.940499040307108,22.717622080679412,84.96147969183754,11.95697145221349,Consumer non-durables,Beverages: non-alcoholic,US29081P2048,2.8002625,32,78881500,Chile,24437.365666666665,USD
CNS,Cohen & Steers Inc,84.48,USD,4344091059.431014,USD,0.3087152695321837,3.288910624770751,5.83813580556253,18.918918918918916,34.908974768444594,35.0383631713555,12.895897367366038,-1.7674418604651116,25.939572586588064,Finance,Investment managers,US19247A1007,3.06340536689622,22,51421500,United States,24048329.216333326,USD
GPGI,"GPGI, Inc.",14.98,USD,4342124599.738502,USD,-1.5768725361366636,10.635155096011825,-11.413364872856297,17.031249999999996,-36.552308343922064,-22.82328696548171,5.418719211822657,115.32316082325893,,Producer manufacturing,Industrial machinery,US20459V1052,0.0328515111695138,0,289861000,United States,21662764.107000005,USD
MDU,"MDU Resources Group, Inc.",20.76,USD,4338965224.693307,USD,3.6963036963037066,3.644533200199702,0.8746355685131355,-8.74725274725274,1.764705882352956,6.243602865916082,17.420814479638018,68.16063281029948,22.62177182085649,Utilities,Gas distributors,US5526901096,2.7972027972028,41,209006000,United States,32616240.626999993,USD
PHI,PLDT Inc. Sponsored,20,USD,4327202014.15328,USD,1.8848700967906318,0.45203415369161154,9.58904109589041,-2.248289345063543,-14.96598639455782,-8.172635445362722,-13.941480206540442,-18.5999185999186,8.750437521876094,Communications,Specialty telecommunications,US69344D4088,5.94133978604177,22,216056000,Philippines,3334987.0373333334,USD
BFH/PA,"Bread Financial Holdings, Inc. Depositary Shares, each representing a 1/40th interest in a share of 8.625% Non-Cumulative Perpetual Preferred Stock, Series A",25.18,USD,4316020602,USD,0.2388535031847083,0.2787733970529681,1.043338683788114,-0.2890745653981721,1.3279678068410394,2.833432709036108,2.566191446028509,2.566191446028509,1.9684639258269032,Finance,Finance/Rental/Leasing,US0185814052,0.801139398255296,10,38419300,United States,207048.51037333327,USD
BFH/PB,"Bread Financial Holdings, Inc. Depositary Shares, each representing a 1/40th interest in a share of 8.875% Fixed Rate Reset Non-Cumulative Perpetual Preferred S",25.17,USD,4316020602,USD,0.19904458598726396,0.07952286282307407,0.35885167464116197,0.5593288054334821,0.881763527054118,0.881763527054118,0.881763527054118,0.881763527054118,1.9676821689064004,Finance,Finance/Rental/Leasing,US0185816032,0.801139398255296,10,38419300,United States,411669.70640666765,USD
EE,"Excelerate Energy, Inc.",37.86,USD,4310709943.327792,USD,-1.6623376623376638,1.4197696222877074,-0.0791765637371368,15.957120980091888,1.1217948717948765,35.991379310344826,51.3189448441247,34.255319148936174,26.137383500172593,Utilities,Gas distributors,US30069T1016,0.831168831168831,4,31837830,United States,12727472.67233333,USD
SITE,"SiteOne Landscape Supply, Inc.",98.52,USD,4300929240.863783,USD,-3.383348043542221,-0.9351432880844713,-11.187235193365195,-21.184000000000005,-33.80366861519856,-20.873825395550565,-29.07638039018069,-48.12279500816176,26.96223316912972,Distribution services,Wholesale distributors,US82982L1035,0,0,43655400,United States,93095845.67,USD
ITGR,Integer Holdings Corporation,126.07,USD,4285377284.605201,USD,0.8559999999999947,26.89481630598893,33.676174318736074,42.855524079320105,47.536571094207126,60.86512696184763,17.12188777406168,33.30866025166544,34.36929200403478,Health technology,Medical specialties,US45826H1095,0,0,33992000,United States,132728515.26466666,USD
VAC,Marriott Vacations Worldwide Corporation,124.75,USD,4284297063.1216826,USD,22.61647336347553,22.809608190588698,27.451982018798535,61.300749935350396,127.64598540145987,114.56828345373236,69.17548142120967,-13.667820069204152,,Consumer services,Other consumer services,US57164Y1073,3.13544328680952,12,34343100,United States,47224160.94366666,USD
UCB,"United Community Banks, Inc.",35.7,USD,4275410795.763793,USD,-1.02578319933462,-0.4184100418410002,-0.5293953747561931,6.408345752608065,-1.9769357495881352,14.643545279383437,18.329466357308586,20.121130551816975,11.67811579980373,Finance,Regional banks,US90984P3038,2.77238702522872,12,119759000,United States,36774611.68733333,USD
CAAP,Corporacion America Airports SA,26.14,USD,4265481532.1246157,USD,0.5384615384615407,1.200154858691453,1.3964313421256767,0.07656967840734906,-8.63334498427123,-0.9848484848484773,28.641732283464567,375.27272727272725,14.716811169913298,Transportation,Other transportation,LU1756447840,0,0,163178000,Luxembourg,4687092.091,USD
MWA,MUELLER WATER PRODUCTS,27.09,USD,4238801656.902688,USD,2.574782279439605,6.611570247933883,6.948282668772214,0.14787430683918354,-4.478138222849082,13.58490566037735,7.0750988142292455,72.32824427480915,19.18419375398343,Producer manufacturing,Industrial machinery,US6247581084,1.04884513441878,19,156471000,United States,31744640.08833333,USD
FOUR/PA,"Shift4 Payments, Inc. 6.00% Series A Mandatory Convertible Preferred Stock",56.5,USD,4234577752,USD,-14.600967351874239,-16.296296296296298,-13.542463657230291,-3.4353102033840335,-23.78254417914474,-29.366170771346415,-43.93172571201747,-44.0801129086853,65.80479850920102,Commercial services,Miscellaneous commercial services,US82452J3077,0,0,79328900,United States,2952998.734570001,USD
CVSA,Covista Inc.,124.26,USD,4228678214.1335816,USD,-3.607167791482423,-6.746716697936207,-5.606198723792147,1.8608082629723832,18.37667905115748,20.092780516091626,7.547169811320753,230.91877496671108,20.967197624190064,Consumer services,Other consumer services,US00737L1035,0,0,34030900,United States,46365979.596666664,USD
BFH,"Bread Financial Holdings, Inc.",109.95,USD,4224198550.737938,USD,-2.1274701798112874,0.7606304985337228,4.719272346302203,26.71430217817219,39.54816601091508,48.18059299191375,86.32435180477887,47.11036508591372,8.595417340932011,Finance,Finance/Rental/Leasing,US0185811082,0.801139398255296,10,38419300,United States,69549594.33066663,USD
LAZ,"Lazard, Inc.",43.32,USD,4221558655.268572,USD,-0.9828571428571422,5.452775073028243,0.7441860465116286,-7.158165452207451,-21.875563570784493,-12.11199026171637,-16.692307692307693,-9.087093389296953,21.234253222881232,Finance,Investment banks/Brokers,US52110M1099,4.57142857142857,21,97450600,United States,77694134.514,USD
KFY,Korn Ferry,82.67,USD,4204348230.60218,USD,-0.9702922855773864,-0.8752997601918512,13.588898048914537,24.073240282155197,23.6649214659686,25.238600212089068,17.362294151050545,20.54534849810441,15.775212288903731,Commercial services,Personnel services,US5006432000,2.46765692381409,12,50857000,United States,40434584.73200002,USD
SEI,"Solaris Energy Infrastructure, Inc.",57.01,USD,4192628880.3696237,USD,2.5913262551736507,24.231858792765305,-15.163690476190482,-22.78206691047,17.111750205423167,21.81623931623932,86.0639686684073,595.2439024390244,72.39365079365079,Industrial services,Oilfield services/Equipment,US83418M1036,0.863775418391218,8,58402300,United States,217143801.45233336,USD
SLG/PI,SL Green Realty Corporation Preferred Series I,21.57,USD,4189011966,USD,0,0.512581547064303,0.37226617031178155,-1.7312072892938453,-1.641586867305059,1.458137347130756,-5.145118733509227,-17.451205510907,,Finance,Real estate investment trusts,US78440X5077,4.60058362210469,29,70853000,United States,223187.51416,USD
FCN,"FTI Consulting, Inc.",150.87,USD,4165758146.1540775,USD,-1.5015995299340492,-8.682625669582059,-5.274062912036168,-6.755253399258347,-15.179625569235958,-11.185023841761346,-10.56905749851807,4.589254766031199,18.24040042557307,Commercial services,Miscellaneous commercial services,US3029411093,0,0,27611600,United States,65804498.09899998,USD
SLG,SL Green Realty Corp,54.52,USD,4165327966.1922307,USD,-0.5653839139157308,0.5347593582887816,5.393388749275094,21.64212405176261,28.7063267233239,18.393051031487527,-1.6417102651993445,-27.68187431603196,,Finance,Real estate investment trusts,US78440X8873,4.60058362210469,29,70853000,United States,57974935.57633336,USD
RHI,Robert Half Inc.,40.68,USD,4164079233.866338,USD,0.3205918618988966,3.7225905150433474,19.96461220878798,50.11070110701106,28.571428571428566,49.61382861346082,15.07779349363507,-59.21804511278196,35.404699738903396,Commercial services,Personnel services,US7703231032,5.81997533908755,22,102362000,United States,91150369.19666667,USD
COLD,"Americold Realty Trust, Inc.",14.42,USD,4114113318.5987167,USD,2.7797576621525346,-2.8301886792452824,-11.804281345565757,-3.866666666666667,13.812154696132596,11.437403400309124,-11.47943523634131,-59.09219858156028,,Finance,Real estate investment trusts,US03064D1081,6.55737704918033,8,285306000,United States,69374559.30666667,USD
IRT,"Independence Realty Trust, Inc.",16.98,USD,4103831897.564658,USD,-0.6436512580456374,1.011302795954799,-2.1325648414985645,3.7263286499694526,2.6602176541717126,-2.3014959723820403,-1.1065812463599374,-15.690168818272095,92.78688524590164,Finance,Real estate investment trusts,US45378A1060,4.03744880046811,13,235745000,United States,49804991.77833332,USD
SXI,Standex International Corporation,337.63,USD,4090361122.2031555,USD,3.4247204778679756,18.674868189806677,7.184126984126983,25.728010724659256,38.736850756081516,54.39454911285896,74.93782383419689,264.65061021708607,38.949517788749944,Electronic technology,Electronic equipment/Instruments,US8542311076,0.410476336345535,47,12114900,United States,64037447.54266666,USD
POST,"Post Holdings, Inc.",90.23,USD,4089456996.5514464,USD,1.1320331764178493,-6.468332123976361,0.5124206305001759,-6.458635703918713,-17.97272727272727,-8.876994546556244,-12.457553119239341,23.593168874196646,15.180779649040161,Consumer non-durables,Food: specialty/candy,US7374461041,0,0,45322600,United States,79130256.30533333,USD
PLNT,"Planet Fitness, Inc.",51.21,USD,4068258012.8397245,USD,-9.506980031807743,-7.529794149512462,-3.3773584905660363,20.437441204139223,-43.307871139156425,-53.23287671232877,-49.7152395915161,-33.01504251144539,18.501390946204705,Consumer services,Other consumer services,US72703H1014,0,0,79126600,United States,99271618.81066673,USD
BNL,"Broadstone Net Lease, Inc.",21.16,USD,4060455493.7301893,USD,-0.18867924528301486,-4.512635379061372,-0.8899297423887648,6.278252134605726,8.90375707668554,22.382880277617126,25.20710059171599,-21.338289962825275,28.232154769846563,Finance,Real estate investment trusts,US11135E2037,5.49528301886792,6,191893000,United States,43767430.37133334,USD
BBWI,"Bath & Body Works, Inc.",20.14,USD,4059455099.5555553,USD,-3.1265031265031196,1.6145307769929378,-8.204193254329994,4.2982910409114545,-10.329474621549423,-1.274509803921559,-30.551724137931036,-67.85315243415802,5.644144270380854,Retail trade,Specialty stores,US0708301041,3.84800384800385,46,201562000,United States,106113890.53333333,USD
TDW,Tidewater Inc.,81.57,USD,4058615664.44015,USD,5.442088934850044,11.75503493629264,16.462021701884616,5.061823802163824,29.27099841521393,60.697399527186754,30.2410985150886,617.7298724153102,16.492448290503244,Transportation,Marine shipping,US88642R1095,0,0,49756200,United States,55686445.791666664,USD
HHH,Howard Hughes Holdings Inc.,68.05,USD,4057453364.9353023,USD,3.5926320596742265,2.3308270676691687,-9.194021884174006,4.983029929034255,-15.518311607697083,-14.660145472786555,-2.0863309352518025,-23.319465121292147,13.779208682622604,Finance,Real estate development,US44267T1025,0,0,59624600,United States,25556645.926666666,USD
THO,"Thor Industries, Inc.",77.68,USD,4043816612.431807,USD,-2.264720684448914,-0.35915854284246657,2.5613942434644996,0.14180739976796913,-34.83768140256689,-24.85247170358905,-17.467063323416912,-35.18564872757613,15.656555477174242,Consumer durables,Recreational products,US8851601018,2.61701056869653,38,52057400,United States,49939857.33300002,USD
WBI,WaterBridge Infrastructure LLC,32.72,USD,4039487095.1368113,USD,-2.473919523099846,-0.5168744299179133,1.7412935323383156,16.773733047822983,47.056179775280896,62.54346746150025,30.879999999999995,30.879999999999995,,Industrial services,Oilfield services/Equipment,US9409231050,0.29806259314456,0,47016060,United States,29532369.241,USD
DNP,"DNP Select Income Fund, Inc.",10.74,USD,4028216490,USD,0.46772684752105437,-2.0072992700729984,-1.2867647058823581,1.129943502824868,5.708661417322835,7.615230460921841,9.928352098259985,0.7504690431519706,5.774193548387097,Miscellaneous,Investment trusts,US23325P1049,7.29653882132835,12,376821000,United States,7242474.767333332,USD
GEO,Geo Group Inc (The) REIT,30.14,USD,4027255153.354551,USD,-4.0738383195416965,0.19946808510639055,0.9039169735520575,42.20334984666195,93.08135810377964,88.72886662492172,11.258767072720563,294.5026178010471,15.323605673903096,Commercial services,Miscellaneous commercial services,US36162J1060,0,0,133618000,United States,53811135.18766666,USD
LMND,"Lemonade, Inc.",51.86,USD,4013788511.7767954,USD,-0.3841721091048844,8.698386082582266,-33.58944807273659,-5.364963503649631,-26.82376181741217,-27.721254355400696,7.193054981397264,-35.98321194914208,,Finance,Multi-line insurance,US52567D1072,0,0,77396600,United States,104503404.81399998,USD
PFSI,"PennyMac Financial Services, Inc.",77.02,USD,4001309782.0556064,USD,1.488997232836995,-0.9006690684508529,-6.358662613981768,-13.79001567047236,-21.520277155084578,-41.45636971723929,-22.740495536162104,18.492307692307687,10.583595564288952,Finance,Finance/Rental/Leasing,US70932M1071,1.58123599947292,7,51951600,United States,50505554.124,USD
PVH,PVH Corp.,86.55,USD,3990655457.5892963,USD,-0.5972206270816539,-2.114906129834884,12.461018711018717,-2.905541844289885,33.56481481481482,27.76793622674934,16.29938188658962,-21.893330926811664,27.47095791277852,Consumer non-durables,Apparel/Footwear,US6936561009,0.17227518088894,46,46108100,United States,76261724.48266664,USD
PII,Polaris Inc.,70.06,USD,3986660702.2492485,USD,-4.158686730506146,3.10522442972774,8.941066708132483,3.3028605131229862,3.669724770642208,10.348086312805165,32.064090480678615,-47.19228160096479,,Consumer durables,Recreational products,US7310681025,3.69357045143639,36,56903500,United States,62524150.90400001,USD
BMI,"Badger Meter, Inc.",137.17,USD,3976125862.328027,USD,-1.6279403327596174,2.4421209858102926,-7.386401998514636,12.012085578964555,-7.323829470981694,-21.661907481439183,-25.3740275284261,35.771553004058184,32.10231926794449,Producer manufacturing,Industrial machinery,US0565251081,1.14744693057946,39,28986800,United States,71850105.83600001,USD
ACHR,Archer Aviation Inc.,5.23,USD,3972697511.838462,USD,0.5769230769230818,14.192139737991273,-1.3207547169811207,-16.984126984126977,-23.031640912435606,-31.812255541069092,-49.32170542635659,-46.95740365111561,,Electronic technology,Aerospace & defense,US03945R1023,0,0,759598000,United States,163313000.1406667,USD
RNST,Renasant Corporation,43.3,USD,3957759901.289371,USD,-1.8808067074552581,-2.1026452633958845,-0.18441678192716782,7.5242115718897296,4.337349397590355,23.221400113830384,19.18524635287641,21.35650224215246,12.973005362974503,Finance,Regional banks,US75970E1073,2.08474960344437,33,91403200,United States,30392297.029333334,USD
KAI,Kadant Inc,334.64,USD,3951583714.3094444,USD,-0.7356430944470865,8.44513578326528,7.535589189883991,-2.2406590517367344,-0.24444046980265702,16.97836193938546,3.6293818902514463,62.23396519125417,36.01144997094462,Producer manufacturing,Industrial machinery,US48282T1043,0.415282392026578,13,11808500,United States,42608559.89833334,USD
QTWO,"Q2 Holdings, Inc.",63.37,USD,3951417020.2073574,USD,-0.37729916679767644,2.6484166194217185,15.828916103089009,26.664001599040567,13.363148479427547,-12.41188666205943,-17.16339869281046,-31.44742535698832,45.446069994262764,Technology services,Information technology services,US74736L1098,0,0,62354700,United States,54565986.92833331,USD
REZI,"Resideo Technologies, Inc.",26.07,USD,3947682812.403201,USD,-0.6478658536585297,3.423263363810197,16.834758855424,-8.15831747863886,5.75787428376499,6.117187554808267,36.790476815119476,18.609464027390175,,Distribution services,Electronics distributors,US76118Y1047,0,0,151426000,United States,59890832.14978453,USD
TAC,TransAlta Corporation,12.48,USD,3943993777.0281854,USD,-1.499605367008678,-2.3474178403755785,-7.828655834564245,-2.3474178403755785,-0.7159904534606194,-2.4237685691946735,4.0000000000000036,16.853932584269668,,Utilities,Electric utilities,CA89346D1078,1.49379932356257,39,316025000,Canada,21483715.937999997,USD
YETI,"YETI Holdings, Inc.",51.88,USD,3930341706.6105504,USD,-1.1997714721005437,1.8053375196232373,7.8137988362427375,23.84817378849368,11.76217147781129,16.794236830256644,40.102619497704566,-50.87586402802765,26.343048644257134,Producer manufacturing,Miscellaneous manufacturing,US98585X1046,0,0,75758300,United States,54013937.554333314,USD
AVNT,Avient Corporation,42.65,USD,3911438430.625,USD,12.473628691983112,15.928241369937483,9.66829519156595,17.590295009649836,10.578169561835619,35.65521628498727,24.52554744525547,-10.267199663370507,24.793628647831646,Process industries,Chemicals: major diversified,US05368V1061,2.8876582278481,15,91710200,United States,34589742.425,USD
CON,"Concentra Group Holdings Parent, Inc.",30.54,USD,3907952923.232769,USD,-0.7152145643693186,-3.3238366571699927,-4.082914572864324,25.834363411619282,31.241942415126772,55.97548518896834,54.16456335184251,38.81818181818181,22.381824844265296,Health services,Medical/Nursing services,US20603L1026,0.812743823146944,2,127961780,United States,31482705.572999995,USD
BFAM,Bright Horizons Family Solutions Inc.,73.97,USD,3891315517.614274,USD,-2.0524364406779623,-8.19163460345041,-3.5090007826767518,3.701107528389178,-16.962281095644364,-26.59521683040587,-37.793289042132706,-49.297415861265335,23.397861706838743,Commercial services,Miscellaneous commercial services,US1091941005,0,0,52606700,United States,67073916.74299999,USD
MNSO,MINISO Group Holding Limited,12.56,USD,3884475205.0740004,USD,2.1969080553295472,-3.0115830115830025,6.621392190152811,-14.73183978275628,-33.720316622691286,-34.48095983307251,-35.78732106339467,-20.856962822936353,13.262935586061246,Retail trade,Specialty stores,US66981J1025,4.85272579332791,3,305132970,China,8099224.26466667,USD
CRK,"Comstock Resources, Inc.",13.21,USD,3878727806.9621906,USD,1.9290123456790123,7.836734693877558,-7.298245614035082,-9.890859481582533,-37.4822527212494,-42.465156794425084,-19.352869352869345,128.94280762564995,7.673986290228884,Energy minerals,Oil & gas production,US2057683029,0,0,293621000,United States,34665307.64033334,USD
CSTM,Constellium SE,28.61,USD,3877448664.735423,USD,-3.572632288506917,-0.7630939993062743,-4.0576794097920885,-14.238609112709833,19.90779547359598,50.26260504201681,105.3840631730079,48.46912298910223,7.360242854570244,Non-energy minerals,Aluminum,FR0013467479,0,0,135528000,France,56648010.29199999,USD
ABG,Asbury Automotive Group Inc,215.99,USD,3877434714.239395,USD,-1.585638128217975,-11.023686920700305,3.6868129230473845,7.37224100218732,-1.9920137943551985,-7.1529897261746065,-5.989118607181715,7.984201579842015,8.076083217421218,Retail trade,Specialty stores,US0434361046,0,0,17951900,United States,60485974.549333334,USD
CGAU,Centerra Gold Inc.,19.81,USD,3874985564.414322,USD,1.7985611510791255,13.524355300859597,21.088019559902197,10.4236343366778,15.84795321637425,34.945504087193456,170.6284153005464,164.1333333333333,6.490267678165546,Non-energy minerals,Precious metals,CA1520061021,1.0230179028133,6,195608000,Canada,24823197.15466667,USD
FG,"F&G Annuities & Life, Inc.",29.18,USD,3865911822.6880274,USD,-1.5851602023608733,-2.0805369127516813,1.8854748603351925,6.186317321688499,5.039596832253414,-5.198180636777132,-10.682583409856143,191.8,10.258032763833228,Finance,Multi-line insurance,US30190A1043,3.27150084317032,4,132484990.00000001,United States,18048532.22866666,USD
HAE,Haemonetics Corporation,85.02,USD,3863817479.948325,USD,1.6985645933014375,0.5202175455190325,11.443177349587087,58.442042489750285,30.418775885872066,5.917528341846269,11.370186009955454,47.83515910276474,41.84672933996161,Health technology,Medical specialties,US4050241003,0,0,45446000,United States,59224902.109,USD
LION,Lionsgate Studios Corp,12.93,USD,3846557670.7095532,USD,-0.38520801232666185,-2.4886877828054303,-10.457063711911356,3.8554216867469915,46.10169491525424,41.77631578947369,125.26132404181185,33.298971683175736,,Consumer services,Movies/Entertainment,CA53626N1024,0,0,297490940,Canada,38497802.949999996,USD
JOE,St. Joe Company (The),67.38,USD,3835973768.2168484,USD,3.7732943169567044,5.281249999999993,10.38663171690694,3.2960294343093537,-1.245786311006901,13.510781671159021,32.221350078492925,46.414602346805715,31.512487138714807,Finance,Real estate development,US7901481009,0.954874480209456,6,56930400,United States,16595215.65233333,USD
KNF,Knife Riv Holding Co.,67.51,USD,3832098543.1554804,USD,-0.4130402714264657,-13.170418006430863,-19.878946119154996,-24.63719580263451,-12.980149523072948,-4.714184897671121,-20.82795825026386,65.46568627450984,27.506824756549733,Non-energy minerals,Construction materials,US4988941047,0,0,56763420,United States,50866071.34666667,USD
BBAR,Banco BBVA Argentina S.A.,17.41,USD,3830957539.804604,USD,-2.519596864501676,-10.025839793281659,-15.362177929022849,12.686084142394828,-1.4156285390713477,-4.445664105378698,6.158536585365864,459.80707395498393,21.244661378889568,Finance,Major banks,US0589341009,1.69860582306831,4,204236666.66666698,Argentina,9828679.927666666,USD
SKE,Skeena Resources Limited,30.86,USD,3829244028.3331003,USD,0.8826413860738789,17.071320182094084,10.214285714285712,-0.25856496444732335,2.4908668216539356,27.257731958762886,101.43603133159269,155.6752278376139,,Non-energy minerals,Precious metals,CA83056P7157,0,0,124084000,Canada,17274208.936999995,USD
TDS,"Telephone and Data Systems, Inc.",36,USD,3826800043.7411695,USD,1.7236507487990942,5.820105820105811,1.0951979780960421,-19.928825622775804,-21.90889370932755,-12.557687636628618,-2.173913043478253,89.47368421052632,67.21433905899926,Communications,Wireless telecommunications,US8794338298,0.452105114439107,43,106300000,United States,40930189.03666666,USD
STNG,Scorpio Tankers Inc.,76.38,USD,3825213841.5216746,USD,3.1465226198514493,-0.8051948051948111,4.8887668223015694,-9.071428571428577,17.34521431863572,51.127819548872175,56.58056580565805,437.88732394366195,4.8087335364778765,Transportation,Marine shipping,MHY7542C1306,2.32275489534099,13,50081400,Monaco,65550050.16066669,USD
PSUS,"Pershing Square USA, Ltd.",37.83,USD,3783000136.1720963,USD,-0.6043089858118864,3.502051983584135,-1.0204081632653077,-11.176332472411376,-9.928571428571432,-9.928571428571432,-9.928571428571432,-9.928571428571432,,Miscellaneous,Investment trusts,US71531T1051,0,0,100000000,United States,15635125.111333346,USD
USAC,"USA Compression Partners, LP",26.08,USD,3780879179.637495,USD,1.4391287436794922,2.2344178753429897,0.6172839506172707,-6.187050359712238,-0.7610350076103608,13.588850174216017,11.025968497232865,64.33522369250157,26.653040367910062,Industrial services,Oilfield services/Equipment,US90290N1090,8.16802800466744,13,144972000,United States,5063951.385333334,USD
MANU,Manchester,21.91,USD,3777916432.5927258,USD,-1.616524472384371,-6.006006006006,-2.492211838006225,14.055179593961475,28.278688524590176,37.452948557089094,21.51968940654464,33.35362142422398,,Consumer services,Movies/Entertainment,KYG5784H1065,0,0,56080700,United Kingdom,5126845.521000002,USD
APLE,"Apple Hospitality REIT, Inc.",15.99,USD,3774719960.7353473,USD,-3.3836858006042325,-5.103857566765585,-3.963963963963954,14.870689655172416,33.25,34.82293423271501,37.726098191214476,8.040540540540537,21.573124662709123,Finance,Real estate investment trusts,US03784Y2000,5.80060422960725,11,236068000,United States,52692222.41800001,USD
SUNC,SunocoCorp LLC,73.05,USD,3763331415.879204,USD,0.2745367192862085,-4.096100827097288,7.442270922194444,10.748938750758041,39.24895158215782,48.83863080684597,47.874493927125506,47.874493927125506,,Distribution services,Wholesale distributors,US86765Q1067,0,0,42953000,United States,32872174.137333337,USD
TDS/PV,"Telephone and Data Systems, Inc. Depositary Shares, Each Representing a 1/1,000th Interest in a 6.000% Series VV Cumulative Redeemable Perpetual Preferred Stock",19,USD,3761957043,USD,-0.8868022952530082,0.5823186871360478,0.2638522427440671,-3.7974683544303796,-5.753968253968255,-0.7832898172323686,0.9564293304994671,-24,35.47423450336072,Communications,Wireless telecommunications,US8794337613,0.452105114439107,43,106300000,United States,996644.7571666667,USD
TDS/PU,"Telephone and Data Systems, Inc. Depositary Shares, Each Representing a 1/1,000th Interest in a 6.625% Series UU Cumulative Redeemable Perpetual Preferred Stock",20.75,USD,3761957043,USD,-0.8126195028680769,1.8155053974484838,-0.2403846153846188,-3.8906901343214444,-6.489409643983781,-1.0491177873152069,-2.9012634534394057,-26.78193366266761,38.74159820761763,Communications,Wireless telecommunications,US8794337878,0.452105114439107,43,106300000,United States,752130.2463333334,USD
CRGY,Crescent Energy Company,11.33,USD,3743473612.469034,USD,3.1876138433515453,4.136029411764699,22.35421166306696,-8.70265914585012,16.804123711340218,34.88095238095238,18.638743455497377,-24.96688741721854,,Energy minerals,Integrated oil,US44952J1043,4.37158469945355,4,330403700,United States,63313439.676000014,USD
MIR,"Mirion Technologies, Inc.",15.02,USD,3740545411.8663206,USD,-2.530824140168725,3.159340659340653,-9.843937575030015,-24.370594159113796,-36.5441487114491,-36.62447257383966,-30.20446096654275,43.320610687022885,170.29478458049886,Electronic technology,Aerospace & defense,US60471A1016,0,0,243278000,United States,71866928.58833335,USD
HAFN,Hafnia Limited,7.55,USD,3720304595.7069697,USD,3.851444291609357,-0.657894736842103,7.092198581560284,-14.204545454545464,23.973727422003286,42.45283018867924,27.104377104377093,371.13884555382214,8.104847453268576,Transportation,Marine shipping,SGXZ53070850,10.0822489331437,4,485268110,Singapore,10242847.872666666,USD
GNW,Genworth Financial Inc,9.71,USD,3719019625.6047473,USD,0.20639834881322344,-4.05138339920947,0.9355509355509526,5.773420479302845,8.008898776418249,7.649667405764982,21.07231920199503,174.2937853107345,18.43204252088079,Finance,Multi-line insurance,US37247D1063,0,0,383009000,United States,29476811.212333333,USD
DOCS,"Doximity, Inc.",20.66,USD,3713708087.4960704,USD,-4.4845122515025375,-2.593116454502596,-11.596063329054347,-19.233776387802966,-12.790206838328412,-53.72900335946249,-64.41305658427352,-63.912663755458524,21.055849979616795,Technology services,Packaged software,US26622P1075,0,0,128857000,United States,84781172.10566668,USD
MHO,"M/I Homes, Inc.",146.83,USD,3712307344.4480543,USD,-2.464461272751415,-4.314108830237847,-2.787341101694902,10.99939522225583,5.126369299062093,13.033102386451121,12.401439179361569,131.01006922592828,12.3647357030375,Consumer durables,Homebuilding,US55305B1017,0,0,25283000,United States,38405760.51833334,USD
HP,"Helmerich & Payne, Inc.",37.07,USD,3704440327.6388216,USD,11.388221153846152,9.22215674720095,19.349645846748235,0.925673836101289,8.455236980690463,28.804725503822095,133.5853812224323,37.2962962962963,,Industrial services,Contract drilling,US4234521015,3.00480769230769,46,99931000,United States,40354056.69266667,USD
SIG,Signet Jewelers Limited,93.88,USD,3692279788.5910735,USD,-2.7855441648545076,-4.825628548256291,13.067565940021673,6.669696625383469,-0.5613812096176265,11.761904761904756,23.47757464158884,48.497310977538746,13.164315562161706,Retail trade,Specialty stores,BMG812761002,1.38759449104277,5,39329800,Bermuda,68212671.80666673,USD
AGO,Assured Guaranty Ltd.,82.57,USD,3656402881.472081,USD,-0.20546289581822785,-2.2724582790862846,-2.2145902415916683,4.518987341772143,-6.521000792482741,-7.948717948717959,-4.222247999072034,67.99593082400813,9.51409773353152,Finance,Specialty insurance,BMG0585R1060,1.74039158810732,14,44282500,Bermuda,27197301.72733333,USD
NHI,"National Health Investors, Inc.",75.38,USD,3653749826.369935,USD,0.45309168443495357,-3.9622881895782895,-1.3609002878827614,-0.09277667329358169,-11.317647058823535,-0.7112750263435277,2.2240303770002723,11.081638667845558,24.32947100022593,Finance,Real estate investment trusts,US63633D1046,4.90405117270789,35,48471100,United States,58951516.517333336,USD
NIC,Nicolet Bankshares Inc.,173.89,USD,3644302038.194752,USD,-0.16076247344548494,0.8116412545654689,4.708857710603958,18.437542569132265,14.968595041322304,43.80582203109493,37.33217501184645,135.84700935847007,19.750127775569307,Finance,Major banks,US65406E1029,0.757880231957283,3,20957500,United States,39820400.103999995,USD
AADX,"Applied Aerospace & Defense, Inc.",21.26,USD,3630007011.378888,USD,0.18850141376061594,20.795454545454543,-6.958424507658643,2.4578313253012123,2.4578313253012123,2.4578313253012123,2.4578313253012123,2.4578313253012123,,Electronic technology,Aerospace & defense,US03815J1079,0,0,170743520,United States,21924021.610333342,USD
MSGE,Madison Square Garden Entertainment Corp.,76.67,USD,3626911323.0727506,USD,-1.4524421593830277,0.16984583224457203,0.9878819810326659,14.552517555655154,28.03941215764863,42.24489795918368,100.44444444444444,4.740437158469944,75.37357451828548,Consumer services,Movies/Entertainment,US5582561032,0,0,40438480,United States,35253441.644000016,USD
SMG,Scotts Miracle-Gro Company (The),62.06,USD,3610770932.5065784,USD,-6.154544079842724,-11.494580718767828,-8.08649289099525,-1.0838380618425243,-4.918032786885236,5.958681919071201,1.0255575451733723,-61.91703485517918,54.08278867102397,Process industries,Chemicals: agricultural,US8101861065,3.99213670043853,21,58181900,United States,69325149.91966668,USD
HGV,Hilton Grand Vacations Inc.,46.44,USD,3609509612.292206,USD,-1.3803355277129024,-3.250000000000005,-9.684947491248549,-5.224489795918372,0.25906735751294785,3.406813627254512,5.330006804263992,11.100478468899524,26.258057220400318,Finance,Real estate development,US43283X1054,0,0,77724100,United States,59835272.85199999,USD
DK,"Delek US Holdings, Inc.",58.69,USD,3596965972.0938916,USD,-1.7740585774058615,-10.19127773527161,10.2573736614691,32.51298261458568,72.16192431798179,97.94266441821249,169.7150735294117,229.7191011235955,16.500323315246423,Energy minerals,Oil refining/Marketing,US24665A1034,1.7071129707113,4,61287500,United States,76169156.76733333,USD
LXP/PC,LXP Industrial Trust 6.5% Series C Cumulative Convertible Preferred Stock,48.96,USD,3575168450,USD,0.02022467778411443,-0.6493506493506499,5.928169623539598,5.460420032310186,4.503735325506936,4.059511158342198,4.704875962360998,-21.24185635003619,49.38969030565924,Finance,Real estate investment trusts,US5290433094,4.57618733509235,32,58957300,United States,515932.5906566666,USD
LXP,LXP Industrial Trust,60.55,USD,3569862296.297823,USD,-0.14841688654354124,-0.46029919447641154,8.009275775954325,16.352805534204453,16.375168172208333,22.496459639894795,50.80946450809464,-8.396369137670193,61.08140825179058,Finance,Real estate investment trusts,US5290434084,4.57618733509235,32,58957300,United States,50787712.62833334,USD
RCUS,"Arcus Biosciences, Inc.",28.33,USD,3563153801.7801437,USD,2.274368231046928,3.734895642621749,-6.470782436447675,14.789303079416527,37.52427184466018,18.983620327593446,200.74309978768574,-7.175622542595024,,Health technology,Biotechnology,US03969F1093,0,0,125773000,United States,37371432.17600001,USD
OGN,Organon & Co.,13.55,USD,3558357778.3972,USD,-0.1473839351510654,0,-0.03688675765399488,1.4221556886227642,66.05392156862744,86.89655172413795,60.830860534124625,-54.052221091895554,17.35844222393031,Health technology,Pharmaceuticals: major,US68622V1061,0.589535740604274,5,262608999.99999997,United States,32941014.316999994,USD
RH,RH,187.97,USD,3552815114.3447003,USD,-3.753200204813114,5.719910011248587,11.23143381265163,39.6923305588585,-4.593442290122836,-1.8689637170451643,-13.5094096535223,-72.66686054965828,36.25964506172839,Retail trade,Specialty stores,US74967X1037,0,0,18901000,United States,145723145.257,USD
HNI,HNI Corporation,48.89,USD,3528967759.374486,USD,0.5967078189300393,10.585840307622709,16.93374790719923,40.448147084171204,-5.141637563057817,16.794075489727668,9.741863075196417,27.95079822036116,444.0508628519528,Producer manufacturing,Office equipment/Supplies,US4042511000,2.81893004115226,46,72181800,United States,30577450.908333343,USD
HG,"Hamilton Insurance Group, Ltd.",35.55,USD,3528550898.918228,USD,0.9369676320272524,-2.682726526142907,2.1551724137931036,16.100587851077712,19.495798319327722,27.831715210355984,69.12464319695528,133.11475409836063,5.607167079383606,Finance,Multi-line insurance,BMG427061046,0,0,66532270,Bermuda,18092694.76933334,USD
GPK,Graphic Packaging Holding Company,11.87,USD,3514369348.373949,USD,-0.252100840336144,4.673721340388002,10.521415270018613,7.811080835603991,-9.870918754745638,-21.33863485752154,-46.338155515370715,-36.9287991498406,12.955686531325037,Process industries,Containers/Packaging,US3886891015,3.69747899159664,11,296072000,United States,54575449.272666655,USD
LEU,Centrus Energy Corp.,178.03,USD,3502347643.704046,USD,-5.116452592868941,8.435863077110485,4.379690431519699,-15.425178147268408,-28.249874055415617,-28.17026427274561,-24.88185654008439,669.0280777537797,58.967904342353684,Non-energy minerals,Other metals/Minerals,US15643U1043,0,0,18953600,United States,136236993.6883333,USD
AAP,Advance Auto Parts Inc.,57.92,USD,3492576063.18899,USD,-2.786169855656255,-0.01726221301570518,1.7032484635645282,0.6429192006950557,10.85167464114833,46.336533602829725,1.4538448064459595,-72.07328833172615,80,Retail trade,Specialty stores,US00751Y1064,1.67841557569654,20,60300000,United States,93249570.74433333,USD
KBH,KB Home,56.95,USD,3491588882.215909,USD,-3.409090909090905,-0.6801534705266838,-4.734024757443958,15.143550343712095,-7.922392886014549,0.7786232525216862,-4.285714285714281,34.094655050623984,13.826171400825444,Consumer durables,Homebuilding,US48666K1097,1.69606512890095,40,61309700,United States,65999944.24966667,USD
APAM,Artisan Partners Asset Management Inc.,43.05,USD,3489926908.3274894,USD,0.6311360448807761,6.5857885615251215,18.301731244847478,14.464238234512091,-2.9749830966869513,5.825958702064891,-7.776349614395892,-15.172413793103452,10.693526752446717,Finance,Investment managers,US04316A1088,7.92426367461431,13,70996400,United States,36905654.63633333,USD
HIW,"Highwoods Properties, Inc.",31.48,USD,3472439401.2732873,USD,-2.8994447871684184,-8.488372093023251,-2.357320099255588,22.53795251070455,20.520673813169985,22.395023328149307,9.954593084177441,-32.949946751863685,21.062491636558278,Finance,Real estate investment trusts,US4312841087,6.16903146206046,32,110306000,United States,65113191.12800002,USD
BLSH,Bullish,23.04,USD,3462962717.9597316,USD,-3.35570469798658,5.205479452054798,-13.933507657825928,-44.48192771084337,-11.791730474732013,-40.0624349635796,-74.4,-74.4,,Technology services,Packaged software,KYG169101204,0,0,150302220,Cayman Islands,34329035.80766667,USD
SMR,NuScale Power Corporation,9.47,USD,3461106484.442431,USD,0.959488272921107,20.025348542458822,0.8519701810436642,-23.257698541329006,-39.873015873015866,-34.958791208791204,-79.27789934354486,-5.958291956305855,,Producer manufacturing,Electrical products,US67079K1007,0,0,346106000,United States,259202932.05566686,USD
AB,AllianceBernstein Holding L.P.,37.13,USD,3459595709.430997,USD,0.08086253369272543,0.18888289260658467,0.596044432403159,-5.06264382510866,-13.631076994649918,-3.3072916666666563,-7.1749999999999945,-25.769692123150737,10.962503690581636,Finance,Investment managers,US01881G1067,9.19137466307278,24,93075200,United States,9341592.025333334,USD
PARR,"Par Pacific Holdings, Inc. Common Stock",68.94,USD,3456946274.13072,USD,-1.4016018306636213,-17.029726802262612,13.257762444553968,10.746987951807226,68.14634146341463,95.18686296715741,119.06577693040992,352.9566360052562,4.023203156002707,Energy minerals,Oil refining/Marketing,US69888T2078,0,0,50144300,United States,74580072.52300002,USD
NIQ,NIQ Global Intelligence plc,11.67,USD,3444241189.487136,USD,0.08576329331046129,-2.871410736579281,15.544554455445548,4.569892473118277,-0.17108639863130518,-29.100850546780077,-26.603773584905664,-22.197406580219337,,Technology services,Packaged software,IE000JMT8VI3,0,0,295136350,United States,15832532.92233333,USD
FOUR,"Shift4 Payments, Inc.",43.36,USD,3439701973.1494937,USD,-18.77107530910454,-20.658737419945105,-15.609186453873109,-6.187797490263954,-26.346186512655,-31.511609540356975,-50.349249971372956,-50.68804731036052,50.500815280689494,Commercial services,Miscellaneous commercial services,US82452J1097,0,0,79328900,United States,67937571.07133335,USD
NATL,NCR Atleos Corporation,46.54,USD,3434554243.132664,USD,-0.5767998290963536,-1.9178082191780899,2.5561921551344127,4.678362573099411,20.3205791106515,22.60273972602739,43.908472479901036,158.55555555555554,18.049953459509773,Electronic technology,Computer processing hardware,US63001N1063,0,0,73797900,United States,33236174.199333336,USD
CBU,"Community Financial System, Inc.",65.32,USD,3432887806.2432675,USD,-1.1800302571860835,1.2713178294573537,-4.01175606171933,1.5863141524105693,-0.6993006993007114,13.698868581375093,23.548326082844707,-11.286160532391692,15.181871005229516,Finance,Major banks,US2036071064,2.84417549167927,39,52554900,United States,21820112.416333333,USD
BKD,Brookdale Senior Living Inc.,14.36,USD,3429021528,USD,-0.4851004851004871,-3.299663299663301,-8.066581306017925,4.360465116279067,-8.767471410419319,33.955223880597,83.6317135549872,101.12044817927172,,Health services,Hospital/Nursing management,US1124631045,0,0,238790000,United States,79277360.62333332,USD
LPL,"LG Display Co, Ltd AMERICAN DEPOSITORY SHARES",3.24,USD,3425100000,USD,-0.6134969325153244,9.459459459459469,-8.474576271186436,-25.345622119815662,-17.135549872122763,-23.764705882352935,-19.201995012468817,-66.49431230610135,,Electronic technology,Electronic production equipment,US50186V1026,0,0,1000000000,South Korea,11266389.708333323,USD
NEA,Nuveen AMT-Free Quality Municipal Income Fund,11.32,USD,3420077640,USD,0,0.7117437722419935,-3.1650983746792063,-2.4978466838931883,-3.659574468085104,-2.9991431019708625,3.5681610247026585,-28.625472887767963,14.627212818193565,Miscellaneous,Investment trusts,US6706571055,7.38515901060071,18,302127000,United States,8510367.196,USD
KEN,Kenon Holdings Ltd.,65.45,USD,3410494840.0552106,USD,1.7884914463452657,-0.0915890703709392,-3.7924445097750965,-26.137004852725422,-8.461538461538458,-2.9363784665579176,52.528548123980435,81.76314415525266,42.046768598226905,Utilities,Electric utilities,SG9999012629,13.452566096423,5,52108400,Singapore,1572367.4426666663,USD
CURB,Curbline Properties Corp.,29.59,USD,3403975096.258483,USD,-1.5635395874916795,-3.959753326841931,-2.5041186161449804,7.287889775199426,15.631105900742478,28.206239168110926,31.511111111111113,44.34146341463415,108.86681383370126,Finance,Real estate investment trusts,US23128Q1013,2.19560878243513,1,115038025,United States,49064320.91533334,USD
AWR,American States Water Company,85.67,USD,3395584000.3058634,USD,0.8594301860136613,-2.9894689163175183,2.134000953743451,11.259740259740262,18.953068592057768,18.37778084841785,14.96242619431026,-6.402272478968644,24.98031783058755,Utilities,Water utilities,US0298991011,2.3734400753473,46,39192700,United States,29882298.214333337,USD
BKU,"BankUnited, Inc.",46.63,USD,3389148223.8045907,USD,-1.8109075594862065,0.36590615583297825,-5.492501013376573,-1.665963728384646,-8.406992732272627,4.762974612446651,29.96098104793757,11.889622075584898,12.806569443300104,Finance,Major banks,US06652K1034,2.69530427458412,15,72681700,United States,53100458.54366667,USD
WK,Workiva Inc.,62.05,USD,3376543106.9497566,USD,0.5672609400324057,4.531671159029646,17.09756557841101,19.189396849788697,-11.735419630156473,-27.882380288238036,-21.63425107350342,-54.25390740194633,75.96718903036239,Technology services,Information technology services,US98139A1051,0,0,50846900,United States,46512977.041,USD
KN,Knowles Corporation,39.39,USD,3364312862.927144,USD,-0.354161396407793,10.459899046550769,10.08943543879262,15.209125475285179,51.5,81.35359116022101,98.23855057876195,94.71082550667326,50.81269349845201,Electronic technology,Electronic components,US49926D1090,0,0,85410300,United States,44074213.26699999,USD
RXO,"RXO, Inc.",20.24,USD,3337987248.849524,USD,-3.6190476190476266,-10.679611650485445,-24.449421425905193,-12.983662940670692,31.899641577060915,59.370078740157474,30.496453900709213,-8.000000000000007,,Technology services,Packaged software,US74982T1034,0,0,164920320,United States,50810358.875666656,USD
STUB,"StubHub Holdings, Inc.",8.88,USD,3333883332.078948,USD,-2.6315789473684044,2.77777777777778,-35.69876900796524,16.688567674113013,-16.776007497656973,-35.13513513513513,-64.97041420118343,-64.97041420118343,,Technology services,Internet software/Services,US86384P1093,0,0,350687300,United States,74661597.92166664,USD
FSK,FS KKR Capital Corp.,11.88,USD,3327189257.054348,USD,7.608695652173929,10.82089552238806,15.004840271055185,8.000000000000007,-6.823529411764699,-19.89211058664868,-41.33333333333333,-44.32989690721649,,Miscellaneous,Investment trusts,US3026352068,20.8333333333333,12,280066000,United States,28485246.040000014,USD
LRN,"Stride, Inc.",80,USD,3324787671.591184,USD,-3.124243158149671,-12.000879991200083,-12.23258365331871,-13.166178226419186,-7.770348166935665,23.228589032655574,-46.308724832214764,163.93929396238866,11.10833402760421,Consumer services,Other consumer services,US86333M1080,0,0,42524800,United States,83899270.14066668,USD
HAYW,"Hayward Holdings, Inc.",15.67,USD,3323913977.1389747,USD,-3.2118591723286056,-0.44472681067344527,-6.837098692033296,5.735492577597839,-2.9120198265179718,0.9664948453608271,0.25591810620600863,-31.869565217391305,21.551368450006876,Consumer durables,Recreational products,US4212981009,0,0,212120000,United States,50741817.67833335,USD
ASH,Ashland Inc.,72.46,USD,3318187398.1860523,USD,1.0599721059971978,-2.6729348556078025,8.408138839018537,32.08166241341596,14.128209166797909,22.419327589119778,38.045341969899006,-13.614687649022416,64.10120311394196,Consumer non-durables,Food: specialty/candy,US0441861046,2.32217573221757,46,45793400,United States,62231932.59766667,USD
WRBY,Warby Parker Inc.,26.96,USD,3308402696.500171,USD,-7.892039631021519,2.005297010972384,-8.111792774369457,-0.4063538973032857,11.867219917012445,20.896860986547086,9.504467912266449,-50.12025901942645,2837.8947368421054,Retail trade,Specialty stores,US93403J1060,0,0,107094180,United States,75767551.59199998,USD
WT,"WisdomTree, Inc.",21.48,USD,3285178558.480254,USD,-2.496595551520657,17.05722070844686,17.441224712957908,13.710958178930651,36.12167300380229,76.06557377049182,67.55070202808112,234.57943925233644,41.228406909788866,Miscellaneous,Investment trusts,US97717P1049,0.544711756695415,12,152941000,United States,57942660.040333346,USD
LBRT,Liberty Energy Inc.,20.04,USD,3270356022.7113404,USD,3.2989690721649514,13.669880884855361,-14.322359982898679,-37.17868338557994,-17.70020533880904,8.32432432432432,68.97133220910624,104.9079754601227,27.220863895680523,Industrial services,Oilfield services/Equipment,US53115L1044,1.80412371134021,4,163191000,United States,113021137.60933338,USD
AAMI,Acadian Asset Management Inc.,91.56,USD,3262190470.7397437,USD,0.1640958319658743,10.193765796124682,16.91993359724173,36.25,83.37672741838574,95.47395388556788,105.98425196850393,249.73262032085563,32.35221370269602,Finance,Investment managers,US10948W1036,0.240673886883273,11,35629000,United States,38011174.13366667,USD
CSQR,"Csquare, Inc.",20.07,USD,3261770507.5904393,USD,-1.08427796944307,-3.090294543698699,-3.9712918660287,-3.9712918660287,-3.9712918660287,-3.9712918660287,-3.9712918660287,-3.9712918660287,,Technology services,Data processing services,US22946R1014,0,0,162519700,United States,,
BWLP,BW LPG Limited,21.58,USD,3259325500.4365344,USD,3.5011990407673705,-1.998183469573121,14.240338803599776,6.253077301821761,36.23737373737373,67.41660201706748,45.515846257585956,296.2905151042145,8.853480711914656,Transportation,Marine shipping,SGXZ69436764,8.82826732673267,7,151814600,Singapore,6937620.648,USD
ARIS,Aris Mining Corporation,15.72,USD,3244607802.5161595,USD,0.5758157389635308,10.238429172510525,0.5758157389635308,-18.80165289256198,-13.626373626373619,-4.553734061930773,101.53846153846156,321.4477211796247,11.764156500998608,Non-energy minerals,Precious metals,CA04040Y1097,0,0,206400000,Canada,22582059.104666665,USD
ERO,Ero Copper Corp.,31.1,USD,3243044777.6539454,USD,2.2017745645744387,19.111451551129843,20.542635658914733,11.071428571428575,-3.2057267351385033,7.575233483223802,122.30164403145103,55.11221945137157,10.79362205913711,Non-energy minerals,Other metals/Minerals,CA2960061091,0,0,104278000,Canada,25260589.228333335,USD
GPI,"Group 1 Automotive, Inc.",270.82,USD,3228777044.741498,USD,-2.4423631123919414,-19.927857607474433,-8.934395911093175,-22.863083539833088,-20.036612731782217,-31.230796577029533,-35.24460810099948,60.40987976070602,11.291459067314307,Retail trade,Specialty stores,US3989051095,0.756484149855908,16,11922200,United States,70799291.39599997,USD
PFS,"Provident Financial Services, Inc",24.75,USD,3225263910.3942657,USD,-1.4336917562723992,0.40567951318458995,3.5564853556485416,10.097864768683271,4.651162790697681,25.379939209726455,35.765222161272625,10.73825503355704,10.33100972575865,Finance,Savings banks,US74386T1051,3.8231780167264,23,130314000,United States,26297162.17433333,USD
AVA,Avista Corporation,38.42,USD,3217783761.045314,USD,-1.0813594232749786,-7.644230769230769,-6.611570247933882,-6.338371526084839,-9.812206572769952,-0.44052863436123785,3.0855916286557514,-11.33164089545349,13.889591844112651,Utilities,Electric utilities,US05379B1070,5.05921730175077,46,83752800,United States,27077867.36566667,USD
CPK,Chesapeake Utilities Corporation,133.5,USD,3204635725.922744,USD,-0.2540346682606122,-1.7298490982701469,8.677955063497228,4.755178907721282,0.20265705922090388,7.349630106143454,11.389236545682106,2.017423200366794,21.396973971021925,Utilities,Gas distributors,US1653031088,2.084578601315,39,24004800,United States,30854071.353,USD
CWK,Cushman & Wakefield Ltd.,13.66,USD,3200544859.2088385,USD,-2.637205987170344,0.22010271460014202,-1.9382627422828398,-2.7065527065526997,-10.893672537508154,-15.62693020382953,2.0164301717699744,-25.59912854030501,47.08721130644605,Finance,Real estate development,BMG2717C1064,0,0,234300000,Bermuda,31196683.031333335,USD
HTGC,"Hercules Capital, Inc.",17.05,USD,3191146326.6746554,USD,2.1569802276812426,6.098319850653394,5.900621118012418,3.7735849056603836,2.958937198067645,-9.50106157112526,-12.56410256410256,-2.459954233409609,8.563966045507058,Finance,Finance/Rental/Leasing,US4270965084,9.58657878969443,21,187164000,United States,23790450.489666667,USD
DX/PC,"Dynex Capital, Inc. 6.900% Series C Fixed-to-Floating Rate Cumulative Redeemable Preferred Stock",25.71,USD,3188944964,USD,-0.19448682264432388,0.9026687598116186,0.03891050583658196,-0.23282887077997175,-0.963020030816641,0.1948558067030425,-0.5800464037122915,-1.115384615384612,9.809607386775536,Finance,Real estate investment trusts,US26817Q8785,15.875486381323,18,248167000,United States,237736.43482,USD
CXW,"CoreCivic, Inc.",32.24,USD,3188163847.3723984,USD,3.234069804674997,8.26057756883815,4.000000000000006,49.32839277443262,72.59100642398288,69.32773109243699,58.89600788565797,212.4031007751938,25.68719623934348,Commercial services,Miscellaneous commercial services,US21871N1019,0,0,98888500,United States,39051683.42033332,USD
FUL,H. B. Fuller Company,59.17,USD,3182601166.3312626,USD,-0.6548018804566833,5.2846975088967945,1.301147063858937,-3.4432114882506517,-10.062319501443994,-0.8545576407506669,4.154198204541453,-9.109062980030712,17.579773010874085,Process industries,Industrial specialties,US3596941068,1.61182001343183,46,53787400,United States,50322029.96033333,USD
ZIM,ZIM Integrated Shipping Services Ltd.,26.38,USD,3179308646.8781037,USD,-0.7524454477050387,6.45682001614204,9.143566404633832,0.2660585328772341,29.695181907571282,21.735117674203952,65.28822055137843,-38.292397660818715,32.479684806697854,Transportation,Marine shipping,IL0065100930,7.48683220466516,5,120520000,Israel,29209754.055666678,USD
DX,"Dynex Capital, Inc.",12.81,USD,3179018287.069261,USD,-0.3112840466926004,-0.6206361520558578,-3.3936651583710353,-3.756574004507889,-9.084457061745915,-7.509025270758117,1.9904458598726114,-25.996533795493928,4.8876340188484875,Finance,Real estate investment trusts,US26817Q8868,15.875486381323,18,248167000,United States,78438078.11366668,USD
ATKR,Atkore Inc.,93.66,USD,3163137276.9479074,USD,-0.021349274124690683,27.671755725190838,35.05407354001442,25.515947467166967,40.67287473715831,46.91764705882352,68.57451403887688,8.591304347826084,,Producer manufacturing,Electrical products,US0476491081,1.40905209222886,2,33772600,United States,76778585.91466665,USD
CVI,CVR Energy Inc.,31.37,USD,3153645046.6756406,USD,0.5448717948718003,-12.861111111111107,8.32182320441989,-2.939356435643562,33.03647158608992,24.880573248407643,18.78076486179478,137.65151515151518,45.68890183512963,Energy minerals,Oil refining/Marketing,US12662P1084,0.320512820512821,0,100531000,United States,33263866.86533333,USD
GRBK/PA,"Green Brick Partners, Inc. Depositary Shares (each representing a 1/1000th fractional interest in a share of 5.75% Series A Cumulative Perpetual Preferred Stock",22.85,USD,3149673443,USD,0.2192982456140382,-0.17474879860200587,0.4837291116974626,-1.2958963282937244,0.8830022075055314,-3.382663847780115,-5.7731958762886535,-6.810766721044039,3.441990781188805,Consumer durables,Homebuilding,US3927092003,0,0,43010700,United States,72853.74806333333,USD
BOH/PB,"Bank of Hawaii Corporation Depositary Shares, Each Representing a 1/40th Interest in a Share of 8.000% Fixed Rate Non-Cumulative Perpetual Preferred Stock, Seri",26.1,USD,3141829328,USD,-0.38167938931296896,-1.0989010989010957,-1.7319277108433635,-1.990236575291016,-1.620806633999245,-2.320359281437116,-0.6092916984006098,3.98406374501992,4.858797028873542,Finance,Regional banks,US0625403078,3.51582119537921,46,39450400,United States,380975.1191633333,USD
BOH/PA,"Bank of Hawaii Corporation Depositary Shares Each Representing a 1/40th Interest in a Share of 4.375% Fixed Rate Non-Cumulative Perpetual Preferred Stock, Serie",15.375,USD,3141829328,USD,0.0976562500000037,0.16286644951140297,-0.9342783505154612,-5.4428044280442895,-7.099697885196378,-6.6484517304189374,-6.987295825771331,-40.81986143187067,2.8622223876984942,Finance,Regional banks,US0625452075,3.51582119537921,46,39450400,United States,287246.2924066667,USD
ADX,Adams Diversified Equity Fund Inc.,25.89,USD,3138988190,USD,0.07730962504831686,4.479418886198545,1.1328124999999967,6.019656019656015,13.952464788732403,10.546541417591797,20.75559701492537,27.536945812807883,5.329792490118577,Miscellaneous,Investment trusts,US0062121043,7.22844994201778,21,121337000,United States,7864118.356999999,USD
DKL,"Delek Logistics Partners, L.P.",58.9,USD,3131607098.6044474,USD,3.134302223778671,-0.33840947546531785,10.693478669423037,16.610572163927937,15.061535456143782,32.06278026905829,31.180400890868597,45.79207920792079,20.449968752169987,Industrial services,Oil & gas pipelines,US24664T1034,7.86202066188058,13,53168200,United States,3992990.990333334,USD
CXT,"Crane NXT, Co.",54.35,USD,3127427529.3956466,USD,3.780790528928784,2.6827885887020626,4.821600771456123,22.025145936237095,1.2670020495621384,14.348832316431727,-5.015728766165672,58.69539363771917,22.48190279214064,Producer manufacturing,Industrial machinery,US2244411052,1.33664311628795,46,57542400,United States,49244519.077,USD
SA,"Seabridge Gold, Inc.",29.01,USD,3122141351.2976546,USD,-0.48027444253858326,11.576923076923084,6.850828729281779,-4.035726099900757,0.345901072293329,-4.257425742574254,75.39298669891174,65.67675613934894,,Non-energy minerals,Precious metals,CA8119271028,0,0,107623000,Canada,14194873.133666662,USD
BOH,Bank of Hawaii Corporation,79.02,USD,3117370084.110497,USD,-0.7785032646911157,-1.459034792368128,-5.557547508067414,-1.3606291349394626,1.2817226352217381,16.018205843488467,25.130641330166267,-6.76106194690266,14.71042686672748,Finance,Regional banks,US0625401098,3.51582119537921,46,39450400,United States,38092076.36600002,USD
CALY,Callaway Golf Company,17.38,USD,3102512820.1381474,USD,-9.05285190999477,-6.1048082117774305,-4.136789851075566,8.829054477144636,15.481727574750819,47.663551401869164,90.5701754385965,-47.06061529089248,,Consumer durables,Recreational products,US1311931042,0,0,178511000,United States,39075914.95066669,USD
AD,"Array Digital Infrastructure, Inc.",35.65,USD,3081695746.2968745,USD,1.2784090909090786,2.2662076878944326,0.5641748942171952,-28.341708542713572,-26.64609053497943,-33.993704869468615,-50.773267053300195,16.923581502131846,6.867126401356089,Communications,Wireless telecommunications,US9116841084,0,0,53437100,United States,10005789.981666671,USD
BANC/PF,"Banc of California, Inc. Depositary Shares, each representing a 1/40th interest in a share of 7.75% non-cumulative perpetual preferred stock, Series F",25.28,USD,3076494432,USD,0.03957261574990725,0.3572846367606187,0.3174603174603248,-1.4040561622464875,-0.4332414336352872,0.5168986083499107,1.1604641856742806,-0.7849293563579249,,Finance,Regional banks,US05990K8412,2.27272727272727,23,158433000,United States,839522.5114762664,USD
GRBK,"Green Brick Partners, Inc.",71.44,USD,3072684292.8843374,USD,-2.444353407073612,-2.337662337662348,-7.377155451834563,8.390229100288273,-4.6194926568758445,14.012128949888288,8.687053095998772,178.9535337758688,10.761305094447623,Consumer durables,Homebuilding,US3927091013,0,0,43010700,United States,18668793.02333333,USD
MMS,"Maximus, Inc.",58.33,USD,3064679465.7417264,USD,-7.632620744259699,-5.49254698639015,2.2615708274894795,-12.496249624962493,-26.033477047933047,-33.146131805157594,-22.915290075327082,-31.174041297935105,8.736875215313871,Commercial services,Miscellaneous commercial services,US5779331041,1.99524940617577,21,52540400,United States,40854479.13733335,USD
TNET,"TriNet Group, Inc.",66.74,USD,3063682428.8164396,USD,-2.384086587684671,-2.3412350014632843,19.17857142857142,57.18323127649551,19.19985711734237,13.619339462036079,6.2569654513612365,-23.287356321839084,17.876945329869017,Commercial services,Miscellaneous commercial services,US8962881079,1.65277168348691,2,45904700,United States,25183516.188333333,USD
CWT,California Water Service Group,49.43,USD,3056706810.3892236,USD,-0.6232408524326544,-7.710978342046307,-1.1202240448089662,13.423588802202849,9.552304964539013,14.421296296296287,6.278219737690823,-24.62641049100335,22.258747241860675,Utilities,Water utilities,US1307881029,2.55327704061118,40,61839100,United States,27395475.16166667,USD
GRND,Grindr Inc.,17.15,USD,3048000720.5905504,USD,-3.543307086614187,1.2396694214875872,5.929586164298933,16.192411924119234,71.49999999999999,25.549048316251817,-3.921568627450996,71.32867132867132,34.47929232006433,Technology services,Internet software/Services,US39854F1012,0,0,177726000,United States,28405910.62233334,USD
KD,"Kyndryl Holdings, Inc.",13.99,USD,3047277483.5683455,USD,0.6474820143884882,1.523947750362851,10.768012668250194,11.474103585657366,-36.49568769859283,-47.837434750186425,-52.07262761219596,-72.02,39.001951491497074,Technology services,Data processing services,US50155Q1004,0,0,220517210,United States,56194815.25833334,USD
FBK,FB Financial Corporation,60.82,USD,3039670373.581026,USD,-1.5379634126598718,1.7737617135207535,6.814190375834215,12.58793039614957,-1.0896080663522552,9.113742375313954,25.92132505175984,56.83341928829293,16.248129942295364,Finance,Major banks,US30257X1046,1.29512708434515,8,49978100,United States,24715869.212666668,USD
DCO,Ducommun Incorporated,201.46,USD,3039136713.534008,USD,5.080325474650537,16.61939218523879,7.034321538625018,45.05003959968322,67.10351692103518,111.77336276674028,121.82338691918082,274.1827637444279,,Electronic technology,Aerospace & defense,US2641471097,0,0,15085600,United States,58945526.09433333,USD
EXG,Eaton Vance Tax-Managed Global Diversified Equity Income Fund,9.94,USD,3034885120,USD,0.20161290322580216,3.9748953974895294,1.4285714285714162,4.302203567681009,3.9748953974895294,4.302203567681009,13.729977116704797,-3.86847195357834,4.463804562601042,Miscellaneous,Investment trusts,US27829F1084,7.94758064516129,15,305936000,United States,4193083.274666668,USD
VGNT,Versigent PLC,42.82,USD,3033166013.114368,USD,-4.907839218298913,-1.0628465804066562,0.8241111372733728,7.587939698492471,42.733333333333334,42.733333333333334,42.733333333333334,42.733333333333334,,Producer manufacturing,Electrical products,JE00BWK75100,0,0,70835266,Switzerland,63792925.479333326,USD
DBRG,"DigitalBridge Group, Inc.",15.94,USD,3033066913.6595473,USD,0.1256281407035149,0.5678233438485796,1.0779961953075456,1.8530351437699626,3.238341968911917,4.183006535947705,51.09004739336491,-42.74425287356322,10.357374918778428,Finance,Investment managers,US25401T6038,0.251256281407035,4,187495000,United States,55579005.02666666,USD
DBRG/PH,"DigitalBridge Group, Inc. 7.125% Series H",15.065,USD,3029261309,USD,-0.6921555702043535,-1.2454932808915193,-2.807078664008621,-8.780449406906412,-21.208158995815907,-32.41363840287124,-32.13963963963964,-41.15234375000001,9.78882391163093,Finance,Investment managers,US25401T5048,0.251256281407035,4,187495000,United States,260170.66163000002,USD
DBRG/PI,"DigitalBridge Group, Inc. 7.15% Series I",15.09,USD,3029261309,USD,-0.5928853754940703,-1.3725490196078487,-2.582311168495806,-6.331471135940407,-21.621790077287464,-32.36216943074854,-32.468113671962406,-41.51162790697674,9.805068226120857,Finance,Investment managers,US25401T4058,0.251256281407035,4,187495000,United States,626746.8254833332,USD
DBRG/PJ,"DigitalBridge Group, Inc. 7.125% Series J",15.37,USD,3029261309,USD,-0.9664948453608271,0.3263707571801497,-1.3478818998716358,-5.3279950723745015,-18.591101694915256,-30.765765765765767,-31.199641897940918,-40.73188601395905,9.987004548408057,Finance,Investment managers,US25401T3068,0.251256281407035,4,187495000,United States,491174.11300000024,USD
BANC,"Banc of California, Inc.",19,USD,3019286890.909091,USD,-1.8595041322314023,1.6586409844836743,-8.389585342333648,-0.2624671916010536,-6.908378245957864,-1.6053858104608947,30.674002751031647,8.200455580865611,,Finance,Regional banks,US05990K1060,2.27272727272727,23,158433000,United States,74333577.18433332,USD
BSM,"Black Stone Minerals, L.P.",14.18,USD,3013240519.3786936,USD,-2.5429553264604876,-3.668478260869571,4.726735598227479,9.160892994611235,-4.832214765100675,7.018867924528299,10.954616588419409,31.906976744186046,11.842325037581427,Miscellaneous,Investment trusts,US09225M1018,8.24742268041237,11,212499000,United States,4734093.152333333,USD
CSAN,Cosan S.A.,2.97,USD,3005910048.3868003,USD,-2.3026315789473633,-4.807692307692305,-1.9801980198019675,-31.40877598152425,-31.249999999999996,-25.935162094763083,-30.93023255813953,-84.04940923737915,,Utilities,Gas distributors,US22113B1035,0,0,979737897.5,Brazil,3216189.238,USD
SHAK,"Shake Shack, Inc.",70.24,USD,3004974031.3262477,USD,-5.502488900847577,10.301507537688435,29.52240457311451,-0.5240050984279911,-24.81267394562193,-14.994554036064384,-38.380559698219145,-22.719771151941913,74.038157478655,Consumer services,Restaurants,US8190471016,0,0,40350700,United States,130092020.4193333,USD
AMBP,Ardagh Metal Packaging S.A.,5.02,USD,3000485709.8310413,USD,-1.3752455795677856,0.8032128514056053,6.131078224101461,26.448362720403008,3.5051546391752564,22.439024390243905,28.06122448979591,-56.08048993875766,96.72447013487475,Process industries,Containers/Packaging,LU2369833749,7.85854616895874,4,597706000,Luxembourg,14518765.654666666,USD
EROK,"EagleRock Land, LLC",23.1,USD,2994222068.126135,USD,4.809437386569884,9.843081312410842,10.367892976588637,0.4347826086956584,0.4347826086956584,0.4347826086956584,0.4347826086956584,0.4347826086956584,,Finance,Real estate development,US27005A1051,0,,24455688,United States,4216925.838,USD
TR,"Tootsie Roll Industries, Inc.",39.75,USD,2977165670.5384035,USD,-0.22590361445783985,2.0539152759948576,1.8969495001281775,-7.234539089848311,4.846327766074226,12.171208199046529,5.8766252719213385,35.01639291089863,29.941247363663756,Consumer non-durables,Food: specialty/candy,US8905161076,0.883882912648042,46,43072900,United States,10513558.180333333,USD
VTMX,"Corporacion Inmobiliaria Vesta, S.A.B de C.V.",33.69,USD,2973800540.49372,USD,0.26785714285713186,-3.050359712230222,-3.2730404823428096,-6.804979253112036,6.647673314339974,10.749506903353044,18.376669009135618,5.281249999999993,7.333797727371675,Finance,Real estate development,US92540K1097,2.10080654761905,3,88248700,Mexico,2533880.7396666654,USD
AEO,"American Eagle Outfitters, Inc.",17.72,USD,2969399422.91358,USD,-0.5611672278339025,1.2571428571428507,7.004830917874398,6.171360095865773,-25.452250736222133,-32.72589217919514,47.29842061512885,-47.88235294117647,10.955177743431221,Retail trade,Apparel/Footwear retail,US02553E1064,2.80583613916947,22,167573000,United States,75596639.07499999,USD
BHE,"Benchmark Electronics, Inc.",82.37,USD,2958724821.455983,USD,-2.0104687128241707,-3.851990194934046,-1.2586909614001405,-3.242100317161977,46.40952719516531,90.98075585439369,111.96603190941845,211.41776937618147,56.24445203141004,Electronic technology,Electronic production equipment,US08160H1014,0.808945990958839,8,35919900,United States,42846144.236666664,USD
CBZ,"CBIZ, Inc.",54.49,USD,2956838664.093796,USD,-0.5656934306569255,-1.375565610859725,51.78272980501394,74.59147709067607,41.42226836231508,6.947988223748771,-14.458398744113031,65.82471089470482,25.510299625468164,Commercial services,Miscellaneous commercial services,US1248051021,0,0,54263900,United States,79719320.13233335,USD
DHT,"DHT Holdings, Inc.",18.35,USD,2955114255.422496,USD,2.6860660324566332,-0.3259098316132467,7.9411764705882435,-3.8259958071278666,29.407616361071945,51.402640264026424,56.83760683760686,234.24408014571952,6.242558258207179,Transportation,Marine shipping,MHY2065G1219,8.22607722439843,20,161042000,Bermuda,57768181.409,USD
WHR/PA,"Whirlpool Corporation Depositary Shares, each representing a 1/20th interest in a share of 8.50% Series A Mandatory Convertible Preferred Stock",35.96,USD,2946359846,USD,-3.229278794402572,3.333333333333344,3.5714285714285774,-8.382165605095539,-28.792079207920793,-28.792079207920793,-28.792079207920793,-28.792079207920793,12.089020372487056,Consumer durables,Electronics/Appliances,US9633202059,5.97477317990706,46,65199400,United States,3104495.2903010002,USD
BCC,"Boise Cascade, L.L.C.",84.26,USD,2939945239.4332547,USD,-0.6367924528301794,8.540512688393674,12.167199148029818,15.78947368421054,-5.538116591928248,14.359391965255153,-1.6688061617458194,58.11596922499532,28.66278871993741,Distribution services,Wholesale distributors,US09739D1000,1.0377358490566,9,34891400,United States,35956047.35600001,USD
DAN,Dana Incorporated,27.32,USD,2938940835.2005706,USD,-2.498215560314059,-0.7988380537400104,5.768486256291142,-21.49425287356321,-10.806398955272606,13.833333333333334,64.28141912206857,15.91005515485787,,Producer manufacturing,Auto parts: OEM,US2358252052,1.57030692362598,14,107575000,United States,44368063.3,USD
WTTR,"Select Water Solutions, Inc.",20.7,USD,2909903596.374663,USD,-7.008086253369282,13.673805601317946,14.554510237963468,22.630331753554504,68.42961757526444,95.46742209631728,142.95774647887325,277.04918032786884,77.44107744107744,Energy minerals,Oil & gas production,US81617J3014,1.25786163522013,4,124354000,United States,42512037.306,USD
JPC,Nuveen Preferred & Income Opportunities Fund,7.73,USD,2904256980,USD,-0.12919896640826598,0.651041666666676,-1.7789072426937698,-3.615960099750613,-6.416464891041155,-5.153374233128833,-4.331683168316827,-23.084577114427862,8.920946335833815,Miscellaneous,Investment trusts,US67073B1061,9.89664082687339,9,375227000,United States,6604009.481666665,USD
BGSI,Boyd Group Services Inc.,104.24,USD,2900998258.755127,USD,0.29827768690463585,-3.3293146619679157,5.634373733279275,-13.342755008728913,-39.33185892212781,-34.58424850957013,-26.736013494517856,-46.816326530612244,158.37823122206822,Consumer services,Other consumer services,CA1033101082,0.427391603578802,19,27830000,Canada,4574917.354666667,USD
TTAM,Titan America SA,15.72,USD,2898177930.945794,USD,-2.0560747663551404,-3.6174126302881553,-14.518760195758563,-8.231173380035017,-11.982082866741315,-5.015105740181268,5.361930294906171,-2.962962962962955,16.36477201748907,Non-energy minerals,Construction materials,BE6360403164,0.996884735202492,1,184362470,Belgium,4671253.501333333,USD
UNFI,"United Natural Foods, Inc.",47.86,USD,2896446097.17461,USD,-0.39542143600415763,-4.926499801350822,2.5937834941050393,-5.190174326465923,19.65,42.4828818100625,78.5820895522388,40.39307714872395,,Distribution services,Food distributors,US9111631035,0,0,60519100,United States,28004493.729999993,USD
FSM,Fortuna Mining Corp.,9.56,USD,2896272485.659985,USD,-0.4166666666666578,11.421911421911426,11.16279069767443,-10.234741784037556,-4.875621890547265,-4.304304304304301,37.7521613832853,117.27272727272727,8.51969725487512,Non-energy minerals,Precious metals,CA3499421020,0,0,302957000,Canada,43876908.49500002,USD
SII,Sprott Inc.,112.31,USD,2896054779.719598,USD,-2.8796264268419214,6.183227758343582,-4.4576775840068015,-22.507417373904644,-4.942869234024548,13.708615976511094,67.85233896278585,211.53952843273237,28.24661815220086,Finance,Investment managers,CA8520662088,1.28145883515533,18,25786300,Canada,20739103.26766667,USD
BTE,Baytex Energy Corp,4.14,USD,2894688165.3125,USD,1.222493887530558,0.975609756097562,6.153846153846149,-14.63917525773196,21.05263157894736,30.188679245283005,90.78341013824884,158.74999999999997,,Energy minerals,Integrated oil,CA07317Q1054,1.5625,3,699200000,Canada,74538694.46366668,USD
PK,Park Hotels & Resorts Inc.,14.35,USD,2889542203.637885,USD,-3.94912985274431,-7.299741602067189,-0.2086230876217047,27.896613190730825,27.66903914590747,36.148007590132835,37.84822286263208,-22.516198704103672,,Finance,Real estate investment trusts,US7005171050,6.69344042838019,4,201362000,United States,74723010.99633333,USD
KWR,Quaker Houghton,167.31,USD,2879020480.7047133,USD,-2.1693369196585244,9.618030531350328,5.638338174011874,15.945945945945939,-2.157894736842104,21.203998840915684,33.463624760689214,-34.01301518438178,29.79538047833597,Process industries,Chemicals: specialty,US7473161070,1.18816512688574,46,17207700,United States,26064702.792000003,USD
BTU,Peabody Energy Corporation,23.52,USD,2864735976.273684,USD,3.1578947368421004,11.999999999999996,2.5730484081988654,-1.4249790444258168,-32.21902017291067,-21.6,36.34782608695652,96,,Energy minerals,Coal,US7045511000,1.31578947368421,3,121800000,United States,59660606.42066667,USD
AKR,Acadia Realty Trust,20.71,USD,2844160557.18753,USD,-3.6295951605397754,-8.281665190434001,-3.7192003719200404,-5.692167577413479,-2.080378250591006,1.2218963831867058,8.033385498174225,-4.6939714680165645,61.235955056179776,Finance,Real estate investment trusts,US0042391096,3.72266170311773,27,137333000,United States,33110642.867666673,USD
ABM,ABM Industries Incorporated,48.55,USD,2844103740.8144283,USD,-0.7766196607398377,-1.3612352702153632,8.201470915979497,19.25816752640628,2.6427061310782243,14.775413711583925,3.07855626326963,3.1004459545550938,18.70617245896586,Commercial services,Miscellaneous commercial services,US0009571003,2.31964030247292,46,58580900,United States,23310629.157000005,USD
XXI,"Twenty One Capital, Inc.",4.36,USD,2841196547.814978,USD,-3.9647577092510953,-1.3574660633484075,-23.37434094903339,-47.40651387213509,-29.903536977491953,-50.73446327683615,-83.86977432482426,-56.443556443556446,,Finance,Regional banks,US90138L1098,0,0,346807830,United States,7503863.357333334,USD
ATHM,Autohome Inc.,22.71,USD,2833127840.6001,USD,-1.174934725848562,0.798934753661783,21.249332621462898,16.700924974306268,8.920863309352514,0.35351303579320303,-18.01444043321299,-48.115147361206304,17.571959145775303,Technology services,Internet software/Services,US05278C1071,10.4003481288077,7,115759777,China,16962959.168999996,USD
WOR,"Worthington Enterprises, Inc.",57.89,USD,2832813280.603712,USD,-1.4134877384196156,3.0071174377224157,5.542388331814036,3.5969935576234753,-0.9919616897554272,12.495141857753595,-8.314855875831485,55.65656187861901,18.42632969411465,Producer manufacturing,Industrial machinery,US9818111026,1.29427792915531,47,48934400,United States,16182744.291666664,USD
RDW,Redwire Corporation,11.83,USD,2825303935.7453356,USD,10.354477611940291,46.049382716049394,6.5765765765765805,25.717321997874603,28.447339847991305,49.36868686868687,-17.904233171408745,18.063872255489027,,Electronic technology,Aerospace & defense,US75776W1036,0,0,238825000,United States,193669907.66033345,USD
DNOW,DNOW Inc.,15.39,USD,2809382838.265823,USD,8.227848101265822,16.23867069486405,20.32838154808445,16.767830045523528,-4.823747680890545,15.194610778443122,-5.2339901477832385,91.18012422360248,,Distribution services,Wholesale distributors,US67011P1003,0,0,182546000,United States,33563906.847333334,USD
WHR,Whirlpool Corporation,43,USD,2803573210.4005313,USD,-4.8462049125912765,13.217482885729341,11.370111370111372,-11.34020618556701,-49.79568009340339,-40.689655172413794,-49.411764705882355,-80.65502969228001,14.455725139514556,Consumer durables,Electronics/Appliances,US9633201069,5.97477317990706,46,65199400,United States,100848787.38133334,USD
GPOR,Gulfport Energy Corporation,158.45,USD,2802008432.13508,USD,1.4859412028437795,2.212617726744922,-4.306075612996753,-11.277227168374496,-23.84042297524634,-22.053325462416375,-8.240676395645135,126.7458500286205,6.337264877274236,Energy minerals,Oil & gas production,US4026355028,0,0,17683900,United States,77351727.90799999,USD
IHS,IHS Holding Limited,8.24,USD,2774169061.154034,USD,0.7334963325183435,-0.12121212121211863,-0.12121212121211863,-0.12121212121211863,3.7783375314861436,9.283819628647217,28.75,-53.314447592067985,14.973650735962202,Industrial services,Engineering & construction,KYG4701H1092,0,0,336671000,United Kingdom,9890654.31433333,USD
CUBI,"Customers Bancorp, Inc",82.05,USD,2771041728.8261604,USD,-0.8099613152804663,3.8607594936708827,5.057618437900132,4.856230031948878,8.259664863438436,12.166780587833205,29.78487820310028,105.74222668004009,9.998903228165101,Finance,Regional banks,US23204G1004,0,0,33772600,United States,26913759.28233333,USD
WLYB,"John Wiley & Sons, Inc.",54.28,USD,2762832105,USD,-0.8222181618856126,4.5857418111753425,1.8195460513974842,29.670329670329675,74.87113402061856,74.30956968529223,42.05705312745354,-5.567153792623514,12.843081582434223,Consumer services,Publishing: books/magazines,US9682233054,2.62067059690494,44,8759310,United States,137686.22319333334,USD
MPT,"Medical Properties Trust, Inc.",4.6,USD,2751259797.639484,USD,-1.28755364806868,-3.157894736842113,-0.5405405405405482,-14.018691588785048,-13.207547169811324,-8.548707753479135,9.52380952380951,-77.75628626692456,,Finance,Real estate investment trusts,US58463J3041,7.51072961373391,21,598100000,United States,25733496.695666686,USD
FCPT,"Four Corners Property Trust, Inc.",25.06,USD,2750495651.7562327,USD,-0.8310249307479258,-4.496951219512194,-0.5950019833399529,-1.9561815336463224,-2.071121531848383,8.673026886383349,-2.223956301209521,-14.236824093086927,22.71985494106981,Finance,Real estate investment trusts,US35086T1097,5.75583696082311,10,109756000,United States,21981749.072,USD
SPNT,SiriusPoint Ltd.,23.64,USD,2746141053.575604,USD,0.12706480304956008,-5.17448856799037,-4.484848484848483,3.7752414398595233,14.590402326708686,8.192219679633864,29.250956806998367,149.63041182682153,5.776138001808098,Finance,Property/Casualty insurance,BMG8192H1060,0,0,116165000,Bermuda,19464056.065,USD
PHIN,PHINIA Inc.,74.89,USD,2743826503.4259577,USD,-2.117370278394987,-3.8639281129653464,-5.046278686446056,-5.046278686446056,5.049796605414496,19.21362623368354,49.39158188709355,149.63333333333333,21.471372459072796,Producer manufacturing,Auto parts: OEM,US71880K1016,1.49000130701869,3,36638090,United States,31996181.533999994,USD
NAD,Nuveen Quality Municipal Income Fund,11.79,USD,2741735010,USD,0.5115089514066388,1.0282776349614329,-2.0764119601328903,-1.3389121338912147,-3.042763157894745,-2.2388059701492646,4.52127659574468,-27.801592161665642,14.958132453691954,Miscellaneous,Investment trusts,US67066V1017,7.38277919863598,18,233737000,United States,6799076.823666668,USD
IMAX,Imax Corporation,49.73,USD,2727298361.8101916,USD,-1.7776022121272086,3.0673575129533615,33.145917001338674,38.36950473010573,35.393411380343046,34.76964769647696,98.44373503591382,217.15561224489792,68.0953033000137,Consumer durables,Electronics/Appliances,CA45245E1097,0,0,54842100,Canada,67105954.682000004,USD
WLY,"John Wiley & Sons, Inc.",53.65,USD,2721739670.0927286,USD,-1.4873301505692291,-1.0147601476014838,2.132114981915091,32.40375123395852,84.1111873713109,75.21227955584584,41.2585571353344,-9.998322429122632,12.69401855006625,Consumer services,Publishing: books/magazines,US9682232064,2.6120088138083,44,42001000,United States,28621999.662666667,USD
HLIO,"Helios Technologies, Inc.",82.32,USD,2720376336.815633,USD,-0.08496176720476682,6.811989100817439,1.242159635961125,19.982509838215993,16.156342599125143,52.303422756706745,72.39790575916228,0.04861448711715124,44.96886266797771,Producer manufacturing,Industrial machinery,US42328H1095,0.509770603228547,29,33046400,United States,27523132.588333342,USD
UE,Urban Edge Properties,21.54,USD,2714470675.8811255,USD,-2.268602540834846,-6.143790849673203,-5.318681318681322,-2.268602540834846,2.376425855513308,12.77486910994763,8.078273958855993,10.859495625321665,25.225436233751022,Finance,Real estate investment trusts,US91704F1049,3.62976406533575,11,126020000,United States,21272297.20866666,USD
UA,"Under Armour, Inc.",6.27,USD,2704827674.0015125,USD,-5.143721633888059,-7.929515418502203,-6.973293768546004,-0.3179650238473841,0.9661835748792208,26.923076923076902,-1.2598425196850405,-70.57719380572502,,Consumer non-durables,Apparel/Footwear,US9043112062,0,0,203035000,United States,21995386.355000004,USD
UAA,"Under Armour, Inc.",6.4,USD,2699645865.0887575,USD,-5.32544378698224,-7.780979827089337,-7.246376811594202,-0.4665629860031005,-0.3115264797507722,24.15130940834142,-4.761904761904753,-74.21434327155521,,Consumer non-durables,Apparel/Footwear,US9043111072,0,0,188840000,United States,58070553.08666666,USD
SAH,"Sonic Automotive, Inc.",84.89,USD,2683780571.488077,USD,-2.2117267595899106,-19.27538988208444,-0.7134502923976601,5.061881188118816,40.12875536480687,37.09625322997416,16.431216568371973,60.83743842364532,13.532384307599113,Retail trade,Specialty stores,US83545G1022,1.7855085819606,16,19585400,United States,27730279.70133334,USD
ARX,Accelerant Holdings,12.29,USD,2681694522.331158,USD,0.24469820554648744,1.5702479338842934,-9.432571849668394,-8.624535315985131,3.6256323777403012,-24.693627450980397,-57.5621546961326,-56.87719298245614,,Finance,Property/Casualty insurance,KYG008941083,0,0,112799194,Cayman Islands,33867631.769,USD
SDRL,Seadrill Limited,42.94,USD,2674826007.4337344,USD,3.469879518072284,3.582197563623205,10.470800102907127,-10.186153524367295,12.32016740779493,24.35563278308716,44.09395973154361,29.337349397590344,,Industrial services,Contract drilling,BMG7997W1029,0,0,62530506,Bermuda,36564775.210333325,USD
HOG,"Harley-Davidson, Inc.",25.7,USD,2674663555.181367,USD,-1.8709431080565175,3.6290322580645102,1.3806706114398337,7.756813417190766,28.05181863477827,24.939231891103542,6.198347107438017,-35.101010101010104,15.895596239485403,Consumer durables,Motor vehicles,US4128221086,2.80641466208476,33,105268000,United States,76436237.94633335,USD
TNK,Teekay Tankers Ltd.,77.09,USD,2673489791.5675893,USD,3.5877452297769437,1.2876100381027513,12.671733411283254,-5.492215275223722,19.89113530326595,44.093457943925245,66.9337375487224,598.2789855072465,4.543231121928796,Transportation,Marine shipping,BMG8726X1065,1.3437248051599,3,,Bermuda,26453706.774666674,USD
NVG,Nuveen AMT-Free Municipal Credit Income Fund,12.39,USD,2663231140,USD,0.40518638573744503,-0.08064516129032086,-3.127443315089903,-2.59433962264151,-4.545454545454544,-2.2870662460567757,4.822335025380713,-29.88115449915111,13.834301027244306,Miscellaneous,Investment trusts,US67071L1061,7.68233387358185,10,215821000,United States,5872933.467999999,USD
NGVT,Ingevity Corporation,77.34,USD,2658788513.1362987,USD,0.2982751912851822,4.442943956785964,4.839365595770649,3.5341365461847394,8.623595505617978,29.05055898548307,55.95886267392619,-7.598566308243727,51.28987333377545,Process industries,Chemicals: major diversified,US45688C1071,0,0,34377900,United States,20508471.706666667,USD
BBT,Beacon Financial Corporation,31.6,USD,2655292048.2997484,USD,-0.5037783375314866,4.290429042904292,3.6065573770491848,9.38040844582901,0.9262216544235156,20.152091254752854,-41.62202106041012,-41.62202106041012,22.89025715320536,Finance,Regional banks,US0846801076,3.61303526448363,26,84028200,United States,25796980.748999998,USD
VVX,"V2X, Inc.",84.57,USD,2650877000.365281,USD,8.506543494996146,-0.3652214891611714,9.489901605385809,14.593495934959344,30.047670306012595,53.62397820163487,51.36925004474673,88.43582887700532,29.12892226087555,Commercial services,Miscellaneous commercial services,US92242T1016,0,0,31345400,United States,63447828.19799999,USD
UTF,"Cohen & Steers Infrastructure Fund, Inc",27.25,USD,2641733640,USD,-0.18315018315018575,-1.4822848879248016,-0.9090909090909091,0.22066936373666318,4.446147949405903,12.371134020618557,1.4897579143389146,-5.381944444444446,6.915190580114704,Miscellaneous,Investment trusts,US19248A1097,6.77454078908176,12,96766800,United States,7009842.531333337,USD
GDV,Gabelli Dividend & Income Trust,30.15,USD,2639129334,USD,-0.0994035785288308,1.4468371467025563,1.1405568601140552,3.3950617283950564,5.125523012552297,8.336327703916638,14.508165590581088,13.388491914253475,6.335098335854766,Miscellaneous,Investment trusts,US36242H1041,5.56660039761431,11,87446300,United States,2729233.531666666,USD
BKV,BKV Corporation,24,USD,2625278686.956522,USD,4.3478260869565215,3.448275862068969,-12.120102526547049,-17.298414886285318,-18.032786885245905,-11.242603550295854,16.84518013631938,29.380053908355787,7.264362249530843,Energy minerals,Integrated oil,US05603J1088,0,0,109386610,United States,23039173.077666674,USD
AAUC,Allied Gold Corporation,20.67,USD,2615744880.286909,USD,5.030487804878058,20.03484320557493,-13.405948889819854,-29.8132427843803,-34.31839847473784,-11.5154109589041,52.8846153846154,130.43478260869566,,Non-energy minerals,Precious metals,CA01921D2041,0,0,126547890,Canada,17056905.707,USD
EXK,Endeavour Silver Corporation,8.83,USD,2614955711.9633465,USD,-1.4508928571428656,15.123859191655804,5.119047619047615,-14.932562620423896,-17.93680297397769,-9.15637860082305,68.51145038167938,81.3141683778234,51.636943747894755,Non-energy minerals,Precious metals,CA29258Y1034,0,0,296144000,Canada,49976455.05866666,USD
DAC,Danaos Corporation,143.15,USD,2605840323.24412,USD,3.2679267061030157,3.178607467204841,14.382740711146623,7.510326699211415,42.62229749925276,51.96390658174097,53.33119108826051,98.87468741317032,4.845266261173898,Transportation,Marine shipping,MHY1968P1218,2.59702784590968,5,18203600,Greece,14553067.567000002,USD
SPXX,Nuveen S&P 500 Dynamic Overwrite Fund,18.89,USD,2601947200,USD,0.05296610169492354,3.506849315068496,1.8328840970350395,6.48252536640362,6.904357668364453,4.4800884955752345,6.242969628796397,4.364640883977896,8.450011183180496,Miscellaneous,Investment trusts,US6706EW1000,7.15042372881356,9,137815000,United States,5572268.340000001,USD
PAGS,PagSeguro Digital Ltd.,9.36,USD,2597556901.4808507,USD,-0.42553191489362685,-3.205791106515,3.539823008849561,-8.504398826979482,-13.172541743970315,-5.454545454545464,14.565483476132185,-83.28571428571429,6.945681211041852,Commercial services,Miscellaneous commercial services,KYG687071012,0.00425531914893617,1,157057000,Brazil,26489087.781666663,USD
IVT,InvenTrust Properties Corp.,33.3,USD,2596681906.2317104,USD,-0.5673335323977451,-7.061121964833942,-7.55136035535815,5.14682664982632,7.454017424975795,18.54752580989675,20.04325883201153,124.99999999999996,171.47270854788874,Finance,Real estate investment trusts,US46124J2015,2.91251119737235,7,77978400,United States,26552706.948000003,USD
KMT,Kennametal Inc.,33.85,USD,2579711814.6443214,USD,-0.9074941451990491,-1.7131242740998733,-0.059049306170640754,-19.4047619047619,-13.205128205128203,18.315274379587564,62.42802303262957,-8.51351351351351,7.690210600449826,Producer manufacturing,Industrial machinery,US4891701009,2.34192037470726,47,76210100,United States,40073703.377333336,USD
PBH,Prestige Consumer Healthcare Inc.,54.43,USD,2578466955.6413746,USD,2.736881842204611,6.537482873360728,8.146234849990067,0.5728011825572843,-17.103259214133413,-11.495934959349594,-26.21661922190592,-4.508771929824562,13.9160892797791,Health technology,Pharmaceuticals: major,US74112D1019,0,0,47372200,United States,29250613.728999995,USD
AVEX,AEVEX Corp.,21.49,USD,2573811348.48934,USD,9.086294416243652,46.19047619047618,9.141696292534267,-10.53288925895088,-29.30921052631579,-29.30921052631579,-29.30921052631579,-29.30921052631579,36.34364958565871,Electronic technology,Aerospace & defense,US00835T1079,0,0,56470333,United States,38278792.91200001,USD
MAN,ManpowerGroup,55.34,USD,2573716348.6269536,USD,1.746644603787466,2.5574499629355123,45.1731374606506,82.15931533903886,51.16088500409725,85.02173186225345,40.17223910840934,-53.049970306269614,24.95153072726453,Commercial services,Personnel services,US56418H1005,2.64754550468836,32,46507300,United States,77168159.89666668,USD
LCII,LCI Industries,105.81,USD,2569617182.80461,USD,-1.2690118503312489,-0.7969248078004822,1.2148459919647943,-9.679897567221515,-30.729950900163665,-13.142341159087172,10.184317400812247,-27.08792723263506,12.302200932460558,Producer manufacturing,Miscellaneous manufacturing,US50189K1034,4.2922459643557,10,24285200,United States,58580768.60699999,USD
DBD,Diebold Nixdorf Incorporated,74.56,USD,2531057870.8489504,USD,-4.55709165386585,-0.8246874168661938,-10.62095420762407,-6.14300100704934,6.514285714285718,8.624708624708628,27.562018819503848,210.66666666666666,24.39471273393535,Electronic technology,Electronic equipment/Instruments,US2536512021,0,0,33946587,United States,25923913.806333326,USD
EFXT,Enerflex Ltd,20.68,USD,2524344603.726651,USD,-5.957253296953155,-3.6346691519105363,-8.455068614431164,-28.61580945806006,21.006436512580457,33.16162266580812,150.97087378640776,230.9859154929577,31.256514481841442,Producer manufacturing,Industrial machinery,CA29269R1055,0.536934591604296,15,122067000,Canada,11666476.405333335,USD
CTOS,"Custom Truck One Source, Inc.",11.06,USD,2516211030.5439715,USD,0.2719854941069913,10.710710710710714,12.284263959390872,12.170385395537538,67.8300455235205,90.68965517241382,84.64106844741235,45.335085413929036,117.78487752928649,Finance,Finance/Rental/Leasing,US23204X1037,0,0,227506000,United States,13057087.909333335,USD
PBI/PB,Pitney Bowes Inc 6.70% Notes Due 2043,20.37,USD,2508751017,USD,0.3448275862068979,-0.924124513618666,0.8665511265164679,-2.999999999999995,0.7418397626112866,-0.7309941520467768,-3.413940256045514,-20.460757516595077,16.59470468431772,Technology services,Packaged software,US7244795065,1.9672131147541,46,137090000,United States,599029.9829999999,USD
TDC,Teradata Corporation,26.95,USD,2506349955.819672,USD,2.744948532215017,-12.043080939947783,-27.201512695840094,-9.25925925925926,-0.22213994816735383,-12.300683371298408,24.65309898242367,-48.8031914893617,5.675237433402826,Technology services,Packaged software,US88076W1036,0,0,94100000,United States,118863258.62533334,USD
AGM/PG,"Federal Agricultural Mortgage Corporation 4.875% Non-Cumulative Preferred Stock, Series G",17.65,USD,2504745662,USD,-0.2261164499717507,-1.1758118701007887,0.39817974971558756,0.11344299489506282,-2.8618602091359553,-1.2863534675615238,-3.762268266085067,-32.761904761904766,0.9839940681604048,Finance,Finance/Rental/Leasing,US3131488351,2.61250632057981,22,9322130,United States,141838.95919000005,USD
AGM/PD,"Federal Agricultural Mortgage Corporation 5.700% Non-Cumulative Preferred Stock, Series D",21.28,USD,2504745662,USD,-0.607192900513774,-0.09389671361502147,-0.1407789770060891,3.401360544217701,-0.5607476635513899,2.1113243761996223,-3.753957485300761,-20.980612771582724,1.1863679190058594,Finance,Finance/Rental/Leasing,US3131488682,2.61250632057981,22,9322130,United States,122274.88322333332,USD
AGM/PF,"Federal Agricultural Mortgage Corporation 5.250% Non-Cumulative Preferred Stock, Series F",18.85,USD,2504745662,USD,-0.36997885835095284,-0.05302226935311777,0.05307855626327794,-1.1536444677503872,-4.556962025316449,-2.432712215320905,-3.6791006642820587,-30.647534952170705,1.0508945147208857,Finance,Finance/Rental/Leasing,US3131488435,2.61250632057981,22,9322130,United States,200490.21865666666,USD
AGM/PI,"Federal Agricultural Mortgage Corporation 6.875% Non-Cumulative Preferred Stock, Series I",24.03,USD,2504745662,USD,-0.24906600249065472,0.12500000000000475,0.7547169811320742,-3.1048387096774177,-3.1048387096774177,-3.1048387096774177,-3.1048387096774177,-3.1048387096774177,1.3396814423736279,Finance,Finance/Rental/Leasing,US3131488195,2.61250632057981,22,9322130,United States,357196.6850000001,USD
AGM/PH,"Federal Agricultural Mortgage Corporation 6.500% Non-Cumulative Preferred Stock, Series H",23.4,USD,2504745662,USD,0.07398632322186387,-0.04271678769757182,-0.6369426751592447,-3.743315508021391,-6.250000000000009,-6.099518459069033,-5.64516129032259,-5.64516129032259,1.3045587079293752,Finance,Finance/Rental/Leasing,US3131488278,2.61250632057981,22,9322130,United States,132023.07337333335,USD
AGM/PE,"Federal Agricultural Mortgage Corporation 5.750% Non-Cumulative Preferred Stock, Series E",20.8106,USD,2504745662,USD,-0.42775119617223784,-1.1842355175688408,1.0223300970873759,-1.3247984826932147,-4.800548947849948,-0.9490718705378424,-5.014331878845406,-23.630825688073394,1.1601986943262845,Finance,Finance/Rental/Leasing,US3131488500,2.61250632057981,22,9322130,United States,91386.07311999997,USD
AGM,Federal Agricultural Mortgage Corporation,236.92,USD,2500523943.3719873,USD,-0.16854879487611904,11.43932267168391,18.548911683762817,29.104680943817776,37.74418604651162,34.69016486640135,37.011334721258386,141.41023028326876,13.208378165924255,Finance,Finance/Rental/Leasing,US3131483063,2.61250632057981,22,9322130,United States,28787039.97699999,USD
GRDN,"Guardian Pharmacy Services, Inc.",39.47,USD,2499265437.6239505,USD,-2.5432098765432127,-4.268736357021582,-4.0826245443499385,8.196271929824569,19.606060606060602,31.216755319148938,88.40095465393794,172.95988934993085,47.25248413743565,Retail trade,Drugstore chains,US40145W1018,0,0,49781180,United States,15293026.915000001,USD
PTY,Pimco Corporate & Income Opportunity Fund,11.83,USD,2495027198.4,USD,0.5097706032285514,1.7196904557179646,-2.4732069249793955,-4.1329011345218785,-9.348659003831422,-8.789514263685431,-15.860597439544811,-44.224422442244226,8.762962962962963,Miscellaneous,Investment trusts,US72201B1017,12.1121495327103,6,211981920,United States,12937443.234666672,USD
AGM.A,Federal Agricultural Mortgage Corporation,166.03,USD,2468029212.2365575,USD,-2.9007544300836354,7.6439315352697035,11.429530201342281,22.730542038333795,26.54725609756099,24.68458996695705,30.804380367131486,74.76842105263158,9.256234285363854,Finance,Finance/Rental/Leasing,US3131481083,3.67952522255193,22,1030780,United States,230673.79146666665,USD
TRN,"Trinity Industries, Inc.",30.97,USD,2467363942.721812,USD,-4.590264941466426,-13.005617977528095,-12.365591397849474,-15.819516172873064,2.278731836195501,17.04459561602418,16.86792452830188,10.805008944543827,7.4603136366921206,Producer manufacturing,Trucks/Construction/Farm machinery,US8965221091,3.78927911275416,25,79669500,United States,28859481.242999997,USD
PBI,Pitney Bowes Inc.,17.95,USD,2460769440.172131,USD,-1.9125683060109366,-2.657266811279837,6.401896858328383,14.040660736975852,68.54460093896712,69.18001885014138,59.69750889679714,129.53964194373398,14.623217922606923,Technology services,Packaged software,US7244791007,1.9672131147541,46,137090000,United States,39901646.40600001,USD
LCLN,"Lincoln International, Inc.",23.41,USD,2460255571.5712905,USD,12.764932562620416,7.385321100917428,-0.9310198899703719,3.9982230119946625,3.9982230119946625,3.9982230119946625,3.9982230119946625,3.9982230119946625,,Finance,Investment banks/Brokers,US5337141015,0,0,34735820,United States,10088107.931999994,USD
ECO,Okeanis Eco Tankers Corp.,63.78,USD,2445884030.4279118,USD,5.212801055757183,7.845789651673995,20.158251695553886,11.620581029051452,63.496539348884916,94.15525114155251,148.55806703039752,624.7727272727273,11.267754928980285,Transportation,Marine shipping,MHY641771016,8.24810293632465,6,39044655,Greece,26560050.138333328,USD
NTB,Bank of N.T. Butterfield & Son Limited (The) Voting,62,USD,2438254609.2143555,USD,0.22631749110895663,1.0759700032605095,2.0408163265306154,10.516934046345808,16.60710927214594,24.89927477840451,35.63771603587836,85.1851851851852,10.9131873547842,Finance,Regional banks,BMG0772R2087,3.23310701584222,10,39326700,Bermuda,11398966.630666668,USD
INFQ,"Infleqtion, Inc.",11.11,USD,2424167467.867281,USD,2.3963133640552976,22.222222222222218,-8.747433264887073,-9.380097879282221,-1.7683465959328122,-29.993698802772528,9.458128078817726,6.01145038167938,,Electronic technology,Computer processing hardware,US45676K1034,0,0,218196880,United States,121232320.74399991,USD
HAWK,"HawkEye 360, Inc.",24.71,USD,2420590894.3000426,USD,5.014874628134295,29.168844746471525,25.431472081218285,-25.234493192133122,-26.893491124260347,-26.893491124260347,-26.893491124260347,-26.893491124260347,,Technology services,Data processing services,US4202011056,0,0,97959970,United States,22344790.037999995,USD
NZF,Nuveen Municipal Credit Income Fund,12.37,USD,2417523970,USD,0.48740861088544857,0.8972267536704684,-2.521670606776992,-2.3677979479084508,-2.444794952681392,-1.9809825673534074,3.6013400335008354,-28.66205305651673,13.533916849015316,Miscellaneous,Investment trusts,US67070X1019,7.7497969130788,10,196387000,United States,6955329.668333334,USD
C/PN,Citigroup Capital XIII 7.875% Fixed rate Floating Rate trust Preferred Securities (TruPS),26.25,USD,2396032800,USD,-1.5748031496063055,-4.441208591190385,-9.389023127373141,-10.714285714285712,-11.764705882352942,-13.165729407872975,-11.823983876385622,-5.541561712846344,,Finance,Finance/Rental/Leasing,US1730802014,,,,United States,8354668.21674,USD
COTY,Coty Inc.,2.72,USD,2394868627.222615,USD,-3.886925795052999,2.2556390977443628,20.353982300884976,8.800000000000008,2.2556390977443628,-13.099041533546318,-43.68530020703934,-68.22429906542055,,Consumer non-durables,Household/Personal care,US2220702037,0,0,880466000,United States,30276699.078666672,USD
ROG,Rogers Corporation,133.73,USD,2389532403.8360567,USD,1.172643365108173,10.102091223448046,-2.8548597995060345,-3.3323695243602818,29.395258829221092,44.55734515187545,87.1658502449265,-30.956683360008267,76.95804799447545,Process industries,Chemicals: specialty,US7751331015,0,0,17868300,United States,38613213.191666685,USD
KYN,"Kayne Anderson Energy Infrastructure Fund, Inc.",14.29,USD,2382985340,USD,1.4194464158977949,-0.13976240391335673,3.475742215785653,3.851744186046507,8.012093726379431,14.963797264682217,15.056360708534616,82.50319284802042,4.926566917189547,Miscellaneous,Investment trusts,US4866061066,6.99077359829666,21,169126000,United States,5224691.8270000005,USD
SIND,Sinda Ltd.,15.91,USD,2369572078.2,USD,7.937584803256445,28.721682847896446,32.583333333333336,32.583333333333336,32.583333333333336,32.583333333333336,32.583333333333336,32.583333333333336,,Non-energy minerals,Precious metals,KYG815691087,0,0,148936020,Mexico,,
RLX,RLX Technology Inc.,1.99,USD,2361166975,USD,2.5773195876288684,1.5306122448979607,0.5050505050505055,-7.441860465116276,-16.386554621848738,-14.957264957264952,-10.762331838565023,-57.204301075268816,18.408880666049953,Producer manufacturing,Industrial conglomerates,US74969N1037,5.97938144329897,3,908381353,China,3859168.7793333326,USD
CALX,"Calix, Inc",37.48,USD,2359890214.8813295,USD,-2.6746299662425375,4.111111111111103,-3.027166882276848,-14.740673339399464,-27.476780185758518,-29.786436867740733,-33.333333333333336,-17.608265552868772,49.87358616101131,Electronic technology,Telecommunications equipment,US13100M5094,0,0,62964000,United States,53536919.79999999,USD
BOBS,"Bob's Discount Furniture, Inc.",18.06,USD,2359132322.4223404,USD,-3.936170212765968,5.367561260210024,11.826625386996906,45.06024096385543,3.1999999999999926,6.235294117647051,6.235294117647051,6.235294117647051,,Retail trade,Specialty stores,US09681N1063,0,0,130627490,United States,19995281.61433333,USD
AERO,"Grupo Aeromexico, S.A.B. de C.V.",15.75,USD,2356340046,USD,-2.4767801857585052,4.304635761589406,-8.376963350785346,-5.006031363088048,-16.88654353562005,-29.277054333183656,-21.446384039900252,-21.446384039900252,10.646927600892313,Transportation,Airlines,US40054J1097,0,0,145903400,Mexico,4502954.0403333325,USD
BKE,"Buckle, Inc. (The)",45.72,USD,2355406773.019815,USD,0.6605019815059382,1.8036072144288628,7.652460560395574,-12.897694799009342,-10.755416747999215,-14.939534883720933,-9.303709581432251,7.02247191011236,10.495385886782056,Retail trade,Apparel/Footwear retail,US1184401065,3.08234258036107,23,51518100,United States,22408689.143000014,USD
ARR/PC,"ARMOUR Residential REIT, Inc. 7% Series C Cumulative Redeemable Preferred Stock (liquidation preference $25.00 per share)",20.98,USD,2354026929,USD,0.23889154323937273,0,0.4308281474389653,-0.047641734159113915,-0.047641734159113915,0.5270723526593168,-4.419134396355348,-20.650529500756434,5.630552051743109,Finance,Real estate investment trusts,US0423156068,17.3180998196031,16,141553000,United States,276118.9623633332,USD
TALO,"Talos Energy, Inc.",14.08,USD,2350315480.462623,USD,-0.7052186177715067,1.0768126346015818,5.310396409872856,-5.312710154673835,16.075845012366027,28.467153284671525,77.10691823899371,27.651858567543073,,Energy minerals,Oil & gas production,US87484T1088,0,0,166926000,United States,30608068.58666667,USD
MTX,Minerals Technologies Inc.,75.32,USD,2344618189.130626,USD,-2.2960176417174862,1.1278195488721658,1.1685695097380662,-3.596569819531553,4.611111111111102,23.31368696791093,30.221300138312568,-5.257861635220134,,Process industries,Chemicals: specialty,US6031581068,0.60967700090803,33,31128800,United States,21965594.12666666,USD
ARR,"ARMOUR Residential REIT, Inc.",16.55,USD,2342702686.407096,USD,-0.4810583283222989,0.18159806295400205,-3.5547785547785513,-5.858930602957893,-7.074677147669838,-6.49717514124293,1.3472137170851344,-68.47619047619048,4.441641394487534,Finance,Real estate investment trusts,US0423157058,17.3180998196031,16,141553000,United States,69236478.16733335,USD
VOYG,"Voyager Technologies, Inc.",38.31,USD,2338023202.7803054,USD,10.30809098761879,67.95265234546254,16.090909090909097,47.06333973128599,53.24000000000001,43.214953271028044,10.08620689655174,-45.075268817204304,,Technology services,Information technology services,US92892B1035,0,0,55270493,United States,52920753.21333339,USD
BXMT,"Blackstone Mortgage Trust, Inc.",13.84,USD,2332643276.0688667,USD,-0.7173601147776159,-12.571067593177514,-20.64220183486239,-27.954190525767835,-29.13466461853559,-27.803860198226406,-26.849894291754765,-57.907542579075425,160.37079953650058,Finance,Real estate investment trusts,US09257W1009,13.4863701578192,14,168544000,United States,35606592.62433333,USD
LU,Lufax Holding Ltd,1.49,USD,2328571026.92445,USD,-0.6666666666666672,-1.3245033112582794,6.428571428571434,-23.58974358974359,-43.98496240601504,-42.69230769230769,-47.349823321554766,-94.81197771587745,,Finance,Finance/Rental/Leasing,US54975P2011,0,0,838536470.5,China,803791.665666667,USD
ETY,Eaton Vance Tax-Managed Diversified Equity Income Fund,14.55,USD,2314352930,USD,0.13764624913972023,2.972399150743099,0.2756719503790553,-2.805611222444889,-2.0202020202020132,-5.335068314899146,-7.383831954169319,1.3231197771587833,5.2383352534562215,Miscellaneous,Investment trusts,US27828N1028,8.1927047487956,9,159281000,United States,3892019.049333333,USD
HCI,"HCI Group, Inc.",180.89,USD,2309026080.8479853,USD,1.35597019106852,-1.2878581173260648,-1.3309332896961905,18.476552266177613,11.950736477286775,-5.678381478777773,29.032027962051494,71.88331432915241,7.940981505138437,Finance,Property/Casualty insurance,US40416E1038,0.89650921723539,16,12764800,United States,32108195.268666677,USD
RAMP,"LiveRamp Holdings, Inc.",37.82,USD,2298938421.2936506,USD,0.052910052910061185,0.052910052910061185,0.29169981437284387,26.572958500669348,57.583333333333336,28.68322558693433,18.11367895065583,-12.270934817907676,15.624870894443296,Technology services,Packaged software,US53815P1084,0,0,60786300,United States,33853428.51666668,USD
AMC,"AMC Entertainment Holdings, Inc.",2.57,USD,2293993924.029962,USD,-3.745318352059929,-6.0329067641681915,50.29239766081871,67.97385620915031,80.98591549295774,63.69426751592355,-9.824561403508781,-98.5812956571365,,Consumer services,Movies/Entertainment,US00165C3025,0,0,892605000,United States,112265812.414,USD
CEPU,Central Puerto S.A.,13.82,USD,2288723160.776148,USD,-3.2890132960111886,-6.050305914343987,-6.241519674355495,-5.342465753424654,-12.086513994910943,-21.253561253561255,11.812297734627839,466.39344262295083,6.326680095220655,Utilities,Electric utilities,US1550382014,0,0,150011215.9,Argentina,3185381.219333334,USD
EROC,"ERock, Inc.",10.41,USD,2283954832.8,USD,-2.982292637465054,13.15217391304349,-27.10084033613445,-48.2089552238806,-48.2089552238806,-48.2089552238806,-48.2089552238806,-48.2089552238806,,Producer manufacturing,Electrical products,US2960131058,0,0,48174023,United States,19011866.088666666,USD
CC,Chemours Company (The),15.11,USD,2272207083.24743,USD,3.5640849897189826,-10.908018867924536,-16.148723640399556,-33.52397712274527,-11.997670355270833,26.443514644351467,14.296520423600596,-55.10992275698158,,Process industries,Chemicals: specialty,US1638511089,2.3989033584647,11,150378000,United States,51136692.37533333,USD
CTRI,"Centuri Holdings, Inc.",22.35,USD,2256524310.769231,USD,0.5398110661268601,-12.6953125,-17.80066200809121,-34.9912739965096,-21.578947368421048,-12.042502951593857,5.773781353525805,-5.8947368421052575,72.58850276063657,Utilities,Gas distributors,US1559231055,0,0,100963050,United States,53737131.26633333,USD
HTH,Hilltop Holdings Inc.,39.34,USD,2253647651.44545,USD,-1.1060834590246298,-1.0563380281690005,1.1831275720164631,3.3631108775617475,-1.7482517482517377,15.944591806660782,29.74934036939315,18.529677613739096,14.604989604989607,Finance,Regional banks,US4327481010,1.91050779286073,10,57286400,United States,10518066.059000002,USD
BFLY,"Butterfly Network, Inc.",8.3,USD,2251667037.767221,USD,-1.4251781472683993,16.573033707865175,1.9656019656019672,98.09069212410502,151.51515151515156,113.91752577319589,505.8394160583942,-21.327014218009477,,Health technology,Medical specialties,US1241551027,0,0,244858000,United States,66256243.26233335,USD
NMM,Navios Maritime Partners LP,79.03,USD,2246397587.6567526,USD,0.880776104161345,1.307524676323543,5.0791118202366805,8.692064365286766,33.926453143535,51.282542113323125,77.59550561797752,241.52981849611064,6.653084933536498,Transportation,Marine shipping,MHY622674098,0.268062292570845,8,28424600,Greece,8439393.389000002,USD
RVT,"Royce Small-Cap Trust, Inc.",18.56,USD,2235847320,USD,-0.6955591225254283,2.8254847645429253,1.365374112506827,-0.42918454935623307,5.996573386636191,14.993804213135057,21.625163826998683,-0.2150537634408747,8.513761467889907,Miscellaneous,Investment trusts,US7809101055,7.59764579989299,9,119628000,United States,6341657.868333335,USD
OFG,OFG Bancorp,52.89,USD,2235046415.635234,USD,-0.4517221908526293,0.2844141069397015,6.247488951386098,15.404756709578884,27.846265409717194,29.727740986019125,23.690364826941074,123.44740177439796,10.419827025749129,Finance,Major banks,PR67103X1020,2.44682853378506,32,42258400,Puerto Rico,17765479.494333334,USD
GRC,Gorman-Rupp Company (The),84.58,USD,2233778306.8289137,USD,-0.7509974184463748,4.67821782178218,0.6545281447102191,9.502848265147597,41.841355022639604,76.760710553814,96.51486988847584,136.6536094012311,35.736014872401554,Producer manufacturing,Industrial machinery,US3830821043,0.885942267073457,46,26410200,United States,18169762.473,USD
WU,Western Union Company (The),7.16,USD,2233053476.286502,USD,-1.3774104683195545,-12.254901960784313,-11.055900621118019,-21.318681318681314,-28.471528471528465,-23.422459893048124,-11.276332094175961,-67.87797218483625,5.774193548387097,Finance,Regional banks,US9598021098,12.9476584022039,20,311879000,United States,85188490.31533334,USD
GOF,Guggenheim Strategic Opportunities Fund,10.57,USD,2228571930,USD,0.5708848715509087,1.4395393474088325,-3.116406966086158,-8.006962576153176,-14.551333872271616,-18.69230769230769,-29.250334672021417,-51.82315405651777,11.472918701834365,Miscellaneous,Investment trusts,US40167F1012,20.7916270218839,13,212043000,United States,13987193.218666669,USD
MNR,Mach Natural Resources LP,13.32,USD,2221799052.06354,USD,0.7564296520423573,0,6.050955414012736,-0.29940119760478406,10.907577019150713,20.000000000000007,-11.14076050700467,-29.894736842105264,18.979766315189515,Energy minerals,Integrated oil,US55445L1008,13.767019667171,2,166801740,United States,3088106.341333332,USD
SSMR,Sunshine Silver Mining & Refining Company,15.43,USD,2217701592.3,USD,-4.280397022332514,13.958641063515515,7.004160887656031,2.866666666666665,2.866666666666665,2.866666666666665,2.866666666666665,2.866666666666665,,Non-energy minerals,Precious metals,US8678661054,0,0,143726610,United States,2019889.3103333337,USD
BHC,Bausch Health Companies Inc.,5.91,USD,2210284317.0545454,USD,-6.0413354531001575,18.91348088531188,21.35523613963039,3.684210526315789,2.249134948096884,-15.811965811965806,-0.6722689075630258,-77.16383307573416,,Health technology,Pharmaceuticals: other,CA0717341071,0,0,373990570,Canada,26556182.888,USD
MH,"McGraw Hill, Inc.",11.55,USD,2209239764.5886893,USD,-1.0282776349614329,2.849510240427429,6.451612903225817,-2.9411764705882324,-5.714285714285708,-30.04239854633556,-11.697247706422013,-32.05882352941176,62.297734627831716,Commercial services,Miscellaneous commercial services,US5809071039,0,0,191276170,United States,8107953.2870000005,USD
CDLR,Cadeler A/S,23.02,USD,2208769467.09424,USD,1.2758468983721916,2.8596961572832913,1.2313104661389673,-20.974939924476484,-2.663847780126846,21.413502109704634,8.278457196613349,39.346246973365616,6.597311781732725,Producer manufacturing,Trucks/Construction/Farm machinery,US12738K1097,0,0,96490752,Denmark,2148868.531333334,USD
NOG,"Northern Oil and Gas, Inc.",20.28,USD,2206142751.2594843,USD,2.57966616084978,-1.5055852355512322,14.770797962648553,-14.61052631578947,-17.894736842105257,-5.674418604651158,-21.789433089085996,18.388791593695284,,Energy minerals,Oil & gas production,US6655313079,9.10470409711684,5,108784000,United States,64322956.772333354,USD
XIFR,"XPLR Infrastructure, LP",11.41,USD,2202753337.684849,USD,-1.212121212121217,0.9734513274336233,-8.058017727639001,-1.4680483592400684,14.788732394366203,13.58885017421603,26.496674057649674,-85.88919119465743,17.06551002093928,Utilities,Alternative power generation,US65341B1061,0,0,94272800,United States,13302157.08066667,USD
NMZ,Nuveen Municipal High Income Opportunity Fund,10.24,USD,2188138880,USD,0.7874015748031503,0.5893909626719106,-3.1220435193945133,-0.09756097560975402,-3.030303030303033,-0.09756097560975402,1.688182720953326,-33.54964308890331,16.642288314643263,Miscellaneous,Investment trusts,US6706821039,7.73622047244095,11,215368000,United States,6499550.268999998,USD
CCU,"Compania Cervecerias Unidas, S.A.",11.95,USD,2186171112.43905,USD,2.2241231822070127,2.663230240549817,5.939716312056738,-2.3692810457516416,-16.95621959694233,-4.476418864908077,-1.2396694214876063,-43.23040380047507,19.554900998199965,Consumer non-durables,Beverages: alcoholic,US2044291043,1.93138579982891,34,184751500,Chile,2026114.3920000012,USD
HMN,Horace Mann Educators Corporation,54.12,USD,2185428974.416122,USD,3.8771593090211054,3.2627361190612496,0.8008940212330038,19.9468085106383,20.88452088452087,17.601043024771826,28.398576512455517,37.604881769641494,12.640724996496473,Finance,Property/Casualty insurance,US4403271046,2.72552783109405,34,40381200,United States,14205629.491666662,USD
PLGO,Pelagos Insurance Capital Limited,25.54,USD,2183587121.4504895,USD,-0.03913894324853841,-0.5838847800700745,3.150242326332785,22.084130019120447,30.43922369765067,29.776422764227643,62.77884002549395,94.9618320610687,6.825044760963095,Finance,Multi-line insurance,BMG3398L1182,2.34833659491194,2,85496760,Bermuda,9682915.698666671,USD
SHO/PH,"Sunstone Hotel Investors, Inc. 6.125% Series H Cumulative Redeemable Preferred Stock",22.27,USD,2175881971,USD,0.4057709648331824,0.4057709648331824,1.427823195864556,3.4370645610775585,7.845036319612597,10.906374501992039,4.799999999999998,-16.560509554140133,186.20401337792643,Finance,Real estate investment trusts,US8678928040,3.08219178082192,4,186291000,United States,153427.23592666668,USD
SHO/PI,"Sunstone Hotel Investors, Inc. 5.70% Series I Cumulative Redeemable Preferred Stock",21.5,USD,2175881971,USD,-0.09340105296908166,0.6083294337856762,-0.5550416281221138,6.965174129353226,13.09836927932666,13.157894736842104,7.178464606181461,-15.818324197337505,179.76588628762542,Finance,Real estate investment trusts,US8678928875,3.08219178082192,4,186291000,United States,124939.29489999994,USD
BHVN,Biohaven Ltd.,14.42,USD,2171089484.5810714,USD,5.796038151137191,6.814814814814815,-11.370620774431467,50.36496350364963,27.385159010600702,26.82497801231311,-5.442622950819672,140.33333333333334,,Health technology,Pharmaceuticals: major,VGG1110E1079,0,0,150560990,United States,39713305.59399999,USD
FCF,First,21.45,USD,2168627891.319188,USD,-1.0608856088560905,-1.6055045871559697,4.075691411935953,16.19718309859154,13.552143991529904,27.67857142857142,28.67426514697059,60.91522880720179,13.13372520205731,Finance,Regional banks,US3198291078,2.51383763837638,38,101102000,United States,17778855.506333336,USD
NGL,NGL ENERGY PARTNERS LP,17.35,USD,2165527849.8529415,USD,2.058823529411773,11.004478566858609,15.12939615129397,6.311274509803928,49.69801553062987,75.07568113017156,320.0968523002422,848.0874316939892,,Industrial services,Oil & gas pipelines,US62913M1071,0,0,124814000,United States,3106475.7796666645,USD
HE,"Hawaiian Electric Industries, Inc.",12.49,USD,2156218921.776013,USD,-0.794281175536137,-5.235204855842181,-7.754800590841942,-19.419354838709676,-26.529411764705884,0.8885298869143734,12.522522522522529,-71.64585698070374,17.027948193592366,Utilities,Electric utilities,US4198701009,0,0,172636000,United States,22107678.67833334,USD
PEB/PG,Pebblebrook Hotel Trust 6.375% Series G Cumulative Redeemable Preferred Shares of Beneficial Interest,20.05,USD,2154167543,USD,-1.4499877119685336,-2.195121951219509,-0.19910403185664086,-1.5950920245398739,0,5.3046218487395045,6.084656084656096,-24.878231547396027,,Finance,Real estate investment trusts,US70509V8037,0.209533787323206,16,112843000,United States,192807.8553266666,USD
PEB/PF,Pebblebrook Hotel Trust 6.3% Series F Cumulative Redeemable Preferred Shares of Beneficial Interest,20.05,USD,2154167543,USD,-1.231527093596059,-0.8897676717745908,1.0075566750629685,-0.4962779156327438,1.109430156328807,5.359957961114028,4.699738903394267,-20.688291139240505,,Finance,Real estate investment trusts,US70509V7047,0.209533787323206,16,112843000,United States,109831.7918066667,USD
PEB/PE,Pebblebrook Hotel Trust 6.375% Series E Cumulative Redeemable Preferred Shares of Beneficial Interest,19.85,USD,2154167543,USD,-0.7003501750875288,-1.0961634280019874,0.5063291139240579,-0.7996001999000506,-0.5511022044088147,4.501184522242697,4.638903531892476,-21.57250098775187,,Finance,Real estate investment trusts,US70509V6056,0.209533787323206,16,112843000,United States,128537.15619000001,USD
PEB/PH,Pebblebrook Hotel Trust 5.700% Series H Cumulative Redeemable Preferred Shares of Beneficial Interest,18.15,USD,2154167543,USD,-0.87383943200437,-0.9014419795687846,0.8333333333333255,-2.8892455858748134,1.8518518518518423,3.1249999999999836,8.551982344603204,-28.03330689928628,,Finance,Real estate investment trusts,US70509V8862,0.209533787323206,16,112843000,United States,131980.0323166666,USD
MD,"Pediatrix Medical Group, Inc.",26.51,USD,2154024248.59446,USD,2.0007695267410663,-0.07538635506973076,-3.5999999999999943,15.0607638888889,26.418693371483084,23.820644558617474,103.76633358954652,-14.48387096774193,12.921622148566973,Health services,Medical/Nursing services,US58502B1061,0,0,81253300,United States,21668316.93933333,USD
INVX,"Innovex International, Inc.",30.7,USD,2147029992.900788,USD,0.8541392904073521,17.265087853323145,28.398159765788368,14.50951137635211,25.613747954173476,39.608913142337435,83.83233532934132,10.352264557872031,34.68534628855497,Industrial services,Oilfield services/Equipment,US4576511079,0,0,69935800,United States,11804800.821333336,USD
NTST,NetSTREIT Corp.,21.03,USD,2144503483.557447,USD,-0.5673758865248106,-3.884826325411325,-2.953391785879098,2.7859237536656902,7.4055158324821395,19.488636363636363,12.82188841201717,-21.383177570093455,149.4669509594883,Finance,Real estate investment trusts,US64119V3033,4.11347517730496,6,101528000,United States,51191816.61100001,USD
EVT,Eaton Vance Tax Advantaged Dividend Income Fund,28.74,USD,2137142076,USD,0.24415765608649015,3.047687343133732,4.7376093294460535,9.111617312072887,9.736540664375704,13.417521704814519,20.959595959595944,2.973844500179141,4.507457536738759,Miscellaneous,Investment trusts,US27828G1076,6.88943146145797,11,74542800,United States,2838131.6276666676,USD
NWN,Northwest Natural Holding Company,50.77,USD,2136419517.67349,USD,2.898256992298337,-0.4509803921568566,3.464438557163242,0.5346534653465408,3.7604741467402483,8.738487898907701,28.66193613786113,-5.894346617238183,16.877202313675955,Utilities,Gas distributors,US66765N1054,3.99270368869072,46,42080400,United States,12843520.037,USD
OLN,Olin Corporation,18.74,USD,2136031794.727564,USD,0.10683760683760457,-16.301920500223325,-5.44904137235117,-31.02686786897314,-20.76109936575053,-11.184834123222762,-1.987447698744783,-59.99146029035013,,Process industries,Industrial specialties,US6806652052,4.27350427350427,46,113982000,United States,74128469.46366669,USD
NUVB,Nuvation Bio Inc.,6.11,USD,2133623969.6530612,USD,-4.081632653061221,-5.855161787365175,7.570422535211278,26.76348547717842,4.982817869415808,-31.884057971014496,156.72268907563029,-28.870779976717106,,Health technology,Biotechnology,US67080N1019,0,0,348202000,United States,50306190.82033333,USD
LTC,"LTC Properties, Inc.",39.45,USD,2126574541.4914777,USD,1.885330578512407,-5.463695183321338,0.9984639016897096,1.806451612903233,4.475635593220352,15.014577259475237,11.409206438859098,7.84581738655004,14.458493677844972,Finance,Real estate investment trusts,US5021751020,5.88842975206612,24,51181500,United States,24075506.70766666,USD
NGL/PB,NGL ENERGY PARTNERS LP 9.00%,25.75,USD,2121842850,USD,0.18324780472242572,1.2981904012588446,1.020007846214208,2.020602218700482,5.2739165985282055,7.246980424822983,20.665417057169634,96.56638600294659,,Industrial services,Oil & gas pipelines,US62913M2061,0,0,124814000,United States,1707689.169286667,USD
NGL/PC,NGL ENERGY PARTNERS LP 9.625%,25.86,USD,2121842850,USD,0.38819875776396684,2.6190476190476195,1.5710919088766637,2.537668517049963,3.110047846889957,5.940188447357638,19.666820916242482,94.87565938206481,,Industrial services,Oil & gas pipelines,US62913M3051,0,0,124814000,United States,73279.6023033333,USD
SHO,"Sunstone Hotel Investors, Inc.",11.29,USD,2103228377.7902396,USD,-3.339041095890416,-4.322033898305098,0.8936550491510246,8.871745419479268,24.065934065934062,26.145251396648046,32.823529411764696,-2.335640138408316,94.39799331103679,Finance,Real estate investment trusts,US8678921011,3.08219178082192,4,186291000,United States,33689918.613,USD
PRLB,"Proto Labs, Inc.",87.91,USD,2102973819.1881294,USD,-2.657513010740788,20.805276899821354,14.109553478712344,28.317034009633616,52.62152777777777,72.0015652514185,99.25203989120581,8.130381303813039,70.03106827053293,Process industries,Chemicals: specialty,US7437131094,0,0,23921900,United States,18473273.093,USD
GENI,Genius Sports Limited,7.83,USD,2094823910.484994,USD,-6.002400960384153,10.281690140845077,18.36734693877551,64.15094339622644,23.892405063291132,-29.459459459459456,-37.10843373493976,-54.844290657439444,,Technology services,Internet software/Services,GG00BMF1JR16,0,0,257538000,United Kingdom,45271737.97433332,USD
KSS,Kohl's Corporation,18.45,USD,2092229871.4318414,USD,-6.154628687690747,-2.018056293149225,10.346889952153115,26.89133425034388,3.245663122551753,-10.912602607436028,61.84210526315788,-64.85044770432464,7.834062247887562,Retail trade,Department stores,US5002551043,0,15,113400000,United States,68544151.30899999,USD
STC,Stewart Information Services Corporation,68.42,USD,2088328955.154818,USD,0.4994124559342001,-2.729599090133639,-0.02922267679718881,-2.2152351007574635,-3.9179890464822247,-2.3547880690737713,0.5880623346074768,15.613382899628256,15.008664750915832,Finance,Specialty insurance,US8603721015,3.08460634547591,23,30522200,United States,19328072.70633333,USD
PRKS,United Parks & Resorts Inc.,44.26,USD,2086218556.070343,USD,-3.907946157186288,-4.282006920415233,-5.265410958904112,11.654894046417754,25.205091937765193,22.80799112097669,-4.837669318426145,-15.630956919557763,17.414227258419892,Consumer services,Movies/Entertainment,US81282V1008,0,0,47135500,United States,33299441.784333337,USD
PEB,Pebblebrook Hotel Trust,18.45,USD,2081948201.5898376,USD,-3.3525405971712967,-5.384615384615389,-1.019313304721037,26.804123711340196,53.87823185988323,62.12653778558874,88.07339449541283,-16.326530612244902,,Finance,Real estate investment trusts,US70509V1008,0.209533787323206,16,112843000,United States,44936557.00433335,USD
TGLS,Tecnoglass Holdings Inc.,44.47,USD,2062925273.7262826,USD,-6.869109947643981,-1.8322295805739477,-0.2914798206278084,5.354181473584454,-13.127563977339323,-12.079873467773824,-43.220122574055154,119.60493827160494,13.773345309257596,Producer manufacturing,Building products,US87877F1030,1.2565445026178,5,46389100,United States,12596049.843666662,USD
GTY,Getty Realty Corporation,33.25,USD,2059262340.468377,USD,-0.8054892601432073,-3.957250144425181,-3.004667444574099,0.574712643678154,6.026785714285716,21.75027462467961,16.78960309097296,4.7904191616766445,20.31650983746792,Finance,Real estate investment trusts,US3742971092,5.74284009546539,26,61932700,United States,18341525.385666665,USD
BSTZ,BlackRock Science and Technology Term Trust,29.56,USD,2057513906.0000002,USD,-1.2362178416304743,8.636530687247326,0.8873720136518704,6.101938262742281,33.514001806684725,28.68959512407488,37.68048439683279,-28.49540396710209,6.46416934549192,Miscellaneous,Investment trusts,US09260K1016,8.22726361510191,7,68744200,United States,7624238.246666666,USD
DAO,"Youdao, Inc.",17.54,USD,2056201842.9999998,USD,1.7401392111368954,10.66246056782334,40.37615046018408,46.10578925447729,89.62162162162161,74.00793650793649,99.54493742889649,82.89885297184566,213.64190012180265,Technology services,Internet software/Services,US98741T1043,0,0,31280890,China,882891.9473333326,USD
SPB,"Spectrum Brands Holdings, Inc.",88.26,USD,2047128918.975572,USD,-2.4427987178070008,0.04534119247336914,5.67528735632185,10.935143288084467,17.257871662016754,48.68598382749327,62.30231702831924,10.325000000000006,16.96655132641292,Consumer durables,Electronics/Appliances,US84790A1051,2.07803691831546,8,23194300,United States,29330846.530666664,USD
SMA,"SmartStop Self Storage REIT, Inc.",34.46,USD,2044813384.5542097,USD,1.8020679468242227,-0.7488479262672754,4.550970873786408,2.5595238095238075,7.687500000000003,11.665586519766693,-2.7652370203160186,6.358024691358032,67.46280344557556,Finance,Real estate investment trusts,US83192D4025,4.72672968980798,1,55365295,United States,26396514.58466667,USD
UTZ,Utz Brands Inc,14.16,USD,2038504913.4560907,USD,0.2832861189801765,0.496806245564232,71.22128174123338,82.70967741935483,30.147058823529406,36.15384615384615,7.11043872919818,-35.98553345388789,,Consumer non-durables,Food: specialty/candy,US9180901012,1.77053824362606,6,88613200,United States,67107644.62266667,USD
BRSL,"Brightstar Lottery PLC Trading under the Legal Name to begin at the market open on July 21, 2025.",11.07,USD,2036785441.6274338,USD,-2.035398230088499,6.4423076923076925,-1.160714285714277,-12.697160883280754,-21.097647897362787,-28.626692456479688,-29.75888324873096,-41.889763779527556,12.317792366751975,Consumer services,Casinos/Gaming,GB00BVG7F061,7.78761061946903,14,183991000,United Kingdom,18912840.52466667,USD
BLX,"Bladex, Inc. Class E",57.79,USD,2027203093.6652558,USD,-2.1503555706061683,-0.3448870494912965,-0.3792449577659005,7.556300018611581,17.340101522842637,29.57399103139013,40.84815988301242,243.98809523809518,,Finance,Major banks,PAP169941328,4.4446325770403,22,28736600,Panama,11727211.864,USD
LOB/PA,"Live Oak Bancshares, Inc. Depositary Shares, Each Representing a 1/40th Interest in a Share of 8.375% Fixed Rate Series A Non-Cumulative Perpetual Preferred Sto",25.15,USD,2025371253,USD,-0.1191421763304255,-0.3565768621236128,-0.8671659440283894,-0.39603960396040166,-2.2541780023319156,-1.5655577299413,1.2479871175523298,1.2072434607645761,8.828588478955313,Finance,Regional banks,US53803X4025,0.274223034734918,11,46283600,United States,360955.7111633334,USD
MHD,"Blackrock MuniHoldings Fund, Inc.",11.6,USD,2023026000,USD,0.17271157167529858,0.34602076124566733,-3.2527105921601382,-2.2746419545071577,-2.2746419545071577,-1.1925042589437869,3.3868092691622014,-32.28254524226503,38.7441549766199,Miscellaneous,Investment trusts,US09253N1046,6.16580310880829,4,174700000,United States,4029155.8453333317,USD
ALG,"Alamo Group, Inc.",166.17,USD,2022449272.1743946,USD,-0.9595899392061115,5.284166508268374,-2.453771646609925,-0.2880288028802989,-18.25158655974813,-2.0512820512820618,-26.248280147352546,12.505077860528099,19.909182401993675,Producer manufacturing,Trucks/Construction/Farm machinery,US0113111076,0.786744546429849,33,12171000,United States,24416908.399,USD
ATS,ATS Corporation,20.53,USD,2014129199.0498729,USD,-26.547406082289797,-23.651915210115284,-27.19858156028368,-40.1980774832508,-30.64189189189189,-26.204169662113582,-32.82068062827224,-32.04237007613373,39.24244053160804,Producer manufacturing,Industrial machinery,CA00217Y1043,0,0,98106600,Canada,4671166.707666666,USD
ASAN,"Asana, Inc.",8.68,USD,2000825293.707207,USD,-2.252252252252264,6.633906633906623,14.210526315789474,26.53061224489795,1.1655011655011613,-36.964415395787945,-39.30069930069931,-88.78842676311032,,Technology services,Packaged software,US04342Y1047,0,0,160970000,United States,42656604.18666666,USD
ADIG,ADI Global Distribution Inc.,26.3,USD,1992256065.1641312,USD,5.284227381905525,21.03083294983893,21.03083294983893,21.03083294983893,21.03083294983893,21.03083294983893,21.03083294983893,21.03083294983893,,Distribution services,Wholesale distributors,US0010261032,0,0,75751180,United States,,
BXDC,Blackstone Digital Infrastructure Trust Inc.,19.79,USD,1991267891.2545,USD,-1.0500000000000043,-1.9811788013868357,-7.306791569086661,-1.0500000000000043,-1.0500000000000043,-1.0500000000000043,-1.0500000000000043,-1.0500000000000043,,Finance,Real estate investment trusts,US09264B1070,0,,100619900,United States,17602885.470999986,USD
ATEN,"A10 Networks, Inc.",27.6,USD,1987149472.4902725,USD,-10.505836575875481,-6.851164360445487,-23.96694214876032,2.108768035516094,41.82939362795478,55.0561797752809,44.502617801047116,103.99113082039914,47.17948717948718,Technology services,Information technology services,US0021211018,0.778210116731518,5,71998200,United States,45790392.22000001,USD
LOB,"Live Oak Bancshares, Inc.",42.51,USD,1967516726.8059871,USD,-2.856489945155393,-0.8859874096526056,1.795977011494253,12.728719172633246,4.447174447174435,24.008168028004658,34.44022770398481,-30.31147540983607,14.92259627198371,Finance,Regional banks,US53803X1054,0.274223034734918,11,46283600,United States,11243976.838999998,USD
CCS,"Century Communities, Inc.",68.91,USD,1959311103.215158,USD,-3.2842105263157944,-1.795639162035065,4.424912865585697,25.86301369863013,-0.620132679550053,16.146974549131972,12.249552044306883,-3.189098061253175,15.121790651744567,Consumer durables,Homebuilding,US1565043007,1.71228070175439,5,28432900,United States,20695288.546000004,USD
DRD,DRDGOLD Limited,22.48,USD,1959193596.9984,USD,-1.7052907739396612,9.391727493917273,3.11926605504587,-24.054054054054056,-30.251318647223076,-29.207998740355848,43.09357097390197,122.57425742574257,10.840003857652619,Non-energy minerals,Precious metals,US26152H3012,1.83841714035855,18,86524469.80000001,South Africa,6939561.295333332,USD
NSP,"Insperity, Inc.",51.26,USD,1957889526.763302,USD,0.27386541471048625,-7.755983444304485,13.507528786536762,58.45440494590416,26.8184067293419,32.42056316197365,1.104536489151864,-49.970720281085306,,Commercial services,Miscellaneous commercial services,US45778Q1076,4.69483568075117,21,38195300,United States,33817857.86599999,USD
AMR,"Alpha Metallurgical Resources, Inc.",152.12,USD,1934148599.881741,USD,4.106214070626882,8.765908765908758,-3.495527501110189,-14.983513105683786,-25.229786188252636,-24.566101358722598,21.394940547442342,424.91373360938576,,Energy minerals,Coal,US0207641061,0,0,12714600,United States,40183056.09866668,USD
DEI,"Douglas Emmett, Inc.",11.5,USD,1926080521.1864407,USD,-2.542372881355938,-6.73154906731549,-9.733124018838307,-4.564315352697101,9.942638623326951,4.8313582497721,-22.92225201072386,-64.85330073349634,,Finance,Real estate investment trusts,US25960P1093,6.4406779661017,20,167485000,United States,25990317.992333334,USD
GNL,"Global Net Lease, Inc.",9.07,USD,1922218294.6403716,USD,5.220417633410686,2.024746906636667,-0.11013215859030602,-1.1982570806100157,-5.026178010471209,5.465116279069775,32.21574344023323,-50.572207084468666,,Finance,Real estate investment trusts,US3793782018,8.81670533642692,11,211931000,United States,22923172.873666666,USD
UWMC,UWM Holdings Corporation,1.2,USD,1921305788.478261,USD,-34.78260869565218,-39.698492462311556,-44.44444444444445,-65.01457725947523,-77.18631178707224,-72.7891156462585,-72.6027397260274,-83.97863818424565,,Finance,Finance/Rental/Leasing,US91823B1098,21.7391304347826,5,339226000,United States,40092485.03566668,USD
NBHC,National Bank Holdings Corporation,42.85,USD,1919286757.1068454,USD,-0.9019426456984286,-0.0932618325950085,-4.2244076888690225,-0.11655011655010993,3.004807692307692,12.94148655772273,16.693899782135084,19.25967158363485,18.02161752954536,Finance,Regional banks,US6337071046,2.89084181313599,13,44790800,United States,20437125.844666664,USD
TIC,"TIC Solutions, Inc.",8.68,USD,1918649861.378973,USD,6.112469437652813,19.230769230769223,6.177370030581027,-12.763819095477384,-4.928806133625422,-14.734774066797643,-17.95841209829868,-3.555555555555559,,Commercial services,Miscellaneous commercial services,US00510N1028,0,0,121412510,United States,15986069.922999997,USD
EPAC,Enerpac Tool Group Corp.,37.46,USD,1915616272.2342443,USD,1.325398972139578,3.252480705622932,6.9674471730439675,5.491410870177423,-11.253257521914238,-2.827496757457838,-5.6185437137818015,48.06324110671937,21.173411711508024,Producer manufacturing,Industrial machinery,US2927651040,0.108195834460373,21,51137600,United States,22161690.713333342,USD
SNDA,"Sonida Senior Living, Inc.",40.36,USD,1910894989.9643486,USD,1.3306552849610875,-0.4440059200789337,-2.2286821705426396,9.94279487877962,23.5762400489896,26.798617656299093,65.00408830744071,66.5016501650165,,Health services,Medical/Nursing services,US1404752032,0,0,47346300,United States,24685910.425000004,USD
XPRO,Expro Ltd,16.99,USD,1908812050.1715684,USD,4.105392156862734,14.87491548343475,19.563687543983093,8.562300319488806,8.216560509554135,26.50781831720029,56.30174793008279,3.7240537240537206,94.54646633277684,Industrial services,Oilfield services/Equipment,KYG3314M1096,0,0,112349000,United States,18790417.671,USD
EVTC,"Evertec, Inc.",30.94,USD,1906533356.7556694,USD,-1.1817310763334317,-1.8712337456390733,5.922629236562822,32.222222222222236,12.468193384223918,6.067877956804934,-11.091954022988496,-32.46016153678236,20.19450427517786,Commercial services,Miscellaneous commercial services,PR30040P1032,0.638773554774832,13,61620300,Puerto Rico,13780404.526,USD
WKC,World Kinect Corporation,37.23,USD,1904374870.4875193,USD,-3.198127925117015,-6.831831831831842,11.433702484286144,38.60759493670885,35.52966872952311,58.83105802047779,50.06045949214026,8.542274052478135,,Distribution services,Wholesale distributors,US9814751064,2.15808632345294,23,51151600,United States,49765459.32700001,USD
NUV,"Nuveen Municipal Value Fund, Inc.",9.03,USD,1900988700,USD,-0.22099447513813644,-0.6600660066006655,-2.060737527114981,-2.060737527114981,-1.6339869281045791,-0.5506607929515497,4.756380510440837,-23.01790281329924,18.17632850241546,Miscellaneous,Investment trusts,US6709281009,4.30939226519337,10,210054000,United States,4587335.134333333,USD
LPG,Dorian LPG Ltd.,44.38,USD,1898695327.0601625,USD,3.089430894308956,-1.9226519337016519,17.781316348195336,10.950000000000006,49.78062774215324,80.40650406504065,43.85737439222042,263.7704918032788,5.888831389408597,Transportation,Marine shipping,MHY2106R1100,0,0,42782700,United States,28654389.492999993,USD
TY,Tri Continental Corporation,35.48,USD,1895109040,USD,-0.337078651685406,2.6026604973973355,2.0126509488211495,2.7214823393167276,7.678300455235186,8.170731707317074,9.001536098310293,3.803393797542414,7.4156129167102085,Miscellaneous,Investment trusts,US8954361031,3.09859550561798,8,53233400,United States,1208988.9603333331,USD
NEXA,Nexa Resources S.A.,14.3,USD,1893872203.9145906,USD,1.779359430604982,14.308553157474028,10.084680523479603,0,17.405582922824312,58.8888888888889,193.63449691991786,70.23809523809524,9.014688268297295,Non-energy minerals,Other metals/Minerals,LU1701428291,0.94046975088968,1,132439000,Luxembourg,8794503.937,USD
FLOC,Flowco Holdings Inc.,20.95,USD,1892736392.8861003,USD,1.1100386100386122,7.161125319693087,10.84656084656085,-14.872003250711094,-3.411710465652383,12.212104981253335,22.514619883040922,-27.758620689655178,33.80122620200064,Industrial services,Oilfield services/Equipment,US3429091081,1.59266409266409,1,41824160,United States,13918895.984666668,USD
CTS,CTS Corporation,66.26,USD,1892133526.2425876,USD,-0.7786762503743576,4.412228175228497,10.516220498707376,9.883913764510794,20.780167699598987,53.80687093779018,71.48033126293997,85.49832026875701,27.69487983281087,Electronic technology,Electronic production equipment,US1265011056,0.239592692422881,46,28556200,United States,18246882.353333335,USD
WS,"Worthington Steel, Inc.",37.04,USD,1887119224.625886,USD,-2.7566290364925288,2.2639425731639986,13.969230769230766,-9.30460333006857,-19.93082576740164,6.010303377218093,21.842105263157897,48.16,264.19400855920117,Non-energy minerals,Steel,US9821041012,1.68023103176687,3,50948147,United States,11106923.597666668,USD
WMK,"Weis Markets, Inc.",76.24,USD,1886528273.3651218,USD,2.116260380391104,-1.0641058915131163,-6.269977870666349,7.8664402942840805,2.116260380391104,18.994849383486816,9.038901601830654,40.147058823529406,19.579342047818383,Retail trade,Food retail,US9488491047,1.82159121350121,46,24744600,United States,13447448.114666669,USD
SAM,"Boston Beer Company, Inc. (The)",183.05,USD,1883892046.5853133,USD,-0.9416093944477412,-0.2941336674110747,0.08201202843083963,-9.680761829575161,-22.851603658279597,-6.444853316978425,-15.183949587619304,-72.14190052961587,,Consumer non-durables,Beverages: alcoholic,US1005571070,0,0,8223680,United States,63004953.07666669,USD
RLJ/PA,RLJ Lodging Trust $1.95 Series A Cumulative Convertible Preferred Shares,25.03,USD,1881271937,USD,-0.11971268954508216,-0.753370340999198,0.28044871794871906,-0.792707094728495,-2.150117279124305,0.12000000000000455,2.33033524121014,-11.990154711673698,,Finance,Real estate investment trusts,US74965L2007,4.87012987012987,15,151930000,United States,653649.7146633331,USD
FIGS,"FIGS, Inc.",11.24,USD,1877611123.9670334,USD,2.9304029304029333,6.0377358490566095,10.62992125984252,-7.48971193415638,5.292740046838403,-1.3169446883230935,80.41733547351524,-71.9,51.347647327546824,Consumer non-durables,Apparel/Footwear,US30260D1037,0,0,158764000,United States,33718539.342,USD
TFIN/P,"Triumph Financial, Inc. Depositary Shares, Each Representing a 1/40th Interest in a Share of 7.125% Series C Fixed-Rate Non-Cumulative Perpetual Preferred Stock",22.3,USD,1866402297,USD,0.45045045045045684,0.45045045045045684,0.45045045045045684,1.1337868480725624,1.1796733212341268,4.059729351376579,-1.891341360938675,-19.928186714542193,15.118644067796609,Finance,Savings banks,US89679E4098,0,0,23894500,United States,45678.529566666664,USD
PDO,PIMCO Dynamic Income Opportunities Fund,13.07,USD,1860445221.7,USD,0.46118370484243276,0.5384615384615407,-1.3584905660377338,-2.023988005996998,-6.975088967971533,-6.106321839080458,-4.528853177501821,-39.518741323461356,7.278093328878494,Miscellaneous,Investment trusts,US69355M1071,11.7970791698693,5,143001170,United States,7146250.446333329,USD
GEL,"Genesis Energy, L.P.",15.18,USD,1859008350.835801,USD,2.1534320323014824,1.879194630872479,6.228131560531844,-7.042253521126753,-13.50427350427351,-3.065134099616861,-11.019929660023442,72.30419977298523,,Process industries,Chemicals: specialty,US3719271047,4.87886944818304,29,122424000,United States,2912235.1153333336,USD
NAC,Nuveen California Quality Municipal Income Fund,11.76,USD,1852474950,USD,-0.7594936708860748,-0.42337002540220753,-3.050288540807922,-2.0000000000000018,-0.8431703204047188,-1.093355761143825,4.719501335707919,-27.00186219739292,24.068767908309457,Miscellaneous,Investment trusts,US67066Y1055,7.44303797468355,2,156327000,United States,4484888.546333332,USD
MBC,"MasterBrand, Inc.",9,USD,1845143853.2822752,USD,-1.5317286652078836,4.408352668213467,-4.051172707889134,15.08951406649616,-32.48312078019505,-18.552036199095028,-22.41379310344827,-35.714285714285715,,Consumer durables,Home furnishings,US57638P1049,0,0,205015980,United States,19969701.49766666,USD
USA,Liberty All-Star Equity Fund,5.99,USD,1843149620,USD,0.16722408026755495,2.5684931506849376,2.393162393162403,3.454231433506048,0,-5.371248025276459,-7.561728395061731,-29.02843601895734,10.586779780841288,Miscellaneous,Investment trusts,US5301581048,11.2040133779264,8,308219000,United States,9665987.76566667,USD
ETG,Eaton Vance Tax-Advantaged Global Dividend Income Fund,24.1,USD,1841647447,USD,-0.12432656444259257,4.555314533622562,1.9889970376639967,6.02727672679279,4.873803307223677,3.700516351118774,17.503656752803508,14.109848484848486,3.747123577336899,Miscellaneous,Investment trusts,US27828S1015,6.43016991297141,18,76321900,United States,2031294.6106666664,USD
DCOM/P,"Dime Commercial Bancshares, Inc. Preferred Stock, Series A",17.7344,USD,1833823267,USD,0.27933276788239814,0.5921724333522509,-0.36853932584269594,-8.538421866941722,-7.149738219895291,-0.2564679415073133,-12.638423645320197,-31.843197540353568,6.438571013650886,Finance,Regional banks,US25432X2018,2.40789790512882,33,44156600,United States,222071.09928000002,USD
VSTS,Vestis Corporation,13.85,USD,1829655288.004307,USD,-0.5743000717875095,-9.62479608482871,0.8739985433357554,48.76476906552093,101.01596516690857,107.64617691154423,136.75213675213675,-31.604938271604937,,Consumer non-durables,Apparel/Footwear,US29430C1027,0,2,132105089.99999999,United States,19524051.07933333,USD
CYD,China Yuchai International Limited,48.73,USD,1828267762.08892,USD,-0.38838920686836637,5.934782608695644,6.746987951807226,12.177716390423571,-0.4087471898630755,35.210876803551606,107.80383795309167,229.4793779580798,24.537992849589607,Producer manufacturing,Auto parts: OEM,BMG210821051,1.778413736713,21,37518300,Singapore,6812532.868999994,USD
GNL/PE,"Global Net Lease, Inc. 7.375% Series E Cumulative Redeemable Perpetual Preferred Stock",22.97,USD,1826849140,USD,-0.35658201820216845,0.3933566433566428,0.9226713532513062,-0.6057983556901799,-1.8376068376068364,-2.9163144547759985,2.452709845183551,16.068721576553816,,Finance,Real estate investment trusts,US3793786076,8.81670533642692,11,211931000,United States,155712.54105666667,USD
GNL/PA,"Global Net Lease, Inc. 7.25% Series A Cumulative Redeemable Preferred Stock, $0.01 par value per share",22.84,USD,1826849140,USD,-0.08748906386701476,-0.47930283224400627,-0.3055434308162387,0.1754385964912243,-1.8056749785038766,-2.0583190394511166,0.2193944712593274,-12.657743785850856,,Finance,Real estate investment trusts,US3793783008,8.81670533642692,11,211931000,United States,162577.43374666673,USD
GNL/PB,"Global Net Lease, Inc. 6.875% Series B Cumulative Redeemable Perpetual Preferred Stock",21.8,USD,1826849140,USD,0.2298850574712676,-0.36563071297988253,1.3840315499665115,0.7161007161007213,-3.5398230088495604,-4.427882507672066,2.2514071294559117,-19.13946587537092,,Finance,Real estate investment trusts,US3793784097,8.81670533642692,11,211931000,United States,132119.83050000007,USD
GNL/PD,"Global Net Lease, Inc. 7.50% Series D Cumulative Redeemable Perpetual Preferred Stock",23.5701,USD,1826849140,USD,-0.44308342133052026,-0.631956155143334,-0.7992424242424305,0.17042073948150835,-4.535844471445934,-4.186585365853664,1.4640551011622884,17.8505,,Finance,Real estate investment trusts,US3793785086,8.81670533642692,11,211931000,United States,212432.8457133334,USD
RLJ,RLJ Lodging Trust,11.92,USD,1820191679.3051949,USD,-3.2467532467532494,-4.716227018385291,2.405498281786936,34.537246049661405,53.608247422680414,59.14552736982643,61.081081081081074,-18.80108991825613,,Finance,Real estate investment trusts,US74965L1017,4.87012987012987,15,151930000,United States,23514864.66733333,USD
XHR,"Xenia Hotels & Resorts, Inc.",19.73,USD,1820010229.9501467,USD,-3.5679374389051826,-5.371702637889693,-2.519762845849793,17.02253855278767,28.116883116883116,39.336158192090394,54.745098039215684,12.549914432401593,,Finance,Real estate investment trusts,US9840171030,2.73704789833822,4,92245800,United States,16168988.429666668,USD
DCOM,"Dime Commercial Bancshares, Inc.",41.09,USD,1814394366.5068626,USD,-1.0594750782566764,1.58220024721879,2.2648083623693473,10.78457805338366,13.79119357518694,36.33045786330459,47.32879168160632,21.030927835051546,14.917949462677898,Finance,Regional banks,US25432X1028,2.40789790512882,33,44156600,United States,15036992.304666664,USD
TFIN,"Triumph Financial, Inc.",75.78,USD,1810728025.4341314,USD,-2.982972730764305,-1.2767066180302291,-4.727181292431487,12.050865000739327,15.924736117485077,20.515267175572514,36.123585414047064,-4.221435793731046,51.376271186440675,Finance,Savings banks,US89679E3009,0,0,23894500,United States,24166819.322000008,USD
STEW,"SRH Total Return Fund, Inc.",18.75,USD,1804420465,USD,0.21378941742383295,1.84682237914177,1.6811279826464138,6.5340909090909,2.3471615720524,0.8606777837547076,7.081667618503703,36.76148796498905,10.387236164201429,Miscellaneous,Investment trusts,US1015071012,3.52752538749332,15,96441500,United States,1486725.5080000004,USD
CMRE,Costamare Inc.,14.91,USD,1797978365.5200815,USD,1.497617426820971,-2.0367936925098586,2.193283070596301,-15.139442231075696,-4.728434504792334,-5.989911727616642,36.164383561643845,76.91873077202054,5.652009097801365,Transportation,Marine shipping,MHY1771G1026,3.19945541184479,15,120589000,Monaco,5988863.871999999,USD
DV,"DoubleVerify Holdings, Inc.",11.71,USD,1797065602.296914,USD,-2.3352793994995777,4.181494661921714,-1.5966386554621808,9.031657355679707,23.784355179704015,1.9147084421235911,-26.35220125786163,-65.74019894675249,35.377643504531726,Technology services,Packaged software,US25862V1052,0,0,153464000,United States,33264872.06366666,USD
BY,"Byline Bancorp, Inc.",39.31,USD,1785037873.1343622,USD,-0.5313765182186256,0,4.910595142780901,17.906418716256745,17.238294065016404,35.318416523235804,50.32504780114725,58.892481810832685,11.855716741562867,Finance,Regional banks,US1244111092,1.11336032388664,7,45409300,United States,13122238.929333333,USD
TSLX,"Sixth Street Specialty Lending, Inc.",18.69,USD,1781963272.9546463,USD,3.3738938053097516,5.6529112492933855,8.347826086956529,4.0645879732739445,-9.183673469387742,-14.02943882244709,-21.700879765395893,-19.125919515361307,19.859738603761556,Miscellaneous,Investment trusts,US83012A1097,9.95575221238938,12,95343100,United States,10012377.911,USD
HUN,Huntsman Corporation,10.14,USD,1778339230,USD,0,-15.499999999999995,-4.429783223374165,-31.946308724832214,-24.38478747203579,-0.09852216748768262,6.178010471204186,-60.667183863460046,,Process industries,Chemicals: major diversified,US4470111075,5.05424063116371,19,175379000,United States,59806517.706999965,USD
GAB,"Gabelli Equity Trust, Inc. (The)",5.66,USD,1776934870,USD,-0.8756567425569146,0.7117437722419935,-1.048951048951042,0.1769911504424741,-7.667210440456765,-7.967479674796751,-3.7414965986394515,-15.773809523809518,6.128194023386748,Miscellaneous,Investment trusts,US3623971013,10.3257443082312,13,311197000,United States,4989193.661999999,USD
DXC,DXC Technology Company,11.09,USD,1771945615.4532378,USD,-0.2697841726618648,-1.684397163120563,7.617661329451724,10.678642714570861,-21.95636875439832,-24.915368991198378,-16.616541353383464,-71.65857398415538,15.710440572319026,Technology services,Data processing services,US23355L1061,0,0,159779000,United States,52336110.61933331,USD
CMRE/PB,Costamare Inc. Perpetual Preferred Stock Series B (Marshall Islands),25.91,USD,1771448839,USD,0.27089783281733854,-0.7279693486590086,-0.7279693486590086,0.23210831721469524,0.8563643441027593,0.5822981366459572,0.7779074290159443,0.6115911076594461,9.82183472327521,Transportation,Marine shipping,MHY1771G1109,3.19945541184479,15,120589000,Monaco,40703.03712666666,USD
CMRE/PD,Costamare Inc. 8.75% Series D Cumulative Redeemable Perpetual Preferred Stock,26.98,USD,1771448839,USD,-0.5528934758569797,-0.45639525230872346,-3.4704830053667224,0.48417132216014525,-3.435934144595565,-2.9758158770115997,1.086549269389281,3.252965939533109,10.227445034116755,Transportation,Marine shipping,MHY1771G1364,3.19945541184479,15,120589000,Monaco,141589.01633333333,USD
CMRE/PC,Costamare Inc. Perpetual Preferred Series C (Marshall Islands),26.6,USD,1771448839,USD,-0.783289817232366,0.3394945303658991,-2.2058823529411686,2.1113243761996188,-0.03757985719653518,0.03760812335465048,2.347056560215479,0.9104704097116919,10.083396512509477,Transportation,Marine shipping,MHY1771G1281,3.19945541184479,15,120589000,Monaco,79230.98591999998,USD
KMPR,Kemper Corporation,29.83,USD,1756218290.9894087,USD,1.9132217287324862,-1.6485328058028357,1.3936097892589958,0.674991562605465,-12.80327389652149,-26.291079812206572,-34.32408630559226,-53.34688770722553,,Finance,Property/Casualty insurance,US4884011002,4.37307823710284,36,58874200,United States,32580099.896333337,USD
VIA,"Via Transportation, Inc.",21.56,USD,1752738945.8951309,USD,0.936329588014978,5.376344086021494,10.394265232974899,19.313779745434413,6.050172159370391,-24.56263121063681,-51,-51,,Technology services,Packaged software,US92556W1045,0,0,77449690,United States,20332286.489666674,USD
RVLV,"Revolve Group, Inc.",24.63,USD,1750833898.494071,USD,-2.6482213438735243,-3.600782778864977,8.502202643171804,21.03194103194102,-6.314187904146063,-18.71287128712872,11.95454545454545,-61.67729889528552,24.449076831447286,Retail trade,Internet retail,US76156B1070,0,0,41061500,United States,21655114.301000006,USD
SFL,SFL Corporation Ltd,12.07,USD,1747228069.5888798,USD,1.68491996630161,-0.3303055326176643,9.033423667570009,0.835421888053464,36.53846153846155,53.7579617834395,27.455121436114037,75.18142235123369,52.455454150369405,Transportation,Marine shipping,BMG7738W1064,6.90817186183656,22,144758000,Bermuda,17369178.523666672,USD
ETV,Eaton Vance Corporation Eaton Vance Tax-Managed Buy-Write Opportunities Fund,14.97,USD,1744319700,USD,0.20080321285141323,4.612159329140462,-0.39920159680637873,2.114597544338339,3.670360110803332,3.7422037422037486,8.478260869565217,-10.359281437125741,7.891823501502452,Miscellaneous,Investment trusts,US27828Y1082,7.97590361445783,18,116755000,United States,2277700.6286666677,USD
AIN,Albany International Corporation,61.27,USD,1740068014.8689532,USD,-0.8736450412554589,-18.02247792346801,-16.831817564816067,-0.8094544277157195,5.8935361216730096,19.621241702459987,0.49204526816467814,-19.656438499868873,,Process industries,Textiles,US0123481089,1.79582591813622,25,28400000,United States,20117100.730000004,USD
ARCO,Arcos Dorados Holdings Inc.,8.34,USD,1737672319.6292796,USD,-1.5348288075560894,-0.5959475566150263,-0.35842293906809275,-7.641196013289031,-2.456140350877203,13.469387755102046,23.19054652880355,38.079470198675494,7.497977164434055,Consumer services,Restaurants,VGG0457F1071,3.06965761511216,4,128354000.00000001,Uruguay,10743048.824333334,USD
BDJ,Blackrock Enhanced Equity Dividend Trust,9.77,USD,1735830450,USD,-0.40774719673803184,1.243523316062168,1.1387163561076545,6.659388646288203,1.9832985386221242,2.950474183350889,11.5296803652968,-3.743842364532027,6.231662201811455,Miscellaneous,Investment trusts,US09251A1043,7.57186544342508,11,176945000,United States,4987506.767333333,USD
PRGO,Perrigo Company plc,12.54,USD,1735131862.354182,USD,-5.50113036925396,20.576923076923066,12.064343163538872,6.451612903225804,-12.43016759776537,-10.428571428571434,-43.65311166030106,-74.06947890818859,,Health technology,Pharmaceuticals: major,IE00BGH1M568,8.74152223059533,23,138368000,Ireland,41614249.85599999,USD
TRLV,Trulieve Cannabis Corp. Subordinate Voting Shares,9,USD,1730764337.2037916,USD,6.6350710900474,11.801242236024835,1.925254813137032,-5.163329820864069,29.310344827586206,5.757931844888369,73.74517374517374,-72.75822928490352,,Process industries,Agricultural commodities/Milling,CA89788C1041,0,0,169900760,United States,8548099.702666666,USD
PRG,"PROG Holdings, Inc.",43.44,USD,1730286145.9995635,USD,-5.25627044711015,0.06910850034554512,-0.9124087591241005,21.137757947573892,27.61457109283196,47.15447154471544,37.817258883248726,-3.9787798408488158,12.03991130820399,Finance,Finance/Rental/Leasing,US74319R1014,1.17775354416576,2,39831600,United States,28626772.26433334,USD
KMPB,Kemper Corporation 5.875% Fixed-Rate Reset Junior Subordinated Debentures due 2062,24.648,USD,1723248722,USD,-0.10942249240121994,-0.3315810756166629,2.828535669586987,3.345911949685527,4.6624203821656005,5.288338316958563,4.352243861134626,3.781052631578946,,Finance,Property/Casualty insurance,US4884013081,4.37307823710284,36,58874200,United States,310899.4716,USD
CPRI,Capri Holdings Limited,15,USD,1721941730.3370788,USD,-6.3670411985018704,-4.942965779467677,-21.25984251968504,-20.127795527156554,-24.242424242424246,-39.12337662337662,-27.184466019417478,-74.65788139888495,16.377333770062233,Retail trade,Apparel/Footwear retail,VGG1890L1076,0,0,114796000,United Kingdom,59669995.010999985,USD
TPB,"Turning Point Brands, Inc.",84.99,USD,1703957827.3553934,USD,1.5290885198900983,11.799526440410418,-2.1078092605390446,-8.435681965093728,-32.814229249011866,-22.02752293577982,0.22405660377358222,66.810598626104,28.94459013043626,Consumer non-durables,Tobacco,US90041L1052,0.370326125910883,9,20048900,United States,31552768.656333342,USD
INSP,"Inspire Medical Systems, Inc.",58.89,USD,1702532023.1962056,USD,-1.9970044932601145,17.147404018301167,17.85071042625576,29.971308761862716,-10.351651697366416,-36.35577650491732,-32.94238214529719,-72.59783165045832,12.789384528514965,Health technology,Medical specialties,US4577301090,0,0,28910400,United States,55338836.50833332,USD
MQY,"Blackrock MuniYield Quality Fund, Inc.",11.3,USD,1698377280,USD,0.0885739592559926,-0.1766784452296782,-2.9209621993127133,-2.249134948096884,-3.1705227077977653,-0.4405286343612241,1.5274034141958663,-31.927710843373497,36.79583197655487,Miscellaneous,Investment trusts,US09254F1003,6.16474756421612,4,150432000,United States,4246078.824666666,USD
KRP,Kimbell Royalty Partners,14.51,USD,1696174135.562327,USD,0.48476454293629007,-1.2925170068027179,-0.06887052341597649,0.13802622498274378,6.45634629493763,23.17487266553481,-2.68276324614353,33.73271889400922,35.94253158285856,Miscellaneous,Investment trusts,US49435R1023,10.4570637119114,9,98652300,United States,8866284.574666666,USD
BST,BlackRock Science and Technology Trust,48.31,USD,1690516800,USD,-0.7804477305401427,7.786702365015623,0.41571398877572824,8.318385650224217,24.38208032955715,18.61036091333171,23.84004101512434,-11.308977418762616,6.689282747161451,Miscellaneous,Investment trusts,US09258G1040,6.16142945163278,11,34720000,United States,4479560.804999999,USD
RQI,Cohen & Steers Quality Income Realty Fund Inc,12.56,USD,1690350750,USD,-0.07955449482895614,-1.95160031225605,2.6982829108748985,-6.268656716417909,0.6410256410256415,9.40766550522648,1.2903225806451624,-22.08436724565757,35.72241183162685,Miscellaneous,Investment trusts,US19247L1061,7.63723150357995,11,134475000,United States,10140317.19,USD
CBL,"CBL & Associates Properties, Inc.",54.31,USD,1680609723.737251,USD,-4.164460914063878,-8.67664368589204,2.297984554530041,21.173583221776,49.203296703296715,46.744123209943275,93.96428571428571,106.8952380952381,9.883350621462759,Finance,Real estate investment trusts,US1248308785,3.48508911240515,4,30944757,United States,18466534.722333334,USD
ARLO,"Arlo Technologies, Inc.",15.47,USD,1680193908.990584,USD,-2.887633396107967,6.616126809097181,14.507772020725396,-4.032258064516131,26.6994266994267,9.483368719037509,-3.673723536737224,158.26377295492486,55.5475763016158,Electronic technology,Telecommunications equipment,US04206A1016,0,0,108610000,United States,16438464.582333338,USD
SVV,"Savers Value Village, Inc.",10.91,USD,1679988949.548624,USD,0.0917431192660531,10.090817356205852,11.554192229038865,34.359605911330064,-2.415026833631481,17.438105489773964,-3.9612676056337968,-55.95478401291886,82.90273556231003,Retail trade,Specialty stores,US80517M1099,0,0,153986160,United States,8529486.199333334,USD
VET,Vermilion Energy Inc.,10.97,USD,1677843577.391892,USD,3.882575757575759,-1.5260323159784552,24.0950226244344,-6.479113384484226,11.483739837398383,31.534772182254205,36.78304239401498,54.72496473906912,,Energy minerals,Oil & gas production,CA9237251058,3.58108108108108,23,152948000,Canada,15571300.716666667,USD
BCAT,BlackRock Capital Allocation Term Trust,15.96,USD,1672916371.2,USD,0.5671077504726002,3.300970873786418,0.06269592476490009,3.6363636363636394,8.571428571428582,12.000000000000005,6.684491978609625,-27.12328767123287,7.532565603171608,Miscellaneous,Investment trusts,US09260U1097,20.9265280403277,5,105413760,United States,11886926.825333336,USD
OBK,"Origin Bancorp, Inc.",53.98,USD,1668203036.4850473,USD,-1.5681983953318865,-2.5103846848473914,5.244687073503602,15.41586487064356,18.455123985077893,43.602021814312295,50.19476905954369,31.083050024283626,16.891447883092905,Finance,Regional banks,US68621T1025,1.2764405543399,8,30904100,United States,9309125.272333335,USD
ARDT,"Ardent Health, Inc.",11.59,USD,1661426901.9112904,USD,3.8530465949820765,6.330275229357793,6.232813932172316,16.952573158425828,33.525345622119815,31.555051078320083,-1.6963528413910034,-22.733333333333334,21.099581285272166,Health services,Hospital/Nursing management,US03980N1072,0,0,143350040,United States,5978030.433666666,USD
EFC/PD,Ellington Financial Inc. 7.00% Series D Cumulative Perpetual Redeemable Preferred Stock,22.8,USD,1660211544,USD,-1.437797739985991,-0.13140604467804462,0.44052863436123973,-1.8932874354561005,-6.93877551020408,-5.716944071125815,-3.594080338266376,-9.090909090909083,13.80897583429229,Finance,Real estate investment trusts,US28852N5059,11.7824773413897,16,125394000,United States,32689.593100000002,USD
EFC/PB,Ellington Financial Inc. 6.250% Series B Fixed-Rate Reset Cumulative Redeemable Preferred Stock,24.66,USD,1660211544,USD,0.04056795131846476,-0.08103727714748611,0.3663003663003657,-0.36363636363636304,1.5977126094873912,4.580152671755734,6.407766990291259,-3.294117647058823,14.935497547089819,Finance,Real estate investment trusts,US28852N3070,11.7824773413897,16,125394000,United States,238048.35323666668,USD
EFC/PC,Ellington Financial Inc. 8.625% Series C Fixed-Rate Reset Cumulative Redeemable Preferred Stock,25.3,USD,1660211544,USD,-0.5893909626719002,-0.9784735812133072,0.9174311926605522,-1.1718750000000027,-0.47206923682140434,1.1449771324399545,0.5164878823996781,3.2653061224489823,15.323117921385743,Finance,Real estate investment trusts,US28852N4060,11.7824773413897,16,125394000,United States,111738.36881666664,USD
GLP,Global Partners LP,48.52,USD,1649485893.0721483,USD,-0.267214799588891,-1.3821138211382107,1.7830920914621384,1.6125654450261846,2.1473684210526383,16.159923389992816,-4.974539757148451,102.84280936454849,13.494270775392147,Distribution services,Wholesale distributors,US37946R1095,6.22816032887975,20,33996000,United States,4404908.6346666645,USD
EFC,Ellington Financial Inc.,13.14,USD,1647672181.8851962,USD,-0.7552870090634414,-3.025830258302584,-3.382352941176464,-3.7362637362637345,2.256809338521408,-3.31125827814569,1.8604651162790713,-28.098495212038294,7.958330809763188,Finance,Real estate investment trusts,US28852N1090,11.7824773413897,16,125394000,United States,17335044.21133334,USD
FLNG,FLEX LNG Ltd.,31.02,USD,1647545863.255629,USD,2.715231788079471,0,3.2623169107856205,-4.022277227722774,19.215987701767872,24.47833065810593,21.409001956947158,123.6481614996395,22.195191757298225,Transportation,Marine shipping,BMG359472021,9.93377483443709,7,54092377,Bermuda,10728716.830666665,USD
HYT,"Blackrock Corporate High Yield Fund, Inc.",8.41,USD,1647436823.6000001,USD,-0.11876484560569818,0.8393285371702672,-1.8669778296382746,-2.886836027713626,-4.756511891279727,-5.079006772009022,-14.532520325203249,-32.934609250398715,9.219469414602061,Miscellaneous,Investment trusts,US09255P1075,11.0565320665083,3,195657580,United States,6611469.053333333,USD
NOMD,Nomad Foods Limited,11.78,USD,1646740019.8052497,USD,-0.2540220152413305,-6.060606060606059,1.551724137931032,16.288252714708772,-8.46930846930847,-5.910543130990418,-26.786824114356747,-56.754772393538914,11.421369012992049,Consumer non-durables,Food: specialty/candy,VGG6564A1057,5.75783234546994,2,139791000,United Kingdom,16312441.146333333,USD
IDT,IDT Corporation,66.17,USD,1645553044.3078902,USD,0.21202483719521517,-0.6754728309816914,8.404325032765403,23.68224299065421,36.40486497629356,29.23828125,11.566346315966953,24.660889223813122,20.290077272169754,Communications,Major telecommunications,US4489475073,0.393760411933969,2,23294200,United States,12705541.145,USD
LZB,La-Z-Boy Incorporated,40.64,USD,1626055506.2581422,USD,-1.9541616405307654,-1.4548981571290043,3.779366700715026,14.125245717495089,5.613305613305624,8.518024032042717,12.141280353200878,17.797101449275363,16.442790095484707,Consumer durables,Home furnishings,US5053361078,2.28226779252111,14,40011200,United States,18734191.36333333,USD
IIPR/PA,"Innovative Industrial Properties, Inc. 9.00% Series A Cumulative Redeemable Preferred Stock",25.11,USD,1612096874,USD,-0.15904572564611988,0.2795527156549532,2.489795918367345,4.624999999999997,9.45945945945945,3.7603305785123973,-0.39666798889330196,-30.055710306406688,5.690522594388796,Finance,Real estate investment trusts,US45781V2007,12.998118693347,9,27571300,United States,978308.4098333328,USD
FUN,Six Flags Entertainment Corporation,15.75,USD,1609712196.1200001,USD,-16,-14.541508410200759,-18.224299065420567,-32.692307692307686,-8.985842242126552,2.0077720207253917,-40.70030120481927,-64.47101285810963,,Consumer services,Movies/Entertainment,US83001C1080,0,0,102204000,United States,46435913.510666676,USD
IIPR,"Innovative Industrial Properties, Inc.",58.35,USD,1608788311.9189332,USD,-0.2052334530528432,-5.199025182778222,-5.932613251652426,1.3724808895066003,22.020075282308657,22.22454964390448,12.644787644787653,-73.43863801893664,13.223496351357475,Finance,Real estate investment trusts,US45781V1017,12.998118693347,9,27571300,United States,22216463.856333327,USD
GLOB,Globant S.A.,37.25,USD,1608438430.6409588,USD,-2.9442417926003195,1.4709888313810928,15.218063717909068,-7.774201535033425,-35.78693328736425,-44.02704733283245,-53.4375,-85.05156707733055,15.189202413961834,Technology services,Information technology services,LU0974299876,0,0,43179600,Luxembourg,69017170.876,USD
COUR,"Coursera, Inc.",5.56,USD,1592153867.67642,USD,-4.302925989672978,4.708097928436912,-6.39730639730641,-10.032362459546928,-9.298531810766725,-24.45652173913044,-54.87012987012988,-86.19148143548988,,Commercial services,Miscellaneous commercial services,US22266M1045,0,0,286359000,United States,41320972.68433333,USD
AZUL,Azul S.A.,8.65,USD,1585362932.528,USD,0,0.6984866123399359,-6.98924731182796,-27.91666666666666,-98.2525299124455,-98.2525299124455,-96.35010520067095,-99.9113777272451,,Transportation,Airlines,US05501U6010,0,0,184278960,Brazil,1084148.4933333332,USD
AMPX,"Amprius Technologies, Inc.",11.19,USD,1584808031.9180884,USD,-4.522184300341307,25.16778523489933,-10.836653386454191,-33.865248226950364,-0.7538802660753956,32.426035502958584,34.4951923076923,24.195338512763595,,Producer manufacturing,Electrical products,US03214Q1085,0,0,141627170,United States,76768204.239,USD
TRIN,Trinity Capital Inc.,17.6,USD,1582022610.394432,USD,2.0881670533642867,-0.3397508493771162,0,2.803738317757012,9.86267166042448,20.136518771331065,13.256113256113272,19.56521739130435,10.076720485514716,Miscellaneous,Investment trusts,US8964423086,11.8329466357309,5,89887600,United States,20021877.61216666,USD
AMBQ,"Ambiq Micro, Inc.",65.24,USD,1575248283.612125,USD,3.539120774480237,6.898246763886603,-18.906152889993795,68.0577022153529,124.96551724137929,129.7183098591549,86.39999999999999,71.68421052631578,,Electronic technology,Semiconductors,US0231931058,0,0,24145437,United States,42509284.17166665,USD
WWW,"Wolverine World Wide, Inc.",19.04,USD,1561080843.5528207,USD,-2.358974358974363,-6.575073601570167,11.410181392627264,11.606096131301294,4.788112272977421,5.6017748197448585,-22.285714285714292,-45.44412607449857,15.384615384615383,Consumer non-durables,Apparel/Footwear,US9780971035,2.05128205128205,38,81989500,United States,15416373.578333335,USD
GAM,"General American Investors, Inc.",66.69,USD,1553830971,USD,0.6034092623321639,3.4274193548386997,2.7106114276913456,3.7976653696498017,9.651430450509697,12.766317213391947,16.18466898954704,51.70609645131937,,Miscellaneous,Investment trusts,US3688021043,0.678835420123699,19,23439900,United States,1574618.6639999999,USD
TE,T1 Energy Inc.,5.55,USD,1549956001.1243148,USD,1.4625228519195625,55.898876404494374,-33.92857142857143,5.3130929791271395,-27.2608125819135,-20.657612580414586,347.5806451612903,-51.86470078057242,,Producer manufacturing,Electrical products,US35834F1049,0,0,279271000,United States,242639256.96699992,USD
CXM,"Sprinklr, Inc.",6.61,USD,1548307680.2041728,USD,-1.4903129657227965,5.422647527910698,20.40072859744991,24.952741020793955,9.983361064891858,-15.47314578005115,-26.391982182628063,-64.80298189563366,58.96520963425513,Technology services,Packaged software,US85208T1079,0,0,133098999.99999999,United States,19559398.324333332,USD
GSL,Global Ship Lease Inc New,42.8,USD,1537300768.6483953,USD,0.25767158585148614,-2.2831050228310503,9.267296400306344,2.3923444976076556,20.42768711311198,21.694626101791286,45.03558115892916,129.12205567451818,4.130995009989673,Transportation,Marine shipping,MHY271836006,5.621925509487,5,35918200,Greece,12156165.195999999,USD
FLO,"Flowers Foods, Inc.",7.24,USD,1534831032.5196214,USD,-2.0297699594045935,-1.7639077340569864,-17.162471395881006,-15.617715617715618,-39.210747271200674,-33.6996336996337,-55.00310752019888,-68.38427947598252,21.17578239251243,Consumer non-durables,Food: specialty/candy,US3434981011,11.7388362652233,24,211993000,United States,52212987.745000005,USD
UTI,Universal Technical Institute Inc,27.87,USD,1534560685.8586266,USD,-34.22232711824403,-32.66489490215028,-44.89916963226571,-21.867115222876368,10.37623762376238,7.192307692307697,-12.879024695217248,300.4310344827586,45.302340702210664,Commercial services,Miscellaneous commercial services,US9139151040,0,0,55061400,United States,44861690.905333325,USD
GSL/PB,"Global Ship Lease, Inc. Depository Shares Representing 1/100th Perpetual Preferred Series B% (Marshall Island)",26.9,USD,1533349762,USD,0,-0.2965159377316599,0.26090197540067195,0.29828486204324495,-0.07429420505201756,2.7894535727932626,1.9711902956785428,4.791585508375523,2.596349667493509,Transportation,Marine shipping,MHY271831213,5.621925509487,5,35918200,Greece,179315.95495666668,USD
WD,"Walker & Dunlop, Inc",44.26,USD,1519500735.281183,USD,-13.874294609846277,-12.165112125421714,-16.25354777672659,-19.041521858423273,-29.74603174603175,-26.159492826159493,-41.931251639989505,-57.819498713428004,21.90872190872191,Finance,Finance/Rental/Leasing,US93148P1021,5.25394045534151,8,34331200,United States,16281007.956666665,USD
ENOV,Enovis Corporation,26.31,USD,1514472100.1510935,USD,-12.82306163021869,-11.800201139792154,0.9593246354566386,-3.4140969162995587,19.917958067456688,-2.3747680890538057,-0.45402951191827845,-68.42677101837653,,Health technology,Medical specialties,US1940145022,0,0,57562600,United States,32683722.519999992,USD
GIC,Global Industrial Company,39.68,USD,1512139045.303046,USD,2.4264326277749038,10.038824181919017,19.338345864661655,30.354796320630744,23.344731115946527,35.79739904175223,14.318640161336788,-0.8000000000000007,17.937706251977758,Retail trade,Internet retail,US37892E1029,2.787816210635,10,38108300,United States,4991452.534333332,USD
SBH,"Sally Beauty Holdings, Inc. (Name to be changed from Sally Holdings, Inc.)",16.13,USD,1510127559.050032,USD,2.153261557948068,4.468911917098442,13.511611541168179,17.22383720930232,-2.772754671488854,11.24137931034482,37.62798634812285,-15.283613445378151,8.386627151250455,Retail trade,Specialty stores,US79546E1047,0,0,93622300,United States,22233946.099666666,USD
AMTD,AMTD IDEA Group,0.753,USD,1503810209.0368,USD,-0.6858348720654158,-2.2077922077922096,-19.893617021276594,-28.9622641509434,-25.445544554455445,-27.596153846153847,-26.176470588235297,-97.97600885072782,1.1990445859872612,Finance,Investment banks/Brokers,US00180G3048,0,0,42487333.333333,France,8580.305436566669,USD
SLVM,Sylvamo Corporation,37.78,USD,1501231252.923832,USD,-2.452878905241404,-1.8701298701298672,-3.400664791613394,-10.727788279773154,-24.243031882895522,-21.52056501869547,-18.857388316151205,51.12,14.941074112156926,Process industries,Pulp & paper,US8713321029,4.64756003098373,4,39736137,United States,12077381.661999999,USD
CDRE,"Cadre Holdings, Inc.",35.02,USD,1498766768.4079921,USD,12.858524009023531,14.78203867584399,14.970453053184512,16.733333333333345,-14.208721215090636,-14.376528117359403,9.43750000000001,133.46666666666667,39.70971765506294,Electronic technology,Aerospace & defense,US12763L1052,1.27296165001611,5,42797400,United States,12202117.063333334,USD
AI,"C3.ai, Inc.",9.86,USD,1498219875.1301713,USD,-0.5045408678102997,12.68571428571428,5.341880341880342,4.449152542372881,-4.271844660194187,-27.393225331369667,-57.71869639794168,-80.0364446244179,,Technology services,Packaged software,US12468P1049,0,0,151949000,United States,47955766.79566667,USD
CNMD,CONMED Corporation,49.77,USD,1490673598.4227183,USD,0.953346855983785,4.8010107391029715,39.37272472696724,30.93922651933703,22.94960474308302,21.242387332521332,-7.07617625093353,-60.970828105395235,26.91434133679429,Health technology,Medical specialties,US2074101013,0.405679513184584,14,29951200,United States,30891602.632333335,USD
FOR,Forestar Group Inc,29.21,USD,1490224901.7931035,USD,-1.2508451656524593,0.1028101439342054,-4.6359777995429265,5.94849474066014,0.2058319039451193,18.788125254168367,11.616354604508974,37.84804152902312,8.766506602641057,Finance,Real estate development,US3462321015,0,0,51017600,United States,4474592.658333334,USD
XZO,"Exzeo Group, Inc.",16.29,USD,1481061203.4521737,USD,1.1801242236024703,0.0614250614250492,-13.351063829787243,15.778251599147113,-6.001154068090013,-33.483054307880764,-22.206303724928375,-22.206303724928375,,Technology services,Packaged software,US30234F1012,0,0,90918430,United States,2996416.7193333344,USD
CRI,"Carter's, Inc.",40.29,USD,1479093690.2936168,USD,0.8510638297872247,5.003909304143868,2.025829323879456,12.44766955065588,5.6371263765076,23.399693721286372,58.31041257367387,-60.76923076923077,7.542825049143499,Retail trade,Apparel/Footwear retail,US1462291097,2.50312891113892,13,36711200,United States,40759096.638333336,USD
GBX,"Greenbrier Companies, Inc. (The)",47.68,USD,1475204192.933414,USD,-4.083685375176023,-5.900927570554573,-1.0172306414781025,-5.490584737363733,-11.44130757800892,2.2517692472657025,5.346884666372077,9.963099630996311,14.013637432400659,Producer manufacturing,Trucks/Construction/Farm machinery,US3936571013,2.65540132770066,12,30939700,United States,26566075.416,USD
ENR,"Energizer Holdings, Inc.",21.54,USD,1475137705.7949398,USD,-4.394141145139822,0.607192900513774,-0.599907706506703,15.868746637977404,-7.434464976364421,7.699999999999996,-27.93576446972232,-48.158844765342955,7.897052353717554,Consumer non-durables,Household/Personal care,US29272W1099,5.32623169107856,11,68483600,United States,22441116.599333335,USD
KOS,Kosmos Energy Ltd.,2.47,USD,1470854336.2638297,USD,5.106382978723409,1.2295081967213217,17.619047619047624,-13.636363636363628,87.12121212121212,170.44782656301328,33.51351351351352,7.86026200873363,,Energy minerals,Integrated oil,US5006881065,0,0,595488000,United States,41477190.73500001,USD
NFJ,"Virtus Dividend, Interest & Premium Strategy Fund",15.35,USD,1467528768,USD,-0.8397932816537519,1.79045092838196,0.5239030779305833,6.375606375606376,14.211309523809524,18.71616395978345,21.632329635499215,0,9.654088050314465,Miscellaneous,Investment trusts,US92840R1014,7.88113695090439,18,94801600,United States,3485191.751,USD
PBT,Permian Basin Royalty Trust,31.47,USD,1466778731.8505647,USD,-8.861859252823638,6.3894523326572035,24.880952380952383,37.24378543392935,72.43835616438356,85.6637168141593,109.8,499.42857142857144,99.5886075949367,Miscellaneous,Investment trusts,US7142361069,1.00682015638575,45,46608800,United States,3739136.9509999994,USD
TV,Grupo Televisa S.A.B.,2.84,USD,1455317640,USD,3.649635036496337,1.42857142857143,4.029304029304025,0.3533568904593564,-8.974358974358982,-2.739726027397263,16.872427983539083,-78.5011355034065,,Communications,Major telecommunications,US40049J2069,0,0,430440000,Mexico,2534985.232666668,USD
ADNT,Adient plc,18.85,USD,1453277190.5774853,USD,-8.138401559454183,-15.659955257270692,-3.6791006642820587,-14.279217826284663,-25.07949125596184,-2.2302904564315336,-15.470852017937217,-49.12280701754385,31.296695998671762,Producer manufacturing,Auto parts: OEM,IE00BD845X29,0,0,78413400,United States,21271281.116,USD
SCL,Stepan Company,63.96,USD,1452744103.2679737,USD,-0.4668534080298852,-2.366050984582513,12.01401050788091,22.317842799770514,3.6460865337870687,34.9367088607595,25.905511811023633,-45.49173342423726,,Process industries,Chemicals: specialty,US8585861003,2.44319950202303,40,22713300,United States,9776366.867999999,USD
AGL,"agilon health, inc.",86.83,USD,1448652986.1356514,USD,-19.490032452480293,-8.820749763729923,-19.60185185185185,41.43997393712331,434.33846153846156,395.18106643855145,304.80186480186484,-90.37894736842105,,Health services,Medical/Nursing services,US00857U2069,0,0,16683800.000000002,United States,41438794.45700002,USD
HLX,"Helix Energy Solutions Group, Inc.",9.81,USD,1445821750.2939913,USD,5.2575107296137364,7.096069868995636,14.33566433566434,-0.5070993914807195,21.11111111111112,56.45933014354069,61.08374384236454,138.6861313868613,101.1340206185567,Industrial services,Oilfield services/Equipment,US42330P1075,0,0,147382000,United States,13868280.158999998,USD
BBAI,"BigBear.ai, Inc.",3.01,USD,1443278451.9537952,USD,-0.6600660066006607,15.325670498084289,-15.4494382022472,-27.990430622009573,-29.342723004694836,-46.25,-56.752873563218394,-69.12820512820512,,Technology services,Packaged software,US08975B1098,0,0,479495000,United States,84475475.37966667,USD
WOLF,"Wolfspeed, Inc.",27.59,USD,1433910355.0992455,USD,9.527590313616509,30.325932923948972,-26.308760683760678,-42.28033472803347,84.30193720774882,53.70473537604457,1727.1523178807947,-70.93399942479027,,Electronic technology,Semiconductors,US97785W1062,0,0,51972100,United States,141808184.7930001,USD
YSS,York Space Systems Inc.,10.89,USD,1430924456.0190113,USD,-17.186311787072242,-27.593085106382972,-52.95896328293736,-68.02701115678215,-53.75796178343949,-71.34210526315789,-71.34210526315789,-71.34210526315789,,Electronic technology,Aerospace & defense,US9870841007,0,0,131398040.00000001,United States,27481923.705333333,USD
BTT,BlackRock Municipal 2030 Target Term Trust,22.52,USD,1429026484,USD,0.2671415850400655,-0.3980539584254748,-1.6593886462882053,-1.573426573426571,-1.2280701754386014,-1.487314085739282,1.258992805755401,-14.340053252187142,17.235573243532833,Miscellaneous,Investment trusts,US09257P1057,2.47907390917186,10,63625400,United States,2048680.9046666662,USD
REX,REX American Resources Corporation,43.29,USD,1425873807.3325777,USD,-1.8589888914078447,2.2678951098511715,-5.190538764783175,-10.898425439950607,23.685714285714283,34.39925488978577,67.14285714285715,211.43916260059544,15.426005772725654,Process industries,Chemicals: specialty,US7616241052,0,0,32937700,United States,8637163.325666664,USD
BW/PA,"Babcock & Wilcox Enterprises, Inc. 7.75% Series A Cumulative Perpetual Preferred Stock",22.0899,USD,1416952475,USD,-0.04570135746606936,3.9524705882352946,3.903574788334894,2.8393854748603338,15.231611893583715,11.790991902834,120.67832167832168,-13.54246575342466,,Electronic technology,Electronic equipment/Instruments,US05614L4077,0,0,148840000,United States,434481.37656,USD
DMC,Del Monte Corporation,29.9,USD,1409671898.6016808,USD,0.5042016806722641,1.2186865267433968,4.9491049491049495,-20.836642838231413,-24.571140262361258,-16.316820598936463,-16.4804469273743,-3.951172502409253,41.99438202247191,Process industries,Agricultural commodities/Milling,KYG367381053,4.03361344537815,16,47146200,United States,11629427.302333333,USD
BRBR,"BellRing Brands, Inc.",12.11,USD,1408128942.4583664,USD,-3.9651070578905636,-6.051202482544617,-9.152288072018008,17.91626095423564,-38.34012219959267,-54.54204204204204,-66.79462571976967,-62.56568778979908,9.367989479384235,Health technology,Pharmaceuticals: other,US07831C1036,0,0,116278000,United States,66497857.19633334,USD
OPFI,OppFi Inc.,9.76,USD,1406235342.3003063,USD,-0.3064351378958055,3.49946977730647,-2.788844621513938,-1.41414141414142,9.050279329608946,-6.513409961685821,-17.288135593220346,13.22505800464038,13.235692975318686,Finance,Finance/Rental/Leasing,US68386H1032,0,0,85393200,United States,5805992.10733333,USD
BW,"Babcock & Wilcox Enterprises, Inc.",9.38,USD,1396114938.6029415,USD,-1.4705882352941049,11.53388822829965,-15.113122171945701,-37.46666666666666,5.274971941638616,44.307692307692314,668.8524590163935,31.741573033707873,,Electronic technology,Electronic equipment/Instruments,US05614L2097,0,0,148840000,United States,46513705.43999998,USD
RYZ,Ryerson Holding Corporation,26.9,USD,1396073684.0267727,USD,-2.6772793053545656,-5.348346235045753,4.669260700389103,0.7490636704119824,-9.670920080591008,5.947223316266238,25.407925407925404,43.313798614810864,,Non-energy minerals,Steel,US7837541041,2.71345875542692,5,51898700,United States,14014020.152333338,USD
ALX,"Alexander's, Inc.",272.74,USD,1392962317.4078298,USD,-1.5911961031932054,1.1309281026363645,-0.955078621491083,11.199902148652505,5.7992939989914225,25.524668630338738,21.26628429149438,-0.3106838700244768,8.251146580829412,Finance,Real estate investment trusts,US0147521092,6.49467797221721,16,5107290,United States,9272545.273999996,USD
NRP,Natural Resource Partners LP Limited Partnership,104.95,USD,1390630738.4004762,USD,-0.04761904761904492,6.010101010101012,6.971766384670271,-6.893186657203686,-11.404693567448922,-0.04761904761904491,1.7450315075133271,400.9546539379475,13.388870461562014,Energy minerals,Coal,US63900P6088,2.85714285714286,23,13250400,United States,5244409.781666666,USD
AAT,"American Assets Trust, Inc.",22.52,USD,1382822857.324664,USD,-2.384048547897706,-5.774058577405853,-11.128650355169691,6.427221172022682,17.291666666666668,19.21651667548967,15.724563206577589,-40.43903729172177,80.9198706431908,Finance,Real estate investment trusts,US0240131047,5.8951018638925,15,61404200,United States,10299621.293000001,USD
AESI,Atlas Energy Solutions Inc.,11.07,USD,1382704849.864105,USD,3.7488284910965355,6.0344827586206975,-20.01445086705202,-39.57423580786026,-1.8617021276595664,14.953271028037376,-11.863057324840765,-36.74285714285714,,Industrial services,Oilfield services/Equipment,US6420451089,2.34301780693533,3,124905590,United States,46946800.30566666,USD
YELP,Yelp Inc.,25.04,USD,1376967245.9384973,USD,-2.530167380303628,-7.805596465390284,-6.845238095238096,-8.21114369501467,3.1726411207251735,-17.712783437397306,-25.32060841037877,-41.76744186046512,11.42440003649968,Technology services,Internet software/Services,US9858171054,0,0,54990700,United States,29451836.819000013,USD
LOMA,Loma Negra Compania Industrial Argentina Sociedad Anonima,10.79,USD,1363209197.8782039,USD,-3.401969561324985,-7.698887938408899,-8.248299319727897,-1.909090909090917,-1.909090909090917,-16.031128404669264,-10.00834028356965,35.89420654911837,46.22964867180805,Non-energy minerals,Construction materials,US54150E1047,0,0,116696600,Argentina,3906914.385333332,USD
AMRC,"Ameresco, Inc.",25.55,USD,1355841700.7482464,USD,-0.42868277474668526,29.62962962962963,-3.366111951588504,-15.453342157511576,-8.126573175116858,-14.748081414748077,2.651667336279631,-60.75871601904469,49.11572472126105,Industrial services,Engineering & construction,US02361E1082,0,0,35066200,United States,15723526.287666665,USD
NAT,Nordic American Tankers Limited,6.4,USD,1355204224.2088091,USD,4.404567699836876,-0.7751937984496097,9.215017064846416,8.47457627118644,53.11004784688997,85.5072463768116,119.93127147766323,163.3744855967078,24.951267056530217,Transportation,Marine shipping,BMG657731060,10.1141924959217,26,211751000,Bermuda,22970603.901333332,USD
AGRO,Adecoagro S.A.,9.36,USD,1350727288.9730892,USD,0.753498385360606,-2.702702702702701,-2.398331595411892,-29.624060150375946,10.117647058823522,17.146433041301616,2.6315789473684235,-2.398331595411892,550.5882352941176,Process industries,Agricultural commodities/Milling,LU0584671464,3.18749192680301,4,144308000,Luxembourg,6801028.567666667,USD
DCH,Dauch Corporation,5.67,USD,1345869357.21,USD,-5.500000000000002,1.4311270125223627,4.8059149722735635,-5.657237936772044,-30.514705882352946,-12.229102167182663,27.99097065462755,-40.44117647058823,,Producer manufacturing,Auto parts: OEM,US0240611030,0,0,237367000,United States,19800122.955333333,USD
PUMP,ProPetro Holding Corp.,10.95,USD,1344921853.3227274,USD,-0.454545454545461,2.050326188257212,-10.975609756097573,-30.031948881789145,1.6713091922005545,14.539748953974883,112.20930232558138,47.17741935483869,,Industrial services,Oilfield services/Equipment,US74347M1080,0,0,122824000,United States,57873313.163333334,USD
UMH,"UMH Properties, Inc.",15.71,USD,1337960964.7921054,USD,3.3552631578947474,-0.3804692454026552,1.2242268041237196,-1.3190954773869288,-1.5664160401002505,-0.6953223767383023,-5.758848230353934,-35.37638831756478,151.93423597678918,Finance,Real estate investment trusts,US9030021037,5.92105263157895,35,85166200,United States,9242693.641666668,USD
UAN,"CVR Partners, LP",126.5,USD,1337058981.378357,USD,-0.07898894154817876,1.2,10.230045311955381,-0.5815781200880187,22.946836427252407,24.31210691823899,29.54429083461341,131.6849816849817,8.345262991232525,Process industries,Chemicals: agricultural,US1266332055,9.6998420221169,5,10569600,United States,4256736.900333332,USD
VTOL,"Bristow Group, Inc.",45.01,USD,1332566151.5664556,USD,1.740506329113915,-0.1995565410199632,5.756578947368411,5.9557438794726965,1.8556234442181496,23.045379989065065,22.04446854663773,69.08339594290007,12.942461971992984,Transportation,Airlines,US11040G1031,0.565099457504521,0,29606000,United States,9517428.327666668,USD
MUC,"Blackrock MuniHoldings California Quality Fund, Inc.",10.62,USD,1331335200,USD,-0.2816901408450811,-0.6548175865294695,-3.7171350861287413,-2.479338842975219,-2.299908003679853,-0.2816901408450811,3.7109374999999902,-33.70786516853933,46.436379536510714,Miscellaneous,Investment trusts,US09254L1070,6.02816901408451,15,125008000,United States,3780021.070333334,USD
LSPD,Lightspeed Commerce Inc. Subordinate Voting Shares,10.23,USD,1322734813.017194,USD,-1.159420289855065,-2.198852772466543,-3.8533834586466176,5.138746145940391,9.178228388473865,-15.733113673805601,-18.680445151033386,-89.01063486948114,,Technology services,Packaged software,CA53229C1077,0,0,129300000.00000001,Canada,9659212.651666675,USD
IRS,IRSA Inversiones Y Representaciones S.A. Global Depositary Shares (Each representing ten shares of,14.78,USD,1322580790.0197399,USD,-1.0046885465505717,-5.195638229634385,-8.198757763975166,-0.13513513513514425,-8.14170292106899,-11.390887290167868,-4.460245636716233,225.14461246618612,4.206272411634128,Finance,Real estate development,US4500473032,9.34430676490288,4,84611600,Argentina,2085798.2866666666,USD
FMC,FMC Corporation,10.55,USD,1321143099.169759,USD,-2.133580705009264,0.47619047619048294,-7.860262008733613,-22.93644996347698,-22.312223858615607,-24.85754985754985,-72.16358839050132,-88.72742814403247,,Process industries,Chemicals: agricultural,US3024913036,7.60667903525046,20,125227000,United States,54045126.11033333,USD
MYI,"Blackrock MuniYield Quality Fund III, Inc",10.77,USD,1318329320,USD,-0.09276437847866222,-0.185356811862832,-2.797833935018055,-2.44565217391304,-3.4946236559139834,-0.9199632014719379,2.182163187855792,-28.438538205980073,28.77371092706385,Miscellaneous,Investment trusts,US09254E1038,6.17810760667904,10,122294000,United States,3046886.2456666674,USD
FTK,"Flotek Industries, Inc.",36.43,USD,1317945680.6323814,USD,0.9980593290823384,62.271714922049,56.017130620985,127.6875,117.10369487485099,108.64833906071019,183.06138306138308,255.139253971652,36.63515687851971,Industrial services,Oilfield services/Equipment,US3433894090,0,0,36177500,United States,11152309.190333335,USD
STDN,"Standard Nuclear, Inc.",8.2,USD,1317523011.5999997,USD,-0.36452004860268694,8.179419525065953,-39.25925925925927,-39.25925925925927,-39.25925925925927,-39.25925925925927,-39.25925925925927,-39.25925925925927,,Process industries,Chemicals: specialty,US8536781003,0,0,149095230,United States,,
MYE,"Myers Industries, Inc.",35.02,USD,1317384708.8661952,USD,-0.9335219236209287,0.05714285714286608,15.083798882681576,53.26039387308535,62.88372093023257,86.87299893276418,120.25157232704404,62.12962962962963,36.073341573959624,Producer manufacturing,Miscellaneous manufacturing,US6284641098,1.52758132956153,46,37618100,United States,18794699.075,USD
LEG,"Leggett & Platt, Incorporated",9.6,USD,1310988281.4439023,USD,-6.341463414634149,-7.335907335907334,-18.297872340425535,-6.341463414634149,-23.80952380952381,-13.043478260869561,10.3448275862069,-80.36408263448558,5.98503740648379,Consumer durables,Home furnishings,US5246601075,1.95121951219512,46,136561000,United States,25332453.673666667,USD
DOLE,Dole plc,13.77,USD,1310338796,USD,0,-3.096410978184386,-2.547770700636951,-7.0222822417285675,-15.521472392638042,-8.138759172781858,-2.6855123674911714,-8.38323353293413,22.603414313854234,Distribution services,Food distributors,IE0003LFZ4U7,2.46913580246914,5,95159000,Ireland,14390795.403,USD
TNC,Tennant Company,76.9,USD,1310291585.3936963,USD,-11.862464183381082,-6.572712914591175,-12.464428002276597,-11.923032871377844,-6.0591253359394015,4.356086307504421,-8.025355818681968,1.0645288474175347,75.98814229249012,Producer manufacturing,Industrial machinery,US8803451033,1.40401146131805,46,17038900,United States,14463720.552999996,USD
MSDL,Morgan Stanley Direct Lending Fund,15.45,USD,1309614754.33687,USD,2.4535809018567587,2.65780730897009,-0.12928248222366742,-0.19379844961241044,2.862849533954725,-6.363636363636368,-15.941240478781285,-24.449877750611247,15.263781861292234,Finance,Financial conglomerates,US61774A1034,12.5994694960212,3,84764710,United States,7221201.298333333,USD
RES,"RPC, Inc.",5.89,USD,1305559797.1398962,USD,1.7271157167530162,9.683426443202972,6.896551724137929,-16.572237960339944,8.47145488029466,8.073394495412835,27.48917748917748,49.113924050632896,58.78243512974052,Industrial services,Oilfield services/Equipment,US7496601060,2.76338514680484,4,221657000,United States,8876627.616333332,USD
PRSU,"Pursuit Attractions and Hospitality, Inc.",47.67,USD,1302272425.911976,USD,-4.850299401197604,-9.93765350462875,-12.355212355212354,15.675806842999274,32.196339434276204,40.952099349497345,65.80869565217392,4.861416630004401,33.319354162298175,Consumer services,Movies/Entertainment,US92552R4065,0,0,27318500,United States,15272754.457666667,USD
ACVA,ACV Auctions Inc.,7.45,USD,1300657361.4322915,USD,-2.9947916666666607,-5.934343434343431,-0.40106951871658086,18.066561014263083,4.488078541374478,-8.024691358024684,-47.498238195912606,-68.67115222876367,,Technology services,Internet software/Services,US00091G1040,0,0,174585000,United States,22967460.411666673,USD
ODC,Oil-Dri Corporation Of America,96.55,USD,1296651948.479371,USD,-1.399101307189547,-1.979695431472084,-3.9016621877177284,27.880794701986748,52.047244094488185,99.15429042904292,69.56445381102915,448.4237432547571,24.927064776805306,Process industries,Chemicals: agricultural,US6778641000,0.786356209150327,45,10254400,United States,13010531.318333333,USD
EPC,Edgewell Personal Care Company,28.12,USD,1295806908.1136987,USD,-3.6986301369862957,1.1510791366906485,3.8788326560768405,29.406350667280257,38.38582677165355,65.31452087007642,35.19230769230769,-35.60796885733913,,Consumer non-durables,Household/Personal care,US28035Q1022,2.05479452054795,5,46081300,United States,22063362.94866666,USD
UMH/PD,"UMH Properties, Inc. 6.375% Series D Cumulative Redeemable Preferred Stock, Liquidation Preference $25 per share",22.2468,USD,1294526204,USD,0.5732368896925829,0.8467815049864081,3.71468531468532,0.755434782608705,-0.9051224944320666,1.6764168190128033,-1.780132450331118,-16.049811320754714,215.15280464216633,Finance,Real estate investment trusts,US9030025095,5.92105263157895,35,85166200,United States,537631.5575233332,USD
EFOR,"Everforth, Inc.",31.57,USD,1294369975.0553095,USD,-0.22123893805309824,30.724637681159432,75.58398220244716,54.075158613958045,-40.366452587835276,-34.488483087777546,-38.33984375,-69.36141304347825,16.25141562853907,Technology services,Information technology services,US00191U1025,0,0,41000000,United States,24839196.336666666,USD
HQH,abrdn Healthcare Investors Shares of Beneficial Interest,22.83,USD,1292543720,USD,1.0176991150442338,4.389574759945118,3.4904805077062537,15.244825845532558,20.72977260708619,19.278996865203748,43.765743073047844,-15.193164933135227,5.014496573537163,Miscellaneous,Investment trusts,US87911J1034,9.95575221238938,18,57192200,United States,5713208.527,USD
AORT,"Artivion, Inc.",26.57,USD,1289796819.1452043,USD,1.528467711119597,-3.2058287795992677,6.237504998000794,-2.709630172098127,-33.575,-41.33362773239126,-18.145409735058532,-3.2763014197306104,110.6622240733028,Health technology,Medical specialties,US2289031005,0,0,48543300,United States,17831797.230666663,USD
NVGS,Navigator Holdings Ltd.,20.87,USD,1283361598.6485174,USD,1.458434613514831,-4.397617956939979,4.821697639377201,-9.063180827886702,17.776523702031618,21.69096209912538,29.146039603960403,119.91570073761854,9.624608005902969,Transportation,Marine shipping,MHY621321089,1.26397666504618,3,61493100,United Kingdom,10937357.997333335,USD
ORC,"Orchid Island Capital, Inc.",6.42,USD,1281454096,USD,0,-2.874432677760974,-6.956521739130441,-8.022922636103159,-16.297262059973924,-10.957004160887656,-9.193776520509198,-73.95537525354969,4.309592535409814,Finance,Real estate investment trusts,US68571X3017,21.4953271028037,13,199603000,United States,36763478.24733333,USD
UVV,Universal Corporation,51.15,USD,1274949410.5972729,USD,-1.7668523141924366,-5.644714997232987,-1.7479830964272065,-5.15483033562025,-12.683509730283374,-3.7629350893697087,-5.696902654867262,1.4880952380952381,39.70656730321379,Distribution services,Wholesale distributors,US9134561094,6.31841751488381,46,24925700,United States,13145276.249999996,USD
DFH,"Dream Finders Homes, Inc.",14.02,USD,1271948763.9217274,USD,-5.398110661268561,-7.8238001314924475,-14.616321559074311,-2.435629784272788,-26.210526315789476,-18.107476635514026,-46.50896604349486,-41.84985483201991,9.869069407292692,Consumer durables,Homebuilding,US26154D1000,0,0,32997700,United States,10232185.988333331,USD
TTI,"Tetra Technologies, Inc.",8.59,USD,1271945189.3491123,USD,1.6568047337278176,14.077025232403713,-6.933911159263277,-12.525458248472509,-24.58296751536436,-9.00423728813559,114.214463840399,169.27899686520377,210.0244498777506,Process industries,Chemicals: specialty,US88162F1057,0,0,148073000,United States,18075494.23166667,USD
TWO/PA,Two Harbors Investments Corp 8.125% Series A Fixed-to-Floating Rate Cumulative Redeemable Preferred Stock ($25.00 liquidation preference per share),25.05,USD,1264771111,USD,0,0.11990407673861365,-1.4167650531286873,1.1712439418416767,0.8048289738430554,4.114713216957615,8.160621761658033,-5.578590275160198,,Finance,Real estate investment trusts,US90187B2007,11.3050706566916,17,105135000,United States,1290832.43106,USD
TWO/PB,Two Harbors Investments Corp 7.625% Series B Fixed-to-Floating Rate Cumulative Redeemable Preferred Stock,25.05,USD,1264771111,USD,0,0.15993602558976067,-1.1834319526627246,1.5403323875151964,0.9266720386784868,5.8748943364328,9.007832898172325,-2.6049766718506926,,Finance,Real estate investment trusts,US90187B3096,11.3050706566916,17,105135000,United States,1516701.1353333334,USD
TWO/PC,Two Harbors Investments Corp 7.25% Series C Fixed-to-Floating Rate Cumulative Redeemable Preferred Stock,25.08,USD,1264771111,USD,0.03988831272436382,0.11976047904190652,-1.6084739113377802,0.7228915662650591,0.4807692307692205,1.661937576003229,4.761904761904749,-0.039856516540460594,,Finance,Real estate investment trusts,US90187B5075,11.3050706566916,17,105135000,United States,2002761.1017033334,USD
TWOD,Two Harbors Investments Corp 9.375% Senior Notes due 2030,25.33,USD,1264771111,USD,-0.03946329913181359,-1.8217054263565984,-0.9773260359655982,0.07902015013828358,-0.9773260359655982,-1.7455391776571094,-1.170503316426066,0.7958615200955006,,Finance,Real estate investment trusts,US90187B8871,11.3050706566916,17,105135000,United States,529169.1211166668,USD
UVE,UNIVERSAL INSURANCE HOLDINGS INC,45.08,USD,1254592363.0717034,USD,1.9678805700067799,0.17777777777777398,5.179654689687352,12.418952618453856,41.627395538799874,34.88928785158586,92.4850555081127,218.36158192090394,5.9418990878894915,Finance,Property/Casualty insurance,US91359V1070,1.4476362813843,20,27830400,United States,10416143.641333332,USD
SID,Companhia Siderurgica Nacional S.A.,0.9438,USD,1252272827.8992002,USD,-3.8606498930426856,-7.470588235294122,1.768384731507437,-32.10071942446043,-49.52941176470589,-41.37888198757765,-30.602941176470594,-88.88339222614842,,Non-energy minerals,Steel,US20440W1053,0,0,1326090000,Brazil,3657995.8402100005,USD
JFR,Nuveen Floating Rate Income Fund,7.72,USD,1244274910,USD,-0.1293661060802157,1.179554390563563,0.2597402597402542,2.523240371845943,-0.7712082262210861,-1.5306122448979607,-9.283196239717979,-21.063394683026583,15.726217152169484,Miscellaneous,Investment trusts,US67072T1088,12.7425614489004,15,160967000,United States,3770329.095333335,USD
NBR,Nabors Industries Ltd.,83.11,USD,1230031604.0066166,USD,5.751367858506166,2.6049382716049374,7.865022712524338,-13.973708725804782,24.155960561697047,52.775735294117645,142.4445740956826,3.8096427679240534,6.180514757828825,Industrial services,Contract drilling,BMG6359F1370,0,0,14800000,Bermuda,23574047.666999992,USD
EDN,Empresa Distribuidora Y Comercializadora Norte S.A. (Edenor),24.89,USD,1227249070.94066,USD,-2.621283255086065,-3.825347758887166,-2.046438410074772,2.55459414915534,-8.526277104005882,-17.74619960343688,-16.755852842809357,449.44812362030905,4.613873132391651,Utilities,Electric utilities,US29244A1025,0,0,22128300,Argentina,1617549.7333333332,USD
GHM,Graham Corporation,104.96,USD,1227101987.286685,USD,0.4690341724897051,14.685314685314683,-9.368793713841645,7.761806981519495,33.98008680112329,61.900354774024365,117.08376421923472,675.918150097581,93.34756314478832,Producer manufacturing,Industrial machinery,US3845561063,0,0,11691100,United States,27419830.80266667,USD
CCO,"Clear Channel Outdoor Holdings, Inc.",2.41,USD,1226650249.9380167,USD,-0.41322314049585895,0,0,1.2605042016806827,14.761904761904765,7.58928571428571,109.56521739130439,-3.0181086519114584,,Commercial services,Advertising/Marketing services,US18453H1068,0,0,508984000,United States,19665211.468999997,USD
BH,Biglari Holdings Inc.,390.23,USD,1226208960.1462853,USD,-1.949797733611395,2.549076288334703,-8.014520425241024,30.804813461602937,-1.2525937547446704,17.57102829080172,34.164202709207174,135.10663935413908,,Consumer services,Restaurants,US08986R3093,0,0,2083140.0000000002,United States,53566409.80966666,USD
DSL,DoubleLine Income Solutions Fund,10.7,USD,1222504580,USD,0.28116213683223396,0.375234521575977,-2.2831050228310503,-4.3789097408400375,-6.631762652705074,-5.47703180212015,-12.006578947368428,-40.62153163152053,32.69172013443324,Miscellaneous,Investment trusts,US2586221093,12.3711340206186,10,114574000,United States,5969813.620000001,USD
EMO,ClearBridge Energy Midstream Opportunity Fund Inc.,51.16,USD,1219718573,USD,1.7299661960628303,0.13701311411233738,3.7938729965510194,2.979066022544277,6.4724245577523405,14.12000892259647,8.206429780033831,148.10863239573226,4.622501716722685,Miscellaneous,Investment trusts,US18469P2092,8.53167627758998,13,24253700,United States,2090834.973,USD
ASIC,Ategrity Specialty Insurance Company Holdings,25.38,USD,1219068760.7287514,USD,3.212688084587227,3.465144720750093,0.11834319526626265,30.287474332648863,36.81940700808624,20.227380388441496,29.160305343511453,7.315010570824527,11.839895502892329,Finance,Property/Casualty insurance,US04681Y1038,0,0,48032654,United States,1947347.3513333327,USD
GOLD,"Gold.com, Inc.",42.02,USD,1218763828.0447729,USD,-3.0233094853450155,3.5996055226824475,-3.8443935926773447,-5.12531045382704,-20.47691143073429,22.507288629737626,93.01791456132294,63.4701419957207,14.33689310450715,Finance,Investment banks/Brokers,US00181T1079,1.84629586891299,3,29004400,United States,16529818.679666663,USD
BH.A,Biglari Holdings Inc.,1939.33,USD,1215037729.4767845,USD,-2.8430724219470163,1.5568705488060337,-10.002877190377198,20.452286899704355,-5.305227590113189,10.139766809216315,36.25014051258993,140.91055900621117,,Consumer services,Restaurants,US08986R4083,0,0,211176,United States,49534254.11133334,USD
TDOC,"Teladoc Health, Inc.",6.68,USD,1213649229.887446,USD,-3.6075036075036078,-12.793733681462147,-29.31216931216931,-3.328509406657025,40.92827004219408,-4.571428571428576,-3.4682080924855523,-95.63398692810458,,Health services,Medical/Nursing services,US87918A1051,0,0,181684000,United States,46474671.642999984,USD
OPY,"Oppenheimer Holdings, Inc.",114.29,USD,1212427189.642512,USD,-1.4061421670117282,3.1963882618510215,-1.1930491916659423,19.537705260955974,25.621015607825896,58.73611111111112,55.30642750373693,156.08335200537755,12.93531775224945,Finance,Investment banks/Brokers,US6837971042,0.638371290545204,25,10608300,United States,14557542.002666669,USD
LADR,Ladder Capital Corp,9.54,USD,1210294932.8164556,USD,0.6329113924050498,-3.147208121827416,-3.4412955465587207,-7.558139534883732,-8.401344215074413,-13.114754098360665,-13.114754098360665,-15.947136563876658,22.97687861271676,Finance,Real estate investment trusts,US5057431042,9.70464135021097,11,126865000,United States,12487265.169666665,USD
HLF,Herbalife Ltd.,11.51,USD,1206286973.2253969,USD,-8.65079365079365,-7.0274636510500885,-11.66538756715272,-20.620689655172413,-31.812796208530802,-10.428015564202335,21.798941798941808,-75.8851875130945,7.4349202247916795,Consumer non-durables,Food: major diversified,KYG4412G1010,0,0,103669000,United States,20403860.369666662,USD
ECVT,Ecovyst Inc.,11,USD,1203988299.2139738,USD,-3.9301310043668063,-9.688013136288996,-6.462585034013603,-22.371206774876498,1.6635859519408476,12.13047910295616,29.107981220657287,-31.25,,Process industries,Chemicals: specialty,US27923Q1094,0,0,109453000,United States,21266510.88933334,USD
MMI,"Marcus & Millichap, Inc.",31.69,USD,1198573082.4138925,USD,1.4404609475032102,-0.03154574132491486,-1.827757125154894,7.096992227103756,21.790930053804775,15.86837294332724,0.0315656565656615,-23.6661447669517,,Finance,Real estate development,US5663241090,1.60051216389245,4,37821800,United States,4561142.001999998,USD
AMN,AMN Healthcare Services Inc,30.8,USD,1194610278.0243902,USD,-6.0975609756097455,-10.36088474970896,-13.604488078541369,18.325009604302725,47.93467819404419,94.69026548672566,76.90982194141299,-71.91062471500229,,Commercial services,Personnel services,US0017441017,0,0,38786100,United States,28050736.266666662,USD
DLX,Deluxe Corporation,26.09,USD,1194506200.6709242,USD,-1.9909842223891854,-3.5489833641404838,6.489795918367347,-2.8305400372439533,-7.482269503546098,16.8383340797134,59.47432762836186,-38.68390129259694,11.949253457909684,Commercial services,Commercial printing/Forms,US2480191012,4.50788880540947,46,45784100,United States,10132610.599333333,USD
BORR,Borr Drilling Limited,3.88,USD,1193880105.419023,USD,-0.2570694087403658,-0.7672634271099807,-13.968957871396894,-33.67521367521367,-22.400000000000002,-4.433497536945806,77.98165137614677,167.58620689655172,29.984544049459043,Industrial services,Contract drilling,BMG1466R1732,0,0,307701080,Bermuda,18784835.679666664,USD
FINV,FinVolution Group,4.82,USD,1189681059,USD,-1.431492842535775,-2.626262626262624,0.6263048016701513,-6.042884990253404,-6.9498069498069395,-10.408921933085495,-43.75729288214702,-25.038880248833586,4.085784521488514,Finance,Finance/Rental/Leasing,US31810T1016,5.84867075664622,8,129948566.80000001,China,2175354.3556666677,USD
DFIN,"Donnelley Financial Solutions, Inc.",48.38,USD,1189440840.3073518,USD,-2.5579053373615226,-3.7213930348258657,3.265741728922094,8.93942805674399,0.707743547044137,3.3981620004274493,-5.8571706557696,37.24822695035461,33.37932937767352,Technology services,Packaged software,US25787G1004,0,0,24585400,United States,13427924.833,USD
CLVT,Clarivate Plc,1.85,USD,1183378437.1907218,USD,-4.639175257731951,-8.866995073891612,-24.796747967479668,-33.92857142857142,-11.057692307692307,-45.103857566765576,-52.68542199488491,-92.10076857386848,,Commercial services,Miscellaneous commercial services,JE00BJJN4441,0,0,639664000,United Kingdom,19754576.786666665,USD
PDM,"Piedmont Realty Trust, Inc.",9.43,USD,1180002547.0714285,USD,-2.3809523809523854,-4.361054766734277,-2.883625128733276,10.550996483001176,7.037457434733248,13.614457831325288,22.626788036410915,-49.86709197235513,,Finance,Real estate investment trusts,US7201902068,0,17,125133000,United States,9171051.688333336,USD
DEA,"Easterly Government Properties, Inc.",24.89,USD,1177835093.172524,USD,-0.5990415335463202,-1.2693375644585492,-1.581652827204423,6.778206778206786,2.7663088356730046,17.35030645921735,11.965811965811966,-56.16028181417878,120.18348623853211,Finance,Real estate investment trusts,US27616P3010,7.18849840255591,12,47321600,United States,9929577.023666667,USD
SPH,"Suburban Propane Partners, L.P.",17.74,USD,1176925849.0391936,USD,-0.6718924972004535,-2.258953168044078,1.025056947608199,-8.082901554404156,-11.077694235588977,-4.108108108108117,-3.5869565217391313,13.572343149807933,8.942433713075914,Distribution services,Wholesale distributors,US8644821048,7.27883538633819,30,66343100.00000001,United States,2667556.648999999,USD
TDAY,"USA TODAY Co., Inc.",8,USD,1173616800.9237874,USD,-7.6212471131639745,-8.361970217640325,-9.090909090909099,9.140518417462483,35.13513513513514,55.339805825242706,73.91304347826089,73.91304347826089,180.18018018018017,Consumer services,Publishing: newspapers,US36472T1097,0,0,146702000,United States,15046655.105666665,USD
SECZ,Securitize Corp.,7.19,USD,1173542352.7875507,USD,-2.7063599458727916,4.657933042212522,-32.67790262172284,-37.64093668690372,-37.09536307961504,-36.03202846975089,-32.11858006042296,-34.63636363636363,90.10025062656642,Finance,Finance/Rental/Leasing,US81517B1017,0,0,163218690,United States,10763131.297333337,USD
LUXE,LuxExperience B.V.,8.05,USD,1166723668,USD,-5.294117647058815,-2.542372881355921,7.333333333333343,-7.364787111622541,9.375000000000005,-4.1666666666666625,-1.1056511056511038,-72.51621713895528,1.9739100583590803,Retail trade,Internet retail,US55406W1036,0,0,137261608,Germany,1005511.3419999998,USD
LNN,Lindsay Corporation,114.65,USD,1165862688.5155025,USD,-0.14805782964639216,1.911111111111116,-2.1005891896507505,1.911111111111116,-13.576059098447152,-3.3468217838475796,-15.75428025571313,-32.85898336847036,21.99562581536337,Producer manufacturing,Trucks/Construction/Farm machinery,US5355551061,1.28897404633339,30,10168900,United States,18310443.787333336,USD
USPH,"U.S. Physical Therapy, Inc.",76.46,USD,1163628600.8495688,USD,-1.608544588856003,-5.05401713647089,2.644650288629345,30.211171662125334,-9.568302779420465,-2.1875399769732735,7.056846821618583,-36.71053720718484,153.90499194847018,Health services,Medical/Nursing services,US90337L1089,2.34204092137434,15,15218800,United States,19095825.697333336,USD
EOS,Eaton Vance Enhance Equity Income Fund II,21.86,USD,1163067480,USD,-0.4553734061930848,4.9447911665866595,-1.1307100859339665,-3.9120879120879146,0.321248279027078,-7.018290089323702,-8.035338662179218,-7.957894736842108,7.359773752609251,Miscellaneous,Investment trusts,US2782771081,8.3224043715847,18,52963000,United States,2759046.091666667,USD
TBN,Tamboran Resources Corporation,33.22,USD,1157930027.5122862,USD,3.3281493001555225,6.954282034771411,5.460317460317457,-6.972836740408854,20.624546114742195,22.357274401473298,61.96977084349096,47.644444444444446,,Energy minerals,Integrated oil,US87507T1016,0,0,34856410,Australia,4801958.574666666,USD
VYX,NCR Voyix Corporation,8.38,USD,1154824179.315126,USD,-11.974789915966374,-2.6147588611272474,-6.992230854605983,5.144291091593488,-12.526096033402915,-18.164062499999993,-36.75471698113207,-65.92099942728571,20.55937193326791,Technology services,Packaged software,US62886E1082,0,0,137807000,United States,18260679.116666663,USD
MCB,Metropolitan Bank Holding Corp.,92.85,USD,1151133746.422267,USD,-1.2654189706507997,-0.6845651941384112,-6.991886206551142,2.6988165025992674,-2.886727329777225,20.584415584415577,34.17630057803467,22.98013245033112,11.753164556962025,Finance,Regional banks,US5917741044,1.01020842194811,1,12397800,United States,16511057.704666672,USD
TEN,Tsakos Energy Navigation Ltd,39.06,USD,1150294703.6353593,USD,2.7624309392265305,-0.2808271636456457,2.8706873847774648,-11.106053709603996,49.48335246842711,76.9021739130435,83.89830508474579,439.5027624309392,6.3600097696002615,Transportation,Marine shipping,BMG9108L1735,5.26177321757432,24,29449400,Greece,8688826.178666664,USD
NPKI,NPK International Inc.,13.54,USD,1149679893.4506629,USD,-0.2945508100147343,6.112852664576798,-2.72988505747127,-13.371721049264245,-2.1676300578034735,12.645590682196335,47.173913043478265,418.7739463601533,29.935883263320804,Producer manufacturing,Building products,US6517185046,0,0,84909900,United States,15045139.323666668,USD
AMTB,Amerant Bancorp Inc.,29.19,USD,1143951918.996617,USD,-1.251691474966162,-1.65094339622641,11.62523900573615,24.95719178082193,26.090712742980575,49.3858751279427,53.55076275644397,30.66248880931066,20.94725511302476,Finance,Major banks,US0235761014,1.21786197564276,5,39189900,United States,12175163.287999997,USD
BKSY,BlackSky Technology Inc.,27.79,USD,1137211922.881255,USD,10.365369340746621,31.270666036844577,2.925925925925923,-15.685679611650492,26.952946550936495,44.739583333333336,47.114875595553194,-65.1579739217653,,Technology services,Packaged software,US09263B2079,0,0,40921600,United States,32532563.054666672,USD
SAFE,Safehold Inc. New,15.99,USD,1132352421.6930203,USD,-1.235330450895621,-2.2616136919315357,-0.4978220286247671,3.69649805447471,8.040540540540537,17.40088105726873,14.132762312633837,-83.21964529331515,9.884403783148915,Finance,Real estate investment trusts,US78646V1070,4.37306979617047,8,70816300,United States,5341466.519666666,USD
MUX,McEwen Inc.,18.26,USD,1120407368.0416033,USD,-7.35667174023338,4.4622425629290685,-2.091152815013389,-23.47024308466051,-24.886877828054292,-4.347826086956513,71.13402061855672,61.59292035398231,15.617516250427643,Non-energy minerals,Precious metals,US58039P3055,0,0,59740100,Canada,20674228.024666663,USD
TEN/PE,"Tsakos Energy Navigation Ltd Series E Fixed-to-Floating Rate Cumulative Redeemable Perpetual Preferred Shares, par value $1.00",26.36,USD,1119372803,USD,-0.1893222264293855,0.6106870229007639,0.15197568389057425,-1.7883755588673638,-1.4210919970082236,-0.11367942402425592,-0.37792894935752613,6.033789219629928,4.292111047789628,Transportation,Marine shipping,BMG9108L1578,5.26177321757432,24,29449400,Greece,124293.6496466667,USD
TEN/PF,"Tsakos Energy Navigation Ltd Series F Fixed-to-Floating Rate Cumulative Redeemable Perpetual Preferred Shares, par value $1.00",26.75,USD,1119372803,USD,-0.22379709063781694,1.1342155009451822,-1.1090573012939027,-1.978746793697322,-0.5650137536242696,-0.298173686172189,1.2873911397198026,9.272875816993462,4.355613449483026,Transportation,Marine shipping,BMG9108L1651,5.26177321757432,24,29449400,Greece,157371.28238999995,USD
AOD,abrdn Total Dynamic Dividend Fund,10.64,USD,1118782060,USD,0.28275212064091554,3.2007759456838025,2.0134228187919545,1.9157088122605468,6.720160481444332,9.69072164948455,19.55056179775281,3.3009708737864063,4.0689892538911625,Miscellaneous,Investment trusts,US00326L1008,11.2158341187559,18,105446000,United States,4241963.260666666,USD
BOW,Bowhead Specialty Holdings Inc.,33.87,USD,1115779530.892326,USD,0.74360499702558,6.442489000628527,6.142275148856149,29.274809160305335,34.29817605075337,19.009135628952905,8.210862619808296,47.260869565217384,18.23516743835469,Finance,Multi-line insurance,US10240L1026,0,0,32943005,United States,9695954.425333334,USD
TROX,Tronox Holdings plc,6.95,USD,1108692433.222222,USD,18.803418803418815,11.556982343499191,16.610738255033564,-19.091967403958087,-0.7142857142857117,60.879629629629626,106.23145400593471,-61.58098396904367,,Process industries,Chemicals: specialty,GB00BJT16S69,3.41880341880342,14,159524000,United States,17187971.68166667,USD
ANRO,"Alto Neuroscience, Inc.",28.47,USD,1106639648.1105955,USD,1.5697466999643157,5.09413067552602,8.457142857142852,16.346546791990193,98.397212543554,58.60724233983287,833.4426229508197,29.409090909090903,,Health technology,Biotechnology,US02157Q1094,0,0,38870377,United States,17928893.237333335,USD
NMAX,"Newsmax, Inc.",8.56,USD,1105615106.492271,USD,1.7835909631391242,12.631578947368434,-6.652126499454738,40.09819967266776,39.64110929853182,10.167310167310179,-30.349877949552475,-38.857142857142854,,Consumer services,Broadcasting,US65250K1051,0,0,89921350,United States,7585510.262999997,USD
CPAC,Cementos Pacasmayo S.A.A.,11.93,USD,1097226044.07642,USD,-0.1673640167363981,-0.6661115736885934,0.930626057529606,12.335216572504715,12.335216572504715,14.381591562799617,89.0649762282092,95.89490968801314,16.56024430871738,Non-energy minerals,Construction materials,US15126Q2084,4.66856066945607,14,84773600,Peru,585664.65837,USD
GNK,Genco Shipping & Trading Limited,25.13,USD,1095091234.5592492,USD,-1.7207665232694613,-1.179709005112075,0.5602240896358567,-1.4123185562965848,24.405940594059405,36.65035345296356,49.40546967895362,39.53359244863963,66.60482374768088,Transportation,Marine shipping,MHY2685T1313,4.49745795854517,7,43577100,United States,7710319.030000001,USD
VRTS,"Virtus Investment Partners, Inc.",163.5,USD,1092526968.401211,USD,1.0444348309745985,-0.15876893014166518,5.0973838143601,15.084113465193221,11.224489795918368,0.33752684872661026,-14.57233920267516,-47.87183165949306,9.318363159694517,Finance,Investment managers,US92828Q1094,5.93288424695631,12,6682120,United States,25332995.47433333,USD
OI,"O-I Glass, Inc.",7.1,USD,1090984153.2396252,USD,-4.953145917001341,-6.701708278580824,-29.702970297029704,-21.460176991150437,-56.22688039457459,-52.18855218855219,-45.300462249614796,-52.666666666666664,,Process industries,Containers/Packaging,US67098H1041,0,0,153660000,United States,32317675.52566667,USD
PSEC/PA,Prospect Capital Corporation 5.35% Series A Fixed Rate Cumulative Perpetual Preferred Stock,16.521,USD,1087186660,USD,-0.475903614457835,2.9332967813485222,-2.1267772511848237,-8.521594684385372,-7.028700056274613,0.1272727272727321,-5.106260769672598,-32.56734693877551,,Miscellaneous,Investment trusts,US74348T5653,23.963133640553,22,501008000,United States,127259.81523666669,USD
TUYA,Tuya Inc.,1.76,USD,1080365031.6123002,USD,1.1494252873563229,3.529411764705886,-2.222222222222224,-27.272727272727266,-14.975845410628011,-18.518518518518523,-25.106382978723406,-91.39364303178483,17.204301075268816,Technology services,Packaged software,US90114C1071,0,0,542961539,China,1238045.0636666676,USD
LAR,Lithium Argentina AG,6.59,USD,1079442056.8230684,USD,3.7795275590551216,16.63716814159291,-16.157760814249368,-43.04235090751945,-0.45317220543807024,16.225749559082892,142.27941176470586,-54.17246175243394,,Non-energy minerals,Other metals/Minerals,CH1403212751,0,0,163800000,Switzerland,10927001.116333334,USD
CII,"BlackRock Enhanced Large Cap Core Fund, Inc.",24.63,USD,1077486920,USD,-0.16214025131740048,4.143763213530657,-3.901677721420211,0.1219512195121853,8.502202643171804,4.58598726114649,13.6070110701107,15.851364063969884,4.852819482208298,Miscellaneous,Investment trusts,US09256A1097,8.33806242399676,11,43676000,United States,2217537.7279999997,USD
CMP,Compass Minerals Intl Inc,25.66,USD,1076651216.9943392,USD,-14.552114552114556,-14.466666666666667,-13.921502851392146,-9.901685393258427,18.13996316758748,28.557114228456907,25.84600294261893,-62.26470588235294,60.83451872925557,Process industries,Chemicals: specialty,US20451N1019,0,0,41958300,United States,13095116.165333336,USD
FPF,First Trust Intermediate Duration Preferred & Income Fund,17.55,USD,1070921280,USD,-0.2840909090909131,-0.39727582292849195,-3.199117484831761,-4.878048780487798,-6.599254922831285,-5.84763948497854,-6.599254922831285,-32.08204334365325,6.905642559219329,Miscellaneous,Investment trusts,US33718W1036,9.375,12,60847800,United States,1714419.1079999993,USD
HRTG,"Heritage Insurance Holdings, Inc.",35.21,USD,1068620878.1769766,USD,16.473701620906386,19.80265396393331,27.387843704775687,44.0671031096563,31.23369362653747,22.214508851093377,60.483135824977204,395.9154929577465,5.018600607192234,Finance,Property/Casualty insurance,US42727J1025,0,0,30349900,United States,10414911.509666665,USD
TYG,Tortoise Energy Infrastructure Corporation,42.03,USD,1064437467,USD,0.3342086416805934,-1.9365375641623852,-2.119236143455977,-13.766926549035702,-4.823369565217382,1.8415313787254615,-3.357093584732124,58.78352852285607,45.193548387096776,Miscellaneous,Investment trusts,US89147L8862,10.7185485796133,12,25410300,United States,6788787.908666668,USD
RHLD,Resolute Holdings Management,128.59,USD,1061824522.6213459,USD,-5.545761715880699,-0.6720222462536726,-18.079887876664326,19.06481481481482,-32.742298237355506,-37.90622434690231,206.02094240837695,195.60919540229884,18.649746192893403,Commercial services,Miscellaneous commercial services,US76134H1014,0,0,8257441.999999999,United States,20969890.86266667,USD
LAC,Lithium Americas Corp.,3.02,USD,1060208695.0276498,USD,-2.2653721682847845,7.857142857142866,-20.1058201058201,-46.83098591549295,-33.185840707964594,-32.134831460674164,14.828897338403047,-66.04371974076598,,Non-energy minerals,Other metals/Minerals,CA53681J1030,0,0,,Canada,29931792.049999997,USD
EQBK,"Equity Bancshares, Inc.",51.22,USD,1057220628.2741747,USD,-0.5436893203883517,0.3723300019596271,4.148027653517689,12.275317843051296,7.109995817649517,14.86880466472302,37.61418592154756,62.6031746031746,30.75537408430407,Finance,Regional banks,US29460X1090,1.39805825242718,5,20640800,United States,7923889.563666667,USD
EVC,Entravision Communications Corporation,11.41,USD,1050167121.5060345,USD,-1.6379310344827542,1.0628875110717537,-7.235772357723581,61.386138613861384,290.75342465753425,289.419795221843,396.0869565217392,79.96845425867508,,Consumer services,Broadcasting,US29382R1077,1.72413793103448,14,82686500,United States,20041493.52733333,USD
ETW,Eaton Vance Corporation Eaton Vance Tax-Managed Global Buy-Write Opportunites Fund,9.63,USD,1050142660,USD,-0.4136504653567647,3.2154340836012936,0.8376963350785347,1.4752370916754538,3.326180257510735,3.8834951456310813,10.057142857142868,-13.63228699551569,5.618108628434748,Miscellaneous,Investment trusts,US27829C1053,8.23991726990693,13,108598000,United States,2455557.718000001,USD
KFRC,"Kforce, Inc.",58.54,USD,1048392901.9355277,USD,-0.15350503155381784,1.4733922690240968,14.604541895066564,35.196304849884534,59.20587435409299,86.6114121772394,71.57092614302462,-5.121555915721237,27.940053455517372,Commercial services,Personnel services,US4937321010,2.69486610950026,13,17909000,United States,14516014.48433333,USD
LUCK,Lucky Strike Entertainment Corporation,6.68,USD,1044015849.2430044,USD,-1.6200294550810062,-6.047819971870613,-13.695090439276493,-9.85155195681512,3.245749613601236,-21.319199057714965,-31.557377049180328,-44.28690575479566,,Consumer services,Movies/Entertainment,US10258P1021,3.46097201767305,2,78102700,United States,676827.0933333334,USD
ENHA,Enhanced Group Inc.,2.64,USD,1040785333.2537314,USD,-1.492537313432837,-2.9411764705882377,6.451612903225812,-66.51870640456562,-73.75771612608224,-73.74571130227238,-73.33333333333333,-73.33333333333333,139.6825396825397,Finance,Financial conglomerates,US29333R1077,0,0,135398930,United States,1655000.782333333,USD
PLOW,"Douglas Dynamics, Inc.",44.91,USD,1036390220.5226824,USD,-1.5779092702169755,2.7453671928620356,-3.35700451904455,-1.7501640778823107,13.466397170288019,37.760736196319,55.88337382853175,11.772025883524133,20.37843724475905,Producer manufacturing,Trucks/Construction/Farm machinery,US25960R1059,2.58601797063336,16,23077000,United States,15712228.088000001,USD
SBR,Sabine Royalty Trust,70.73,USD,1031197054.1050175,USD,-0.02826855123674349,-2.239115411195564,-3.109589041095885,-7.530396130213088,1.5360321561872057,3.1651108518086373,3.785766691122521,79.15400202634248,15.089388573622903,Miscellaneous,Investment trusts,US7856881021,6.80435335689046,43,14579300,United States,2531544.4563333327,USD
CPF,Central Pacific Financial Corp New,39.27,USD,1024995259.1484374,USD,-1.0332661290322496,-1.282051282051277,2.106084243369741,13.52992194275802,13.300634737449531,25.986525505293553,47.74266365688489,49.88549618320612,12.584118438761777,Finance,Regional banks,US1547604090,2.84778225806452,13,26101200,United States,6140785.922333334,USD
PXED,"Phoenix Education Partners, Inc.",28.43,USD,1024826831.959947,USD,-5.892088712346909,-5.673523556735239,-19.278818852924474,-6.171617161716175,0.6371681415929193,-6.016528925619836,-25.18421052631579,-25.18421052631579,12.74487828932622,Technology services,Internet software/Services,US7189681007,0,1,36047375,United States,4506276.030666666,USD
GSBD,"Goldman Sachs BDC, Inc.",9.09,USD,1023252827.6670442,USD,2.9445073612684007,2.4802705749718226,-1.6233766233766271,-3.9112050739957818,-1.1956521739130375,-2.363050483351242,-18.766756032171582,-53.38461538461539,14.19425359150531,Miscellaneous,Investment trusts,US38147U1079,14.4960362400906,11,112569000,United States,8313518.836666667,USD
AGBK,AGI Inc,6.36,USD,1017155257.5872093,USD,-7.558139534883715,-11.297071129707106,-12.517193947730389,-13.114754098360656,-42.18181818181818,-42.18181818181818,-42.18181818181818,-42.18181818181818,,Finance,Regional banks,KYG0118C1050,0,0,58700710,Brazil,2202097.724,USD
BV,"BrightView Holdings, Inc.",10.94,USD,1013044019.6094339,USD,3.207547169811319,-19.02294596595115,-24.55172413793104,-15.910837817063799,-16.039907904834998,-13.586097946287524,-32.5939617991374,-27.115256495669556,,Commercial services,Miscellaneous commercial services,US10948C1071,0,0,92600000,United States,15957239.299,USD
KOP,Koppers Holdings Inc.,52.33,USD,1006401471.2132078,USD,2.547521066039579,5.567883800685894,11.720751494449178,17.913474538080205,64.40464970153943,93.52810650887574,61.06494305940288,70.67840834964123,13.73274549939642,Process industries,Chemicals: specialty,US50060P1066,0.666274740348815,4,19231800,United States,7848829.373333335,USD
ASA,ASA Gold and Precious Metals Limited,54.63,USD,1004484096,USD,-0.16447368421051956,9.413178449829767,0.9796672828096139,-20.595930232558135,-14.50704225352112,-10.442622950819668,64.10333433463504,153.26842837273992,1.396044158233671,Miscellaneous,Investment trusts,BMG3156P1032,0.127923976608187,21,18356800,United States,3362628.4203333342,USD
ACEL,"Accel Entertainment, Inc.",12.29,USD,997867817.3901851,USD,-1.126307320997591,-0.405186385737445,-1.7585931254996054,7.90166812993853,9.928443649373877,7.996485061511408,7.3362445414847155,3.6256323777403012,18.185853802900265,Consumer services,Movies/Entertainment,US00436Q1067,0,0,81193500,United States,3902019.862666667,USD
ABX,"Abacus Global Management, Inc.",10.4,USD,997592697.0454546,USD,-1.5151515151515165,1.0689990281827135,-13.33333333333333,9.473684210526319,42.076502732240435,21.779859484777532,86.7145421903052,6.557377049180334,26.07169716720983,Finance,Investment managers,US00258Y1047,1.89393939393939,1,95922400,United States,7416936.606666669,USD
CIM,Chimera Investment Corporation,11.86,USD,992041817.2168777,USD,0.08438818565400664,-7.416081186572998,-9.672505712109682,-13.049853372434026,-4.354838709677427,-4.585679806918748,-10.083396512509477,-73.73200442967885,,Finance,Real estate investment trusts,US16934Q8024,13.8396624472574,18,83646000,United States,9794194.206333335,USD
CIMN,Chimera Investment Corporation 9.000% Senior Notes due 2029,25,USD,991205357,USD,0.040016006402567285,-1.5748031496062938,-1.690916240660636,-0.8526670632559978,-0.8624962823436151,-1.185770750988145,-0.3984063745019977,0.40160642570281696,,Finance,Real estate investment trusts,US16934Q8859,13.8396624472574,18,83646000,United States,249425.1099599999,USD
CIM/PB,Chimera Investment Corporation 8.00% Series B Fixed-to-Floating Rate Cumulative Redeemable Preferred Stock,24.1,USD,991205357,USD,0.5843071786310541,1.6423034423422518,1.3456686291000852,-1.4717906786590327,2.3789294817332296,3.433476394849788,-3.522818254603679,-9.0566037735849,,Finance,Real estate investment trusts,US16934Q4064,13.8396624472574,18,83646000,United States,802598.1411466666,USD
CIM/PD,Chimera Investment Corporation 8.00% Series D Fixed-to-Floating Rate Cumulative Redeemable Preferred Stock,23.929,USD,991205357,USD,0.03762541806018724,0.37332214765100097,-0.37885095753539166,-2.290730910575745,2.567509644234892,4.951754385964902,-3.1214574898785457,-9.015209125475293,,Finance,Real estate investment trusts,US16934Q6044,13.8396624472574,18,83646000,United States,316558.57787000004,USD
CIM/PC,Chimera Investment Corporation 7.75% Series C Fixed-to-Floating Rate Cumulative Redeemable Preferred Stock,22.42,USD,991205357,USD,-0.13363028953228323,0.5832211754149957,-2.3944275141488776,-3.027681660899651,2.9857602204869185,5.011709601873537,-2.117441606636103,-13.769230769230763,,Finance,Real estate investment trusts,US16934Q5053,13.8396624472574,18,83646000,United States,454920.54329000006,USD
CIM/PA,Chimera Investment Corporation 8.00% Series A Cumulative Redeemable Preferred Stock,21.66,USD,991205357,USD,0.6038086391082165,-0.4366812227074184,0.7441860465116286,1.8335684062059265,-2.0352781546811367,-0.9149130832570873,-2.4324324324324285,-15.489660554038233,,Finance,Real estate investment trusts,US16934Q3074,13.8396624472574,18,83646000,United States,167891.5349066667,USD
NPK,"National Presto Industries, Inc.",137.74,USD,987050787.9757829,USD,-1.3111700222110656,13.366255144032928,10.192000000000007,0.21098581302293232,1.5931553326449301,29.564481234126617,39.59663524880917,52.08126311140557,30.633395605373188,Electronic technology,Aerospace & defense,US6372151042,0.716486350935015,12,7166040,United States,12054631.040333332,USD
RNP,"Cohen & Steers REIT and Preferred and Income Fund, Inc.",20.41,USD,986453660,USD,-0.9223300970873849,-1.4961389961389902,-1.2100677637947725,-3.771805752003775,-1.1622276029055616,2.7693856998992987,-7.521522428636158,-23.700934579439252,17.08235687981252,Miscellaneous,Investment trusts,US19247X1000,7.92233009708738,9,47886100,United States,2052866.475999999,USD
NXDR,"Nextdoor Holdings, Inc.",2.54,USD,982666979.7306122,USD,3.6734693877550963,9.012875536480685,9.482758620689665,35.10638297872342,46.820809248554916,22.115384615384613,48.538011695906434,-75.76335877862596,,Technology services,Internet software/Services,US65345M1080,0,0,259382000,United States,6605327.1576666655,USD
UTL,UNITIL Corporation,53.8,USD,981133034.5814646,USD,0.5231689088191218,-2.0393299344501177,2.22306669200075,5.5108844871543345,4.12231468937487,10.381616741895764,9.149928991681879,7.214029493822236,17.103799078048002,Utilities,Electric utilities,US9132591077,3.45665171898356,36,18236700,United States,7828143.405666667,USD
TK,Teekay Corporation Ltd.,11.27,USD,980623177.8077278,USD,3.6798528058877675,2.8284671532846595,8.261287223823242,-20.01419446415898,10.816125860373646,25.361512791991093,44.858611825192796,309.8181818181818,,Transportation,Marine shipping,BMG8726T1053,0,0,87011800,Bermuda,6407961.217999999,USD
PDS,Precision Drilling Corporation,76.93,USD,980584989.6771797,USD,2.7239951929496677,4.581294181620452,0.06503642039543622,-14.12145568207188,-8.033472803347278,7.07028531663189,39.416455237404875,134.11442483262329,,Industrial services,Contract drilling,CA74022D4075,0,0,12746500,Canada,8433900.389666667,USD
BBN,BlackRock Taxable Municipal Bond Trust,15.91,USD,980029050,USD,0.31525851197982796,1.3375796178344004,-0.8722741433021842,-1.7901234567901183,-3.0469226081657528,-2.512254901960785,-3.2238442822384497,-40.030154542027894,12.484306340238543,Miscellaneous,Investment trusts,US09248X1000,7.46027742749054,13,61792500,United States,2221666.977,USD
FUBO,FuboTV Inc.,8.99,USD,974842082.3114446,USD,-15.666041275797374,3.690888119953867,-13.307618129218891,-16.37209302325581,-54.59595959595959,-70.50524934383202,-80.83972719522592,-97.19518282790465,,Technology services,Internet software/Services,US35953D4016,0,0,29443800,United States,15166849.187333334,USD
SBSI,"Southside Bancshares, Inc.",32.66,USD,973528572.64974,USD,-0.09177118384827514,0.1226241569589183,-5.960264900662253,-2.652757078986589,-3.2869410719573775,7.434210526315783,13.284772806104748,-11.153427638737762,12.856243111321051,Finance,Regional banks,US84470P1093,4.40501682471704,28,29808000,United States,5359112.433000001,USD
VLRS,"Controladora Vuela Compania de Aviacion, S.A.B. de C.V.",8.05,USD,972284329.1322,USD,-3.823178016726386,5.228758169934645,-12.784398699891653,2.5477707006369563,-22.596153846153843,-10.456062291434922,42.47787610619469,-60.84630350194552,,Transportation,Airlines,US21240E1055,0,0,114951701.8,Mexico,5254283.385333333,USD
ABR/PD,"Arbor Realty Trust 6.375% Series D Cumulative Redeemable Preferred Stock, Liquidation Preference $25.00 per Share",15.8599,USD,964505104,USD,-0.08064160476793719,-0.25220125786163955,-1.4913043478260977,-6.706470588235296,-8.903503733486504,-7.522448979591831,-11.149019607843146,-38.192127825409194,247.03894080996886,Finance,Real estate investment trusts,US0389238769,20.6963249516441,14,186558000,United States,249284.30179000009,USD
ABR/PF,"Arbor Realty Trust 6.25% Series F Fixed-to-Floating Rate Cumulative Redeemable Preferred Stock, Liquidation Preference $25.00 per share",22.3,USD,964505104,USD,-0.5352363960749374,-0.08960573476702317,-2.1071115013169464,-4.250751395448684,-0.08960573476702317,2.4345429490124078,-0.6677089875678681,-12.204724409448811,347.3520249221184,Finance,Real estate investment trusts,US0389238504,20.6963249516441,14,186558000,United States,480950.4493333333,USD
ABR/PE,Arbor Realty Trust 6.25% Series E Cumulative Redeemable Preferred Stock,15.6468,USD,964505104,USD,-0.5605338417540434,-0.7812301838934614,-2.0237946149029424,-6.808814770696835,-11.299319727891156,-7.851590106007065,-11.995275457690026,-38.13048635824436,243.71962616822432,Finance,Real estate investment trusts,US0389238686,20.6963249516441,14,186558000,United States,130466.14053666669,USD
BBDC,"Barings BDC, Inc.",9.2,USD,963303363.0878859,USD,9.263657957244648,11.245465538089476,7.476635514018677,1.5452538631346444,3.6036036036035863,0,-0.4329004329004429,-13.615023474178415,10.817166372721926,Miscellaneous,Investment trusts,US06759L1035,12.3515439429929,19,104707000,United States,5139140.554333334,USD
RPC,"Ridgepost Capital, Inc.",8.79,USD,962366222.807649,USD,-1.1248593925759438,4.3942992874109175,11.548223350253798,3.9007092198581357,-13.228035538005939,-10.579857578840294,-27.832512315270943,14.90196078431371,37.11993243243243,Finance,Investment managers,US69376K1060,1.71541057367829,4,78219900,United States,4316440.884333333,USD
NX,Quanex Building Products Corporation,20.87,USD,958516554.3860153,USD,-0.047892720306503885,13.60914534567229,22.11819777647748,3.470500743678727,1.5077821011673262,34.906270200387844,5.457301667508853,-13.991345559447762,,Producer manufacturing,Building products,US7476191041,1.53256704980843,38,45928000,United States,6838395.700333332,USD
RERE,ATRenew Inc.,4.41,USD,957056233,USD,1.146788990825684,4.999999999999999,9.97506234413966,-3.7117903930130987,-22.9020979020979,-18.181818181818176,28.94736842105264,-64.23357664233576,17.696629213483146,Retail trade,Electronics/Appliance stores,US00138L1089,2.29357798165138,1,131716270.66270699,China,3590127.384000001,USD
ABR,Arbor Realty Trust,5.13,USD,957042782.1121856,USD,-0.773694390715668,1.5841584158415856,3.0120481927710734,-29.532967032967036,-33.806451612903224,-33.806451612903224,-56.340425531914896,-72.22523010286952,79.90654205607477,Finance,Real estate investment trusts,US0389231087,20.6963249516441,14,186558000,United States,21627443.91333334,USD
REF,Reformation Inc.,16.13,USD,956055376.01,USD,0,7.533333333333327,7.533333333333327,7.533333333333327,7.533333333333327,7.533333333333327,7.533333333333327,7.533333333333327,,Retail trade,Apparel/Footwear retail,US75867H1068,0,0,59271877,United States,,
DEC,Diversified Energy Company,13.49,USD,948098293.4545455,USD,3.0557677616501175,4.492641363284276,-0.22189349112425563,-14.185750636132319,6.053459119496852,-7.539410555174776,-7.792207792207796,-53.15972222222222,,Energy minerals,Oil & gas production,US25520W1071,11.0519862490451,10,72323470,United States,13695206.766999999,USD
KRO,Kronos Worldwide Inc,8.23,USD,946887149.5040259,USD,32.52818035426731,30.842607313195554,41.65232358003444,16.407355021216407,41.408934707903775,83.70535714285714,49.63636363636365,-36.692307692307686,,Process industries,Chemicals: specialty,US50105F1057,3.22061191626409,16,115053000,United States,2816834.018,USD
BUR,Burford Capital Limited,4.3,USD,944213359.063232,USD,0.7025761124121839,4.1162227602905554,-2.050113895216398,-13.30645161290323,-51.6310461192351,-52.16907675194661,-66.22152395915161,-61.53846153846154,,Finance,Finance/Rental/Leasing,GG00BMGYLN96,2.93632318501171,16,219584000,United Kingdom,8765825.716999998,USD
CSR,D/B/A Centerspace,56,USD,940472498.4182777,USD,-1.5817223198594001,-0.9024951336046683,-2.234636871508382,-17.159763313609464,-13.272417531361304,-15.966386554621849,4.536120963225685,-40.51412789462503,70.99391480730223,Finance,Real estate investment trusts,US15202L1070,5.41300527240773,8,16794200,United States,8997314.893333333,USD
VCX,"Fundrise Innovation Fund, LLC",32.91,USD,935438130,USD,-0.2727272727272831,-6.372688477951642,-56.18426308081481,-80.86627906976744,5.311999999999989,5.311999999999989,5.311999999999989,5.311999999999989,4.230077120822622,Miscellaneous,Investment trusts,US3608521072,0,0,28346610,United States,9583201.040999988,USD
BTZ,BlackRock Credit Allocation Income Trust,10.15,USD,935111490,USD,1.2974051896207663,2.112676056338037,-1.1684518013631862,-1.9323671497584474,-5.493482309124766,-6.278855032317633,-8.061594202898542,-35.14376996805112,9.260948905109489,Miscellaneous,Investment trusts,US0925081004,10.0479041916168,10,93324500,United States,2856942.3659999995,USD
KODK,Eastman Kodak Company,9.45,USD,925154981.7900609,USD,-4.15821501014199,12.768496420047715,14.823815309842027,-18.534482758620694,27.35849056603773,10.26837806301049,44.05487804878048,25.832223701731017,,Producer manufacturing,Industrial machinery,US2774614067,0,0,97900000,United States,7623587.135333339,USD
MCS,Marcus Corporation (The),30.63,USD,922995252.8856772,USD,-0.519649236765184,15.280391418893485,36.61909009812666,68.1119648737651,100.98425196850393,98.38082901554405,105.43259557344064,87.11056811240071,42.300787184090595,Consumer services,Movies/Entertainment,US5663301068,1.03929847353037,4,23847600,United States,8727592.305,USD
KBDC,"Kayne Anderson BDC, Inc.",13.88,USD,920937950.3199416,USD,1.3878743608473432,3.197026022304844,1.536210680321879,-9.517601043024767,-0.6442376521116668,-3.409881697981896,-10.161812297734619,-14.584615384615379,10.857321652065082,Finance,Investment managers,US48662X1054,11.6873630387144,2,66349999.99999999,United States,4287871.096333333,USD
MFA/PB,"MFA Financial, Inc. Preferred Series B",20.31,USD,920461952,USD,-0.19606975955657244,-0.6845965770171177,0.6941001487357313,-2.915869980879555,-1.0716025328787258,2.1116138763197494,-5.578800557880069,-19.691577698695138,20.303908827351794,Finance,Real estate investment trusts,US55272X4097,15.8940397350993,28,101596000,United States,243181.39904,USD
MFA/PC,"MFA Financial, Inc. 6.50% Series C Fixed-to-Floating Rate Cumulative Redeemable Preferred Stock",23.27,USD,920461952,USD,0,0.04299226139294071,0.5617977528089845,-2.9203170629954083,-0.34261241970022205,1.7935258092738415,-4.713546891827148,-0.2571795970852924,23.2630210936719,Finance,Real estate investment trusts,US55272X5086,15.8940397350993,28,101596000,United States,701145.4298866668,USD
MFAO,"MFA Financial, Inc. 9.000% Senior Notes due 2029",25.07,USD,920461952,USD,0.0998203234178422,-1.4931237721021573,-1.1435331230283878,-0.43685464654487466,-0.6420418516169905,-1.29921259842519,-0.31809145129223976,-0.5158730158730119,25.062481255623315,Finance,Real estate investment trusts,US55272X8056,15.8940397350993,28,101596000,United States,201573.45288333338,USD
UAMY,United States Antimony Corporation,6.21,USD,920232736.6034484,USD,-2.664576802507836,19.653179190751434,-13.509749303621167,-45.976511526750755,-19.97422680412371,19.423076923076916,80,560.6382978723404,,Non-energy minerals,Other metals/Minerals,US9115491030,0,0,148186000,United States,35116415.66833335,USD
MFA,"MFA Financial, Inc.",9.05,USD,919445989.580574,USD,-0.11037527593818748,-2.267818574514029,-3.3119658119657984,-7.653061224489796,-6.7010309278350375,-2.8969957081545017,0.4439511653718194,-51.55246252676659,9.047285814255725,Finance,Real estate investment trusts,US55272X6076,15.8940397350993,28,101596000,United States,15758362.985000001,USD
MYN,"Blackrock MuniYield New York Quality Fund, Inc.",9.76,USD,918646336,USD,0,-0.30643513789580556,-4.125736738703339,-3.1746031746031775,-2.691924227318042,-1.9095477386934625,4.385026737967916,-32.17512161223072,61.30653266331658,Miscellaneous,Investment trusts,US09255E1029,6.29508196721312,15,94123600,United States,1639671.6046666661,USD
NABL,"N-able, Inc.",4.87,USD,917402258.5390781,USD,-2.404809619238479,11.441647597254004,13.519813519813521,-1.8145161290322551,-14.109347442680773,-35.582010582010575,-38.89585947302383,-65.36273115220484,,Technology services,Packaged software,US62878D1000,0,0,188378000,United States,8013649.005999999,USD
PML,Pimco Municipal Income Fund II,7.36,USD,916164600,USD,0.8219178082191849,0.4092769440654877,-3.1578947368420964,-3.2851511169513796,-5.0322580645161255,-3.030303030303024,0.27247956403270385,-51.19363395225464,26.89075630252101,Miscellaneous,Investment trusts,US72200W1062,6.49315068493151,11,125502000,United States,2837915.371666668,USD
BZH,"Beazer Homes USA, Inc.",33.46,USD,914589748.4079835,USD,-1.790431464631639,1.4554275318374894,18.82102272727273,79.12205567451821,36.57142857142858,65.23456790123457,43.11377245508983,90.32992036405008,,Consumer durables,Homebuilding,US07556Q8814,0,0,27333800,United States,12316727.119666668,USD
BCX,BlackRock Resources,12.03,USD,914094819,USD,0.3336113427856476,1.9491525423728697,4.9738219895287825,-1.715686274509811,-2.591093117408909,7.9892280071813175,24.66321243523315,31.90789473684211,4.300729300729301,Miscellaneous,Investment trusts,US09257A1088,6.97581317764804,11,76238100,United States,2155257.9429999995,USD
EVEX,"Eve Holding, Inc.",2.62,USD,913034289.2030076,USD,-1.5037593984962419,16.44444444444445,-5.755395683453227,-18.380062305295947,-19.63190184049079,-34.987593052109176,-58.60979462875198,-73.85229540918164,,Electronic technology,Aerospace & defense,US29970N1046,0,0,348486000,United States,2924336.7499999995,USD
EIG,Employers Holdings Inc,50.58,USD,908442423.7463068,USD,-0.3742367539885854,-3.785428951873696,-1.8626309662398155,20.428571428571423,10.05221932114882,17.436730903180862,22.20343078038173,21.938283510125366,72.59939715803071,Finance,Property/Casualty insurance,US2922181043,2.56056726413236,18,17960500,United States,11390653.352333333,USD
STK,Columbia Seligman Premium Technology Growth Fund Inc,51.51,USD,907814628,USD,0.23350846468183972,10.893433799784704,-0.4060324825986095,1.497536945812804,32.92903225806451,38.65410497981158,66.64509867356843,51.767825574543316,5.924434987635862,Miscellaneous,Investment trusts,US19842X1090,3.59992216384511,16,17665200,United States,3154286.778999999,USD
VPG,"Vishay Precision Group, Inc.",68.05,USD,905133044.4494289,USD,-7.490483958673198,-21.691599539700814,-42.54474839581223,6.46120150187734,28.736284525160798,75.38659793814433,150.64456721915286,86.43835616438355,230.83446404341925,Electronic technology,Electronic components,US92835K1034,0,0,12278100,United States,66356873.791,USD
AIO,Virtus Artificial Intelligence & Technology Opportunities Fund,26.07,USD,901471982,USD,-0.5341472720335771,4.95169082125604,-3.5872781065088715,1.3214146910221525,16.958277254374163,19.09547738693467,5.760649087221102,-4.819277108433736,,Miscellaneous,Investment trusts,US92838Y1001,6.86760778328882,4,34394200,United States,1964083.0453333333,USD
SMBK,"SmartFinancial, Inc.",52.72,USD,901431504.2506132,USD,-0.5095301000188773,-0.1704222685097584,11.908299724050096,25.314951271690035,21.755196304849893,43.651226158038135,56.81142177275432,110.88,15.565856683102544,Finance,Regional banks,US83190L2088,0.64163049632006,7,17098500,United States,6628507.787333331,USD
NRK,Nuveen New York AMT-Free Quality Municipal Income Fund,10.33,USD,901140649,USD,0,0.09689922480619949,-3.9962825278810383,-3.8175046554934835,1.4734774066797678,1.873767258382638,8.62250262881178,-28.313671061762665,33.172768143866406,Miscellaneous,Investment trusts,US6706561072,8.01548886737657,2,87235300,United States,2581106.0976666664,USD
HTD,John Hancock Tax Advantaged Dividend Income Fund,25.33,USD,899613402,USD,-0.23631350925562142,-1.5163297045101112,-0.5106048703849275,-1.5928515928515934,2.260799354057322,6.51808242220352,3.303425774877646,-0.6666666666666734,5.247239657779711,Miscellaneous,Investment trusts,US41013V1008,7.30996455297361,16,35431800,United States,1879432.1146666664,USD
DQ,DAQO New Energy Corp.,13.55,USD,898606279,USD,2.033132530120492,10.16260162601626,11.614497528830313,-27.150537634408604,-43.091138177236445,-54.833333333333336,-36.71181690798692,-76.88896469384274,,Process industries,Chemicals: specialty,US23703Q2030,0,0,67666136.8,China,11042857.27666666,USD
NXP,Nuveen Select Tax Free Income Portfolio,14.2,USD,896083254,USD,-0.14064697609002355,-0.28089887640450084,-1.5256588072122097,-0.6298110566829942,-0.42075736325386043,0.3533568904593564,1.1396011396011407,-18.71780194619347,26.924535456958665,Miscellaneous,Investment trusts,US67062F1003,4.4620253164557,11,63015700,United States,1985970.7806666668,USD
SOC,Sable Offshore Corp.,4.79,USD,894917850.8444924,USD,3.4557235421166337,12.177985948477764,19.75,-62.86821705426357,-34.91847826086956,-55.19176800748363,-84.27445830597505,-50.618556701030926,,Energy minerals,Integrated oil,US78574H1041,0,0,186830000,United States,62464405.434999995,USD
MTUS,Metallus Inc.,21.43,USD,888258181.8122109,USD,-0.8788159111933455,5.514524864598725,17.489035087719305,16.78474114441416,2.8804608737398056,23.658395845354885,39.15584415584415,55.17740767559738,121.14188807235726,Non-energy minerals,Steel,US8873991033,0,0,41449300,United States,8465926.53,USD
WGO,"Winnebago Industries, Inc.",31.29,USD,884533626.6097561,USD,-2.1575984990619177,-1.448818897637798,2.021519400065202,-2.401746724890839,-36.24694376528117,-23.252391464312005,4.05719986697705,-58.21314102564103,23.020894643908182,Consumer durables,Recreational products,US9746371007,4.37773608505316,11,28268900,United States,21921838.21466667,USD
HIPO,Hippo Holdings Inc.,33.39,USD,881141494.8688526,USD,3.278688524590171,4.343750000000002,17.446359479423148,22.802500919455678,13.109756097560979,10.12532981530343,18.952618453865338,-83.28410513141426,7.1840440638581695,Finance,Property/Casualty insurance,US4335392027,0,0,26389400,United States,5743500.105333334,USD
CVLG,"Covenant Logistics Group, Inc.",34.94,USD,879474374.678222,USD,-2.3203802068772865,-17.046533713200382,-20.753005216602414,4.516900987137296,21.277334258937866,58.4580498866213,45.64401834097541,241.71149144254275,335.6388088376561,Transportation,Trucking,US22284P1057,0.782778864970646,4,20471000,United States,9232652.915666666,USD
SMP,"Standard Motor Products, Inc.",39.33,USD,878643799.2695807,USD,-0.6316321374431532,-2.816901408450706,3.2825630252100844,-0.43037974683544733,-10.08230452674898,6.297297297297293,13.375612568463536,-8.513607815771117,17.6201783074235,Consumer durables,Automotive aftermarket,US8536661056,3.23395654370894,16,22340300,United States,5757530.720666666,USD
PCN,Pimco Corporate & Income Strategy Fund,11.8,USD,877972925,USD,0.4255319148936231,1.987899740708733,-0.8403361344537785,-2.2369511184755555,-8.242612752721607,-7.884465261514439,-7.232704402515723,-39.14388860237236,9.426425946636844,Miscellaneous,Investment trusts,US72200U1007,11.4893617021277,18,74721100,United States,3778832.252333333,USD
AWF,Alliancebernstein Global High Income Fund,10.11,USD,876093752,USD,-0.4921259842519755,0.19821605550049132,-1.0763209393346498,-1.1730205278592472,-4.4423440453686265,-5.425631431244154,-9.973285841496,-18.990384615384624,13.462050599201065,Miscellaneous,Investment trusts,US01879R1068,7.25590551181102,19,86229700,United States,3338084.0189999994,USD
ARI,"Apollo Commercial Real Estate Finance, Inc",6.69,USD,876037084.4189188,USD,0.4504504504504542,0.2998500749625257,-34.92217898832684,-38.848263254113334,-37.82527881040892,-31.030927835051536,-32.56048387096774,-56.7829457364341,8.318826162646108,Finance,Real estate investment trusts,US03762U1051,15.015015015015,16,130947000,United States,53246698.458,USD
PHK,Pimco High Income Fund,4.71,USD,868936220,USD,1.072961373390554,2.391304347826094,0.6410256410256464,0.21276595744680396,-4.655870445344138,-3.680981595092019,-4.462474645030421,-33.09659090909091,9.106728538283063,Miscellaneous,Investment trusts,US7220141078,12.3605150214592,10,186467000,United States,4781510.244333332,USD
HTB,"HomeTrust Bancshares, Inc.",51.62,USD,867492110.5765138,USD,-0.13542271232346736,0.07754943776657454,4.346068324236908,12.609075043630003,15.455155446208893,20.889929742388745,33.523021210553544,92.03869047619048,13.51981351981352,Finance,Regional banks,US4378721041,1.02534339330625,7,16805400,United States,7029498.689000001,USD
PD,"PagerDuty, Inc.",11.1,USD,856060505.8288769,USD,-1.0695187165775488,5.613701236917221,9.037328094302554,54.59610027855153,37.54646840148698,-14.942528735632191,-28.89173606662396,-74.22800092872069,5.4377112624308035,Technology services,Packaged software,US69553P1003,0,0,77122600,United States,16217212.361999998,USD
SKYH,Sky Harbour Group Corporation,11.07,USD,847164344.7769719,USD,0.36264732547598305,4.829545454545452,7.894736842105269,11.256281407035187,26.22576966932726,23.41137123745819,12.959183673469383,9.930486593843098,67.66503667481663,Finance,Real estate development,US83085C1071,0,0,34481600,United States,1758525.740333333,USD
FET,"Forum Energy Technologies, Inc.",75.23,USD,846058733.6012977,USD,-0.38400423728812505,47.451979615836926,59.2506350550381,36.53357531760436,64.00697623719208,104.15196743554954,296.36459430979977,283.4352701325178,,Industrial services,Oilfield services/Equipment,US34984V2097,0,0,11246300,United States,11125469.635666667,USD
ESRT,"Empire State Realty Trust, Inc.",4.88,USD,843070415.6891617,USD,-0.20449897750510812,-6.513409961685821,-15.277777777777775,-13.628318584070803,-27.164179104477615,-24.691358024691365,-32.689655172413794,-55.55555555555555,258.2010582010582,Finance,Real estate investment trusts,US2921041065,2.86298568507158,13,171790000,United States,10725009.120333333,USD
BCSF,"Bain Capital Specialty Finance, Inc.",12.94,USD,839398505.3170346,USD,2.050473186119872,2.1310181531175973,2.535657686212364,-6.29978276611152,-1.6717325227963575,-7.306590257879666,-13.762079306897707,-14.700065919578119,11.404900405429226,Finance,Financial conglomerates,US05684B1070,13.2492113564669,8,64868500,United States,3658858.239333333,USD
GOOS,Canada Goose Holdings Inc. Subordinate Voting Shares,8.57,USD,836951420.9159935,USD,-2.834467120181406,-6.338797814207651,-12.1025641025641,-28.284518828451876,-16.553067185978573,-34.22870299309285,-24.29328621908127,-80.08366256100395,22.11316158863843,Consumer non-durables,Apparel/Footwear,CA1350861060,0,0,46656532,Canada,6535525.310000001,USD
SUPV,Grupo Supervielle S.A.,8.72,USD,835365679.745024,USD,-2.895322939866367,-10.010319917440649,-14.003944773175542,0.5767012687427995,-16.395014381591555,-25.850340136054413,-20.87114337568057,349.4845360824743,,Finance,Major banks,US40054A1088,0,0,76186800,Argentina,4033782.1959999995,USD
IBTA,"Ibotta, Inc.",35.96,USD,833409871.2174407,USD,1.8120045300113266,36.93830921553693,7.311250373022987,-2.2028827848789834,85.36082474226806,59.68028419182949,1.6393442622950771,-69.26495726495726,,Technology services,Packaged software,US4510511060,0,0,20148602,United States,7600275.172666667,USD
BAK,Braskem SA,2.33,USD,831722538.6136,USD,3.0973451327433756,3.0973451327433756,-1.2711864406779578,-37.027027027027025,-33.42857142857143,-19.93127147766323,-26.031746031746028,-89.14764788076386,,Process industries,Chemicals: specialty,US1055321053,0,0,172529986.5,Brazil,4818966.835333334,USD
HPP/PC,"Hudson Pacific Properties, Inc. 4.750% Series C Cumulative Redeemable Preferred Stock",14.49,USD,830103543,USD,0.48543689320388544,1.6129032258064546,-0.3438789546079707,-4.0397350993377446,-6.516129032258062,-6.455777921239509,-3.3999999999999986,-41.73703256936067,,Finance,Real estate investment trusts,US4440973075,0,0,54242000,United States,344386.8168333334,USD
BFS,"Saul Centers, Inc.",33.8,USD,829308163.5622953,USD,0.5055010407374206,-3.6213287710293787,-8.500270709258258,-1.1117612638970233,-3.373356203544882,7.677604332589985,4.417670682730924,-27.545551982851023,32.047027590784104,Finance,Real estate investment trusts,US8043951016,7.01754385964912,33,24535700,United States,3625391.440333334,USD
CAPL,CrossAmerica Partners LP,21.7,USD,827948960.3864279,USD,2.262016965127241,-0.9132420091324169,-3.124999999999997,-0.1839926402943843,-2.384165542060284,6.268364348677754,7.960199004975112,16.104868913857665,14.813297836029761,Distribution services,Wholesale distributors,US22758A1051,9.89632422243167,13,38154300,United States,683478.437,USD
INN/PF,"Summit Hotel Properties, Inc. 5.875% Series F Cumulative Redeemable Preferred Stock, $0.01 par value per share",17.55,USD,827027879,USD,-1.0425770655599917,1.269474899019056,4.495385531408151,-0.34071550255535904,-2.7161862527716103,-1.9553072625698207,-6.350053361792945,-29.659318637274545,,Finance,Real estate investment trusts,US8660827044,4.69208211143695,4,108365000,United States,244318.82350999993,USD
INN/PE,"Summit Hotel Properties, Inc. 6.250% Series E Cumulative Redeemable Preferred Stock",18.3,USD,827027879,USD,-1.876675603217147,-0.8130081300812931,3.3898305084745846,-1.876675603217147,-3.7348763808521874,0.8264462809917473,-3.1233456855479083,-30.906111599844444,,Finance,Real estate investment trusts,US8660826053,4.69208211143695,4,108365000,United States,154946.79261666664,USD
BFS/PE,"Saul Centers, Inc. Depositary shares, each representing a 1/100th fractional interest in a share of 6.000% Series E Cumulative Redeemable Preferred Stock",21.71,USD,825137087,USD,-1.3181818181818143,-0.3671408903166512,-0.6407322654462269,-1.5419501133786842,-5.155089558759282,-3.166815343443358,-1.3181818181818143,-23.183888077049634,20.584052337157488,Finance,Real estate investment trusts,US8043958797,7.01754385964912,33,24535700,United States,101617.40044666665,USD
BFS/PD,"Saul Centers, Inc. Depositary Shares, each representing 1/100th of a share of 6.125% Series D Cumulative Redeemable Preferred Stock",20.85,USD,825137087,USD,-0.5485332697352656,-2.706486234251042,-0.19147917663953637,1.2135922330097086,-1.650943396226405,0.6760019314340925,-2.2045028142589063,-23.147806855879093,19.768654593723337,Finance,Real estate investment trusts,US8043958045,7.01754385964912,33,24535700,United States,48812.44697333333,USD
PMT/PB,PennyMac Mortgage Investment Trust 8.00% Series B Fixed-to-Floating Rate Cumulative Redeemable Preferred Shares of Beneficial Interest,22.45,USD,824062305,USD,-0.6637168141593014,0.8988764044943788,-0.4434589800443522,-2.0078568310781355,-7.422680412371136,-5.791019723038183,-7.422680412371136,-17.43287973519677,15.715785789289463,Finance,Real estate investment trusts,US70931T4004,16.9312169312169,16,87202400,United States,213234.16949000003,USD
PMT/PA,PennyMac Mortgage Investment Trust 8.125% Series A Fixed-to-Floating Rate Cumulative Redeemable Preferred Shares of Beneficial Interest,22.55,USD,824062305,USD,-0.06647462884999145,1.302785265049412,1.5308419630796932,-2.4653979238754338,-7.316070694615692,-5.884808013355593,-6.933553446141146,-15.637860082304526,15.785789289464473,Finance,Real estate investment trusts,US70931T3014,16.9312169312169,16,87202400,United States,165640.2087866667,USD
PMT/PC,PennyMac Mortgage Investment Trust 6.75% Series C Cumulative Redeemable Preferred Shares of Beneficial Interest,18.06,USD,824062305,USD,-0.5506607929515497,1.063234471180737,1.1764705882352788,-1.5267175572519147,-7.621483375959089,-2.483801295896333,-3.9361702127659677,-27.32394366197184,12.642632131606579,Finance,Real estate investment trusts,US70931T5092,16.9312169312169,16,87202400,United States,469293.82718333317,USD
PMTU,PennyMac Mortgage Investment Trust 8.50% Senior Notes due 2028,25.51,USD,824062305,USD,-0.35156249999999944,-0.35156249999999944,-0.15655577299412582,0.03921568627451594,-0.23464998044582996,0.5914826498422797,0.2751572327044036,4.1224489795918435,17.85789289464473,Finance,Real estate investment trusts,US70931T6082,16.9312169312169,16,87202400,United States,30328.20371333334,USD
YALA,Yalla Group Limited,5.38,USD,821402319,USD,0.18621973929236102,-0.7380073800738014,-3.9285714285714244,-22.47838616714698,-22.47838616714698,-23.903818953323906,-40.22222222222222,-58.710667689946284,6.794645112402122,Technology services,Internet software/Services,US98459U1034,0,0,128227316,United Arab Emirates,1471348.5729999996,USD
EOI,Eaton Vance Enhance Equity Income Fund Eaton Vance Enhanced Equity Income Fund Shares of Beneficial Interest,20.02,USD,820854034,USD,0,3.2490974729241824,0.8056394763343411,0.15007503751876508,-1.3793103448275918,-3.331723804925163,-4.118773946360151,6.659563132658498,8.528584817244612,Miscellaneous,Investment trusts,US2782741050,8.01998001998002,17,41001700,United States,1367589.0240000004,USD
CTO/PA,"CTO Realty Growth, Inc. 6.375% Series A Cumulative Redeemable Preferred Stock",21.2081,USD,817182881,USD,0.32213812677389386,-0.5714955461790744,-0.9430172816440842,-1.1277389277389165,1.1354315689079775,3.6057645334636197,-4.252370203160257,-17.542379471228607,15.556443922834301,Finance,Real estate investment trusts,US22948Q2003,6.97247706422018,39,37485500,United States,125527.78989999999,USD
CTO,"CTO Realty Growth, Inc.",21.8,USD,817182881,USD,0,-3.0680302356602835,0.9726725335803652,7.389162561576354,17.456896551724153,18.478260869565233,32.04118715929739,20.642068154799496,15.990611017384289,Finance,Real estate investment trusts,US22948Q1013,6.97247706422018,39,37485500,United States,8556489.896999998,USD
CODI/PB,Compass Diversified Holdings 7.875% Series B Fixed-to-Floating Rate Cumulative Preferred Shares representing beneficial interests in Compass Diversified Holding,22.02,USD,816310298,USD,-0.4520795660036231,-0.6765899864682098,-1.3440860215053796,-1.6085790884718474,8.526367668802369,23.016759776536322,22.197558268590456,-18.59519408502773,,Finance,Investment managers,US20451Q3020,2.30414746543779,20,75236000,United States,265952.38268333336,USD
CODI/PC,Compass Diversified Holdings 7.875% Series C Cumulative Preferred Shares,21.9206,USD,816310298,USD,0.002737226277365883,-1.0803249097472916,-1.4361510791366823,-0.33825869515799356,7.401273885350318,20.44285714285715,15.371578947368425,-16.33358778625954,,Finance,Investment managers,US20451Q4010,2.30414746543779,20,75236000,United States,294083.5921033334,USD
CODI/PA,Compass Diversified Holdings 7.250% Series A Preferred Shares representing beneficial interest in Compass Diversified Holdings,19.57,USD,816310298,USD,-0.6598984771573554,-2.5883524141363843,-1.3126377311488018,-5.36750483558994,5.783783783783785,22.46558197747184,15.593620791494391,-24.23538521099496,,Finance,Investment managers,US20451Q2030,2.30414746543779,20,75236000,United States,142347.29378999997,USD
SXC,"SunCoke Energy, Inc.",9.6,USD,814798598.9189188,USD,-0.2079002079002035,2.3454157782515868,21.673003802281368,31.50684931506849,18.226600985221683,32.231404958677686,27.999999999999996,33.51877607788594,,Non-energy minerals,Steel,US86722A1034,4.98960498960499,7,84874900,United States,14390373.745000001,USD
PMT,PennyMac Mortgage Investment Trust,9.34,USD,814470045.3650794,USD,-1.1640211640211582,-2.4033437826541317,-14.54711802378774,-14.54711802378774,-23.755102040816325,-25.75516693163752,-22.8099173553719,-51.78110480123903,6.538326916345817,Finance,Real estate investment trusts,US70931T1034,16.9312169312169,16,87202400,United States,17531813.923,USD
PSTL,"Postal Realty Trust, Inc.",22.77,USD,812903223.1980284,USD,-2.400342906129442,-2.9825308904985057,-6.9472823865958295,-1.2575888985255819,18.77934272300468,41.253101736972695,55.214723926380366,14.078156312625245,41.964614817545154,Finance,Real estate investment trusts,US73757R1023,4.17916845263609,7,30248900,United States,7726411.191,USD
MNTN,"MNTN, Inc.",10.99,USD,812425753.6308725,USD,5.369127516778528,18.299246501614654,-3.5964912280701764,19.456521739130444,39.11392405063291,-8.263772954924876,-65.65625,12.142857142857137,14.542807992589651,Technology services,Packaged software,US55318A1088,0,0,61013454,United States,13467850.571333336,USD
CODI,D/B/A Compass Diversified Holdings Shares of Beneficial Interest,10.77,USD,810291420.2267281,USD,-0.7373271889400929,5.795677799607072,5.795677799607072,-9.571788413098242,69.33962264150942,126.26050420168067,53.20056899004266,-58.78300803673938,,Finance,Investment managers,US20451Q1040,2.30414746543779,20,75236000,United States,7389553.146666671,USD
INN,"Summit Hotel Properties, Inc.",6.68,USD,810050767.1143694,USD,-2.052785923753674,-6.179775280898882,1.2121212121212133,24.163568773234196,49.44071588366891,36.0488798370672,44.90238611713664,-25.777777777777782,,Finance,Real estate investment trusts,US8660821005,4.69208211143695,4,108365000,United States,9095454.944999998,USD
PKE,Park Aerospace Corp.,37.23,USD,809797611.450119,USD,-1.4818735115109878,10.245780278353548,-0.48115477145148283,9.920283436669617,53.84297520661156,73.3240223463687,104.11184210526315,142.0676202860858,59.90345937248591,Electronic technology,Aerospace & defense,US70014A1043,1.32310134956338,41,21751200,United States,11530636.616666669,USD
INR,"Infinity Natural Resources, Inc.",12.74,USD,809395629.2194357,USD,-0.15673981191222236,4.5977011494252915,3.915171288743886,-17.272727272727273,-23.299217338952435,-14.208754208754206,-12.198483804272911,-42.50902527075812,4.418088500485505,Energy minerals,Integrated oil,US4569411030,0,0,18751608,United States,3999582.0653333305,USD
BTO,John Hancock Financial Opportunities Fund,40.38,USD,807732768,USD,-0.9322865554465052,-0.9079754601226931,1.7128463476070521,8.228357008844814,1.8411097099621792,14.326160815402044,17.38372093023257,-3.857142857142851,11.430027173913045,Miscellaneous,Investment trusts,US4097352060,6.37880274779195,10,19816800,United States,2038391.2820000001,USD
GFR,Greenfire Resources Ltd.,6.43,USD,806499828.5196582,USD,9.914529914529917,2.5518341307815016,17.550274223034737,11.245674740484418,15.855855855855854,33.402489626556005,41.62995594713656,-34.05128205128205,,Energy minerals,Integrated oil,CA39525U1075,0,0,125427650,Canada,1194323.071,USD
OGG,Osisko Gold Group Inc.,2.64,USD,804135387.6094987,USD,-2.222222222222224,13.793103448275875,3.5294117647058942,-19.999999999999993,-22.123893805309734,-24.999999999999996,12.820512820512834,-82.04261206532408,,Non-energy minerals,Precious metals,CA68827X1050,0,0,304597000,Canada,5223911.289000002,USD
ANGX,"Angel Studios, Inc.",4.3,USD,803012261.25,USD,1.415094339622632,7.769423558897233,21.126760563380284,44.29530201342281,40.522875816993455,-8.704883227176223,-64.89795918367346,-56.34517766497462,,Consumer services,Movies/Entertainment,US0349481095,0,0,130093840,United States,5368866.187333332,USD
JKS,JinkoSolar Holding Company Limited,16.18,USD,793085255,USD,2.5348542458808643,7.9386257505003295,1.1882426516572826,-31.873684210526317,-42.94781382228491,-39.62686567164179,-25.127255900046276,-70.95152603231598,,Electronic technology,Semiconductors,US47759T1007,9.37896070975919,3,50258889,China,11179957.946333326,USD
MEGI,NYLI CBRE Global Infrastructure Megatrends Term Fund,15.13,USD,788520155.25,USD,-0.1320132013201292,-0.5913272010512474,-1.3689700130378037,-0.5913272010512474,5.509065550906561,9.163059163059174,4.488950276243096,-24.349999999999998,7.354656815088471,Miscellaneous,Investment trusts,US56064Q1076,9.9009900990099,4,52047535,United States,1981903.513999999,USD
THQ,abrdn Healthcare Opportunities Fund Shares of Beneficial Interest,18.97,USD,782754375,USD,0.4235044997353006,1.2813667912439852,-0.7326007326007355,2.9858849077089964,-0.05268703898841708,-1.9131334022750828,20.063291139240494,-21.449275362318843,,Miscellaneous,Investment trusts,US8791051043,11.4346214928534,4,41437500,United States,4750608.915666666,USD
SB,"Safe Bulkers, Inc",7.67,USD,781062726.143979,USD,0.39267015706806613,0.3926701570680661,14.992503748125937,10.518731988472616,40.219378427787944,59.79166666666667,85.71428571428572,121.03746397694522,9.912121995347634,Transportation,Marine shipping,MHY7388L1039,2.74869109947644,4,101833000,Monaco,6623140.207333332,USD
SB/PC,"Safe Bulkers, Inc Cumulative Redeemable Perpetual Preferred Series C (Marshall Islands)",26.0535,USD,778007722,USD,-0.55916030534351,-0.7682287699198592,-1.6849056603773598,0.013435700575811702,1.2966562986003143,1.3754863813229588,0.052996002258089814,3.6748905690409894,33.669552856035146,Transportation,Marine shipping,MHY7388L1294,2.74869109947644,4,101833000,Monaco,24923.749423333335,USD
SB/PD,"Safe Bulkers, Inc Perpetual Preferred Series D (Marshall Islands)",25.894,USD,778007722,USD,-0.407692307692314,0.17021276595743492,-0.5224740683826461,-0.8272692454998126,1.1879640484564225,1.6647035728307793,0.5592233009708674,2.7539682539682504,33.46342724218144,Transportation,Marine shipping,MHY7388L1377,2.74869109947644,4,101833000,Monaco,59336.290443333324,USD
FFC,Flaherty & Crumrine Preferred and Income Securities Fund Incorporated,16.13,USD,777591306,USD,-0.061957868649328146,0.8124999999999938,-0.9213759213759344,-0.12383900928792307,-4.045211183819154,-2.8313253012048336,-1.1642156862745177,-29.74738675958189,9.293080601486432,Miscellaneous,Investment trusts,US3384781007,7.29801734820322,15,48177900,United States,1415357.4309999992,USD
HZO,"MarineMax, Inc. (FL)",35.13,USD,775907404.6132704,USD,-2.470849528039979,1.4731369150780045,-0.028457598178708056,5.972850678733044,16.672201926270354,43.91642769356822,49.80810234541579,-33.990980834272825,243.2825484764543,Retail trade,Specialty stores,US5679081084,0,0,22086700,United States,10355822.502333334,USD
JBI,"Janus International Group, Inc.",5.57,USD,759705962.3014184,USD,-1.241134751773039,6.909788867562385,5.492424242424243,5.692599620493373,-20.314735336194563,-15.606060606060598,-36.12385321100918,-57.83497350492051,18.00840607824119,Producer manufacturing,Building products,US47103N1063,0,0,136392000,United States,6627149.944666665,USD
GDOT,Green Dot Corporation,13.39,USD,758948754.111276,USD,-0.6676557863501473,1.2093726379440675,0.37481259370315373,6.101426307448506,12.144053601340044,3.4775888717156187,36.35437881873727,-71.53486394557824,,Finance,Finance/Rental/Leasing,US39304D1028,0,0,56680300,United States,5193635.537333334,USD
HOV,"Hovnanian Enterprises, Inc.",134.63,USD,757394554.6273018,USD,-2.3995940263882862,0.059457450761786754,3.7850755473327142,23.10716898317483,11.117530538131398,37.377551020408156,0.47014925373133987,25.82242990654205,37.89618870686258,Consumer durables,Homebuilding,US4424874018,0,0,5071690,United States,19158785.036000002,USD
MAX,"MediaAlpha, Inc.",12.34,USD,755997493.7842661,USD,0.08110300081102828,-8.524833209785028,-11.604584527220638,35.01094091903719,36.50442477876107,-4.710424710424706,21.337266470009833,-59.28736390630155,7.686557867198206,Technology services,Information technology services,US58450V1044,0,0,52975700,United States,14580646.773666669,USD
WLKP,Westlake Chemical Partners LP,21.35,USD,752499556.4692056,USD,0.3761165961448136,-2.0642201834862353,-3.4373586612392493,-8.01378716070659,1.425178147268412,12.073490813648297,-3.5394471703398493,-20.7203861864092,12.991359376901547,Process industries,Chemicals: specialty,US9604171036,8.86506817113305,12,35245900,United States,760118.6229999999,USD
GLAS,Glass House Brands Inc. Subordinate Voting Shares,9.68,USD,749486584,USD,4.535637149028077,-0.2061855670103049,-17.896522476675145,-1.7258883248730958,10.628571428571425,9.009009009008995,54.88,22.9987293519695,,Process industries,Agricultural commodities/Milling,CA3771304068,0,0,77426300,United States,4749745.350746666,USD
NGVC,"Natural Grocers by Vitamin Cottage, Inc.",32.46,USD,747903893.54554,USD,1.596244131455404,-0.3377341111452239,-3.793716656787199,21.984216459977457,10.44572984008166,29.840000000000003,-10.257119159524471,188.53333333333333,15.676615473775716,Retail trade,Food retail,US63888U1088,1.78403755868545,6,23040800,United States,3768056.571000002,USD
TXO,"TXO Partners, L.P.",13.48,USD,747417566.3004419,USD,-0.7363770250368162,3.6923076923076956,8.534621578099843,9.415584415584416,12.053200332502088,25.981308411214965,-10.964332892998678,-38.72727272727273,,Energy minerals,Integrated oil,US87313P1030,10.7511045655376,3,55446407,United States,1540448.6113333332,USD
HPP,"Hudson Pacific Properties, Inc.",13.44,USD,745263301.1302603,USD,-10.220440881763535,-5.2854122621564485,-17.34317343173433,15.463917525773185,70.55837563451777,21.628959276018087,-26.153846153846153,-92.9281767955801,,Finance,Real estate investment trusts,US4440974065,0,0,54242000,United States,12420341.132333335,USD
RMT,"Royce Micro-Cap Trust, Inc.",14.04,USD,744189535,USD,-0.7773851590106092,3.31125827814569,-1.7494751574527643,2.7066569129480555,22.406277244986907,33.7142857142857,48.1012658227848,16.999999999999993,8.457831325301205,Miscellaneous,Investment trusts,US7809151043,5.58303886925795,9,52592900,United States,2040094.5496666667,USD
TCBX,"Third Coast Bancshares, Inc.",44.22,USD,736482788.4829454,USD,-0.1129433024621736,-0.1805869074492061,8.835835589465903,16.062992125984245,2.837209302325579,16.798732171156892,21.084337349397575,70.07692307692308,11.775043936731107,Finance,Savings banks,US88422P1093,0,0,16654969.999999998,United States,6064034.610999999,USD
HSHP,Himalaya Shipping Ltd.,15.52,USD,731690420.0646412,USD,0.3232062055591398,4.091213950368876,5.291723202170959,-2.573760200878846,51.11976630963973,72.82850779510021,115.85535465924892,156.5289256198347,24.899727258142146,Transportation,Marine shipping,BMG4660A1036,7.36910148674854,2,47145000,Bermuda,4838462.229999999,USD
VTEX,VTEX,4.29,USD,731385457.7249999,USD,-2.500000000000007,-3.595505617977531,3.3734939759036067,7.518796992481199,38.834951456310684,13.4920634920635,-27.040816326530614,-86.14341085271317,42900,Technology services,Information technology services,KYG9470A1022,0,0,90129400,United Kingdom,4784222.529,USD
OFRM,"Once Upon a Farm, PBC",17.43,USD,730352370.1463416,USD,1.2195121951219563,8.937499999999998,-14.348894348894357,9.073842302878594,-24.250325945241208,-24.250325945241208,-24.250325945241208,-24.250325945241208,,Consumer non-durables,Food: specialty/candy,US68237F1084,0,0,41902030,United States,10866127.451333335,USD
NIE,Virtus Equity & Convertible Income Fund,26.21,USD,728745779.5,USD,-0.3422053231939158,2.422821414615088,-1.0196374622356479,-1.0196374622356479,4.6307385229540925,4.7561950439648335,8.845514950166125,-14.121887287024899,6.352091512772042,Miscellaneous,Investment trusts,US92841M1018,7.60456273764259,16,27708965,United States,1495855.8976666671,USD
DXYZ,Destiny Tech100 Inc.,25.21,USD,727215399.6800001,USD,5.613741097612065,18.635294117647064,-0.11885895404119487,-46.0863986313088,-17.0996382768826,-18.016260162601622,-16.633597883597876,205.57575757575756,7.121468926553672,Miscellaneous,Investment trusts,US25063F1075,0,0,30465664,United States,27179760.749333356,USD
JMIA,Jumia Technologies AG,5.69,USD,727014836,USD,-3.0664395229982917,-1.386481802426329,-19.746121297602247,-34.597701149425276,-50.30567685589519,-55.68535825545172,14.257028112449799,-73.53488372093022,,Technology services,Internet software/Services,US48138M1053,0,0,123852615,Germany,9768762.227333335,USD
BUI,"BlackRock Utility, Infrastructure & Power Opportunities Trust",26.99,USD,725715840,USD,-1.316270566727616,-0.7355645457889034,-6.382240721470691,-2.2101449275362426,-3.261648745519714,4.69356089992241,1.5043249341857787,3.727901614142963,6.174505856515373,Miscellaneous,Investment trusts,US09248D1046,5.81952468007313,11,26534400,United States,1935804.1083333334,USD
PFLT,PennantPark Floating Rate Capital Ltd.,7.3,USD,724290627.8450704,USD,2.8169014084507067,3.9886039886039923,-0.6802721088435351,-19.15836101882613,-22.257720979765715,-21.251348435814453,-30.210325047801156,-44.48669201520912,11.687479987191802,Miscellaneous,Investment trusts,US70806A1060,17.0070422535211,15,99217900,United States,8797190.327,USD
PEO,"Adams Natural Resources Fund, Inc.",26.41,USD,720657055,USD,0.763067531476533,-0.6395786305492782,6.234915526950927,4.01732965734541,7.1399594320486885,21.42528735632184,25.403608736942076,73.29396325459318,4.524119501164862,Miscellaneous,Investment trusts,US00548F1057,7.66882869133918,9,27495500,United States,1472385.9570000002,USD
VEL,"Velocity Financial, Inc.",18.21,USD,714838643.0288625,USD,3.056027164685903,3.2312925170068043,-1.6207455429497606,-0.43739748496445213,-12.53602305475504,-12.409812409812401,8.976660682226212,35.692995529061115,6.70990088065146,Finance,Finance/Rental/Leasing,US92262D1019,0,0,39255300,United States,1951051.9586666669,USD
SDHC,Smith Douglas Homes Corp.,14.05,USD,713503317.585209,USD,-9.646302250803858,-6.922822126531964,-9.878127004490052,7.993850883935441,-22.504136789851067,-16.617210682492583,-27.202072538860104,-40.212765957446805,14.800379226798695,Consumer durables,Homebuilding,US83207R1077,0,0,8347257.000000001,United States,849684.9053333334,USD
RA,Brookfield Real Assets Income Fund Inc.,12.77,USD,712785630,USD,-1.0077519379845021,0.3930817610062809,-0.8540372670807547,-0.46765393608729927,-2.5934401220442402,-1.6936104695919987,-4.057099924868527,-43.495575221238944,11.402803821769801,Miscellaneous,Investment trusts,US1128301041,10.9767441860465,8,55254700,United States,1751939.4613333333,USD
IGR,CBRE Global Real Estate Income Fund,4.68,USD,710066000,USD,-0.21321961620470523,-1.8867924528301858,1.2987012987012903,-4.294478527607361,-1.3698630136986383,6.849315068493147,-4.684317718940945,-48.57142857142858,39,Miscellaneous,Investment trusts,US12504G1004,15.3518123667377,15,151400000,United States,2280957.122999999,USD
JQC,Nuveen Credit Strategies Income Fund Shares of Beneficial Interest,4.77,USD,708043430,USD,-0.41753653444677374,0.4210526315789384,-0.6250000000000052,-1.8518518518518672,-5.731225296442689,-4.9800796812749,-13.430127041742292,-27.28658536585366,14.66789667896679,Miscellaneous,Investment trusts,US67073D1028,13.0584551148225,9,147817000,United States,2697167.883333334,USD
JBGS,JBG SMITH Properties,12.14,USD,707226538.432787,USD,-0.49180327868851414,-15.869715869715865,-21.57622739018088,-21.979434447300772,-26.379624014554263,-28.588235294117645,-40.25590551181102,-61.13956466069142,,Finance,Real estate investment trusts,US46590V1008,5.73770491803279,9,58255900,United States,9618448.465333337,USD
PAR,PAR Technology Corporation,17.12,USD,706134987.7230421,USD,-2.837684449489217,1.361752516281826,-9.129511677282371,14.057295136575624,-22.217174011812812,-52.979950563032126,-71.43333889537794,-72.3692704970949,,Electronic technology,Electronic equipment/Instruments,US6988841036,0,0,41246200,United States,17283703.722000003,USD
PHR,"Phreesia, Inc.",11.42,USD,705891765.8102697,USD,-0.6092254134029615,5.545286506469497,0.7054673721340394,17.610710607620998,-9.365079365079364,-32.66509433962265,-58.50290697674419,-83.8837143663562,76.74731182795699,Technology services,Packaged software,US71944F1066,0,0,61811900,United States,9271996.403333334,USD
BOE,Blackrock Enhanced Global Dividend Trust,12.28,USD,701987598,USD,-0.2437043054427387,2.933780385582562,0.6557377049180334,3.020134228187915,3.367003367003355,4.06779661016948,7.813871817383659,-1.8385291766586764,6.717724288840262,Miscellaneous,Investment trusts,US0925011050,8.06173842404549,10,57025800,United States,1114099.3749999998,USD
BIT,BlackRock Multi-Sector Income Trust,12.3,USD,701300583,USD,0.08136696501221777,1.0682004930156186,-2.0700636942675144,-4.056162246489857,-7.379518072289146,-6.178489702517153,-16.723087339201076,-34.39999999999999,10.82555888047879,Miscellaneous,Investment trusts,US09258A1079,11.8242368747123,10,57062700,United States,3474268.7500000005,USD
LXU,"LSB Industries, Inc.",9.69,USD,697655794.9999999,USD,0,-9.09943714821764,-10.608856088560888,-30.237580993520524,2.539682539682542,14.539007092198563,21.733668341708537,56.87417282871331,19.10112359550562,Process industries,Chemicals: agricultural,US5021601043,0,0,71997500,United States,9504620.009000003,USD
SG,"Sweetgreen, Inc.",5.87,USD,697518369.9737706,USD,-3.770491803278681,-13.037037037037035,-28.23960880195599,-16.619318181818183,-1.6750418760468953,-13.037037037037035,-52.81350482315112,-88.71153846153847,47.18649517684888,Consumer services,Restaurants,US87043Q1085,0,0,106934100,United States,41197322.761666656,USD
ASC,Ardmore Shipping Corporation,17.02,USD,695298875.2299268,USD,3.5279805352797946,1.4907573047107932,13.164893617021281,-9.660297239915076,36.37820512820512,60.56603773584906,53.74887082204154,417.32522796352583,6.593832326049899,Transportation,Marine shipping,MHY0207T1001,3.95377128953771,3,40851900,Bermuda,10562753.025666663,USD
RSKD,Riskified Ltd.,5.19,USD,694442068.6603054,USD,-0.9541984732824393,-2.9906542056074628,-1.7045454545454517,7.0103092783505305,23.571428571428577,3.5928143712574974,-0.1923076923076882,-81.78947368421052,,Technology services,Packaged software,IL0011786493,0,0,93613900,Israel,4093933.914666666,USD
PFN,PIMCO Income Strategy Fund II,7.12,USD,693158703,USD,1.2802275960170675,1.2802275960170677,-0.419580419580423,-0.8356545961002732,-4.301075268817208,-5.193075898801594,-5.944517833553502,-37.15798764342453,,Miscellaneous,Investment trusts,US72201J1043,12.2560455192034,15,98600100,United States,4150771.4556666673,USD
IVR/PC,"INVESCO MORTGAGE CAPITAL INC 7.5% Fixed-to-Floating Series C Cumulative Redeemable Preferred Stock, Liquation Preference $25.00 per Share",25.06,USD,689676844,USD,0.19992003198719377,0.5617977528089767,1.6632860040567958,5.471380471380459,0.28011204481792834,1.952807160292923,3.7681159420289863,-1.7254901960784363,16.978319783197833,Finance,Real estate investment trusts,US46131B5066,19.1117092866756,17,92823300,United States,536916.89411,USD
IVR,INVESCO MORTGAGE CAPITAL INC,7.4,USD,686892146.1103635,USD,-0.403768506056519,-0.671140939597313,-5.852417302798982,-8.188585607940448,-14.844649021864203,-12.114014251781468,-4.392764857881135,-76.72955974842768,5.013550135501355,Finance,Real estate investment trusts,US46131B7047,19.1117092866756,17,92823300,United States,22112851.080000002,USD
WHK,WhiteHawk Minerals Corp,25.83,USD,680326890.39,USD,1.4134275618374537,0.23282887077997175,-4.686346863468646,-1.2237093690248577,-1.2237093690248577,-1.2237093690248577,-1.2237093690248577,-1.2237093690248577,,Miscellaneous,Investment trusts,US96524T1016,0,0,22588633,United States,4107567.8776666666,USD
AHRT/PA,"AH Realty Trust, Inc. 6.75% Series A Cumulative Redeemable Perpetual Preferred Stock",22.51,USD,675064976,USD,-0.8370044052863337,0.6258381761287464,3.827455466277997,2.44996973379394,6.530998580217712,7.7033492822966645,4.454756380510444,-17.01382488479262,,Finance,Real estate investment trusts,US04208T2078,8.06916426512968,13,75955400,United States,192268.2362,USD
BXC,Bluelinx Holdings Inc.,85.4,USD,671262508.0424594,USD,17.7281499862145,51.74129353233832,51.36476426799008,62.295705055112144,10.909090909090917,39.15593938406389,18.03731859018661,56.496243357155954,,Distribution services,Wholesale distributors,US09624H2085,0,0,7860220,United States,10714119.045000004,USD
AHRT,"AH Realty Trust, Inc.",6.9,USD,671174111.5850145,USD,-0.5763688760806921,-2.8169014084506943,-2.679830747531728,7.8125,-2.542372881355928,3.7593984962406015,1.7699115044247802,-47.687642153146314,,Finance,Real estate investment trusts,US04208T1088,8.06916426512968,13,75955400,United States,5274452.878000001,USD
VTS,Vitesse Energy Inc.,15.73,USD,662300909.7949367,USD,-0.44303797468354605,3.0799475753604235,3.5549703752468793,-13.141910546659298,-25.591296121097447,-18.623900672529736,-39.5,-12.611111111111107,,Energy minerals,Oil & gas production,US92852X1037,12.6582278481013,3,42104317,United States,7767427.549666667,USD
HY,"Hyster-Yale, Inc.",36.94,USD,661730113.7084259,USD,-8.722510501606132,11.939393939393932,12.553321145642894,0.40771948899156996,5.242165242165232,24.544841537424134,-3.601252609603347,-40.24587512131997,,Producer manufacturing,Industrial machinery,US4491721050,3.57054608351866,14,14471300,United States,3632261.851666667,USD
GMRS,GMR Solutions Inc.,12.17,USD,657322499.4554374,USD,-0.49059689288634906,-4.47409733124019,-16.700889801505813,-9.851851851851851,-9.851851851851851,-9.851851851851851,-9.851851851851851,-9.851851851851851,,Health services,Medical/Nursing services,US38013D1063,0,0,54011710,United States,7484353.587333336,USD
CARS,Cars.com Inc.,11.74,USD,656301540.2719594,USD,-0.8445945945945915,-8.352849336455895,1.6450216450216406,0.7725321888412005,6.052393857271906,-3.770491803278681,-7.2669826224328595,-11.396226415094338,27.013345605154168,Technology services,Internet software/Services,US14575E1055,0,0,55903000,United States,8332075.918333331,USD
VMO,Invesco Municipal Opportunity Trust,9.79,USD,655523604,USD,0.7201646090534826,1.0319917440660438,-0.6091370558375685,-0.30549898167007267,-0.6091370558375685,2.2988505747126315,6.0671722643553485,-28.173147468818794,34.218804613771404,Miscellaneous,Investment trusts,US46132C1071,7.71604938271605,16,67440700,United States,2146744.1336666653,USD
BHK,Blackrock Core Bond Trust,9.14,USD,653629010,USD,0.9944751381215453,2.4663677130044914,-0.4357298474945441,-0.21834061135370714,-4.393305439330543,-4.692387904066729,-5.480868665977242,-45.4653937947494,12.620822977078157,Miscellaneous,Investment trusts,US09249E1010,9.69081951934906,10,72224200,United States,3120973.0899999994,USD
CNNE,"Cannae Holdings, Inc.",14.84,USD,652077123.6507723,USD,-0.3357958361316367,-0.6693440428380164,2.2742935906271544,6.532663316582916,3.486750348675035,-5.777777777777779,-26.71604938271605,-54.6177370030581,,Consumer services,Restaurants,US13765N1072,4.02955003357958,2,43940500,United States,6709342.523666668,USD
SMWB,Similarweb Ltd.,7.38,USD,646491991.548387,USD,-0.8064516129032324,3.9436619718309895,15.312499999999993,123.63636363636364,64.36525612472158,-2.7667984189723316,-0.9395973154362454,-69.52931461601982,,Technology services,Packaged software,IL0011751653,0,0,87600500,Israel,5937516.249333333,USD
MATV,"Mativ Holdings, Inc.",11.68,USD,643771535.8996865,USD,22.048066875653078,35.18518518518517,54.90716180371352,24.919786096256686,-16.392269148174666,-5.0406504065040725,78.8667687595712,-70.60156053360181,7.3505349276274385,Process industries,Industrial specialties,US8085411069,4.17972831765935,30,55117400,United States,4434219.221,USD
BALY,Bally's Corporation,13.15,USD,643676669.3147752,USD,-6.138472519628833,-10.422343324250678,1.1538461538461566,-0.15186028853454497,-10.907859078590782,-20.63971031985516,42.0086393088553,-74.85178810480015,,Consumer services,Casinos/Gaming,US05875B3042,0,0,48948795,United States,908891.0236666665,USD
CWH,"Camping World Holdings, Inc.",6.23,USD,643521312.8197228,USD,-4.006163328197223,2.1311475409836196,-10.101010101010091,-18.668407310704957,-52.406417112299465,-36.815415821501006,-58.93210283454186,-85.66497929130236,,Retail trade,Specialty stores,US13462K1097,3.85208012326656,10,63828000,United States,16447099.795333328,USD
NKX,Nuveen California AMT-Free Quality Municipal Income Fund,12.25,USD,643221775,USD,0,0.5747126436781632,-2.468152866242042,-1.8429487179487214,-5.0387596899224825,-1.8429487179487214,4.344122657580918,-25.577156743620904,26.946766388033435,Miscellaneous,Investment trusts,US6706511085,7.44489795918367,2,52507900,United States,1620682.0700000003,USD
MUJ,"Blackrock MuniHoldings New Jersey Quality Fund, Inc.",12.09,USD,643007859,USD,0,0.49875311720698673,-1.8668831168831204,-2.3424878836833676,-1.5472312703583022,1.4261744966442946,10.815765352887256,-22.94455066921606,26.039198793883266,Miscellaneous,Investment trusts,US09254X1019,5.35980148883375,5,53185100,United States,958291.3203333333,USD
BRSP,"BrightSpire Capital, Inc.",5.05,USD,638947096.88,USD,0.9999999999999963,-0.19762845849801952,-5.959031657355685,-15.126050420168072,-14.839797639123102,-9.82142857142857,-6.307977736549163,-49.39879759519039,,Finance,Real estate investment trusts,US10949T1097,12.8,8,126524000,United States,10576703.205000002,USD
NXRT,"NexPoint Residential Trust, Inc.",24.93,USD,638065252.592084,USD,0.6865912762520119,-6.873365707881957,-13.317107093184985,-16.4544235924933,-17.939433838051347,-17.121010638297868,-21.132552989560267,-58.269166387679945,,Finance,Real estate investment trusts,US65341D1028,8.48142164781906,11,25491400,United States,6922636.833666665,USD
FBRT,"Franklin BSP Realty Trust, Inc.",7.65,USD,635297461.986755,USD,1.3245033112582854,-4.255319148936168,-2.918781725888319,-15.376106194690255,-25.58365758754863,-23.880597014925375,-29.4280442804428,-55,17.39822606322493,Finance,Real estate investment trusts,US35243J1016,14.7019867549669,5,83045420,United States,9879649.928000001,USD
MEC,"Mayville Engineering Company, Inc.",24.83,USD,633016149.5054902,USD,-2.6274509803921635,-4.500000000000006,-26.970588235294123,-4.500000000000006,18.917624521072796,32.85179240235418,79.66714905933428,44.025522041763345,,Producer manufacturing,Industrial machinery,US5786051079,0,0,25494000,United States,19433408.66933333,USD
ACP,abrdn Income Credit Strategies Fund,5.06,USD,629864420,USD,0.7968127490039849,0.39682539682538837,-3.9848197343453506,-5.597014925373148,-10.283687943262413,-6.81399631675875,-15.384615384615397,-55.53602811950792,,Miscellaneous,Investment trusts,US0030571063,18.5258964143426,15,125471000,United States,2565273.7350000003,USD
NVRI,Enviri Corporation,22.41,USD,629805048.7001303,USD,-2.607561929595834,0.13404825737265924,-3.4883720930232505,15.515463917525784,15.993788819875776,24.292845257903487,158.17972350230414,19.583778014941313,,Non-energy minerals,Other metals/Minerals,US29390K1025,0,,28103750,United States,9543608.491000002,USD
FBRT/PE,"Franklin BSP Realty Trust, Inc. 7.50% Series E Cumulative Redeemable Preferred Stock",19.5,USD,626992920,USD,-0.05176805859529849,1.9874476987447647,1.0362694300518098,-1.415571284125385,-10.958904109589035,-8.450704225352116,-8.683924624433365,-23.46938775510204,44.34841937684785,Finance,Real estate investment trusts,US35243J2006,14.7019867549669,5,83045420,United States,431442.5781133334,USD
IIIN,"Insteel Industries, Inc.",32.33,USD,625852082.6200486,USD,-1.492992078001225,4.357650096836662,9.667571234735407,18.251645940014626,-11.376096491228068,1.6347060672744407,-9.944289693593316,-17.79811848461734,17.381720430107524,Producer manufacturing,Metal fabrication,US45774W1080,0.36563071297989,21,19358200,United States,9430319.417999996,USD
SMC,Summit Midstream Corporation,30.71,USD,624603122.8688308,USD,1.7224246439218267,1.1528326745718096,1.3196964698119504,2.026578073089699,9.75696926375983,17.79823551975451,22.7418065547562,-19.184210526315788,,Industrial services,Oil & gas pipelines,US86614G1013,0,0,13814300,United States,1506557.198666666,USD
CLDT/PA,Chatham Lodging Trust (REIT) 6.625% Series A Cumulative Redeemable Preferred Shares of Beneficial Interest,20.23,USD,623047904,USD,-0.8819206271435558,-1.2689116642264424,1.1500000000000021,-1.7961165048543737,-0.5896805896805946,2.6903553299492446,-2.138157894736843,-23.225806451612907,263.41145833333337,Finance,Real estate investment trusts,US16208T2015,2.84005979073244,4,46565600,United States,335954.1084000001,USD
BWMX,"Betterware de Mexico, S.A.P.I. de C.V.",16.69,USD,621601105.3389535,USD,-2.9651162790697563,-4.464796794504852,-9.783783783783777,-0.6547619047619013,-6.9157836029001585,16.387726638772673,27.892720306513414,-62.9851408294522,8.984227808580505,Retail trade,Specialty stores,MX00BW020002,6.93546511627907,6,37243900,Mexico,1422742.8043333332,USD
MLR,"Miller Industries, Inc.",54.41,USD,620040914.7532952,USD,7.043084792445403,7.022029897718318,9.741831383622426,14.04317753091594,24.05380756953944,45.871313672922255,31.45687364097607,43.94179894179894,43.89673255344897,Consumer durables,Motor vehicles,US6005512040,1.61322053905174,16,11395700,United States,4098787.0933333333,USD
NCDL,Nuveen Churchill Direct Lending Corp.,12.53,USD,618819935.9775999,USD,0.2399999999999949,2.4529844644317165,-1.260835303388496,-10.500000000000004,-6.14232209737828,-6.352765321375197,-21.145374449339215,-29.803921568627462,10.485355648535563,Miscellaneous,Investment trusts,US67090S1087,12.96,2,49387066,United States,2202469.0269999993,USD
RYAM,Rayonier Advanced Materials Inc.,9.16,USD,617737078.6887281,USD,-5.274043433298861,7.38569753810083,30.670470756062773,-1.3993541442411088,14.500000000000002,53.94957983193277,171.00591715976333,37.53753753753754,,Process industries,Chemicals: specialty,US75508B1044,0,0,67438500,United States,8180817.553666666,USD
GPRK,Geopark Ltd,9.51,USD,617164535.5194943,USD,0.21074815595363092,1.4941302027748193,1.1702127659574406,3.0335861321776743,14.855072463768122,27.994616419919247,43.00751879699247,-17.804667242869495,6.418736501079914,Energy minerals,Oil & gas production,BMG383271050,2.42360379346681,7,64678799.99999999,Colombia,3643633.121,USD
GRNT,"Granite Ridge Resources, Inc.",4.66,USD,614635285.5205183,USD,0.6479481641468736,1.0845986984815579,6.636155606407323,-13.059701492537314,-5.6680161943319884,-0.4273504273504183,-4.115226337448563,-52.205128205128204,,Energy minerals,Oil & gas production,US3874321074,9.50323974082074,4,131895999.99999999,United States,3994956.3866666676,USD
EMD,Western Asset Emerging Markets Debt Fund Inc,10.59,USD,613857024,USD,0.284090909090903,1.5340364333652938,-0.8426966292134819,-1.0280373831775649,-4.162895927601817,-1.3047530288909652,4.334975369458123,-24.14040114613181,6.087256423521296,Miscellaneous,Investment trusts,US95766A1016,10.6534090909091,18,58130400,United States,1923984.7340000004,USD
TRTX/PC,"TPG RE Finance Trust, Inc. 6.25% Series C Cumulative Redeemable Preferred Stock, $0.001 par value per share",18.58,USD,609545903,USD,0.21574973031283254,-0.1075268817204469,1.585565882996168,-1.7970401691332103,1.7524644030667946,3.2222222222222126,3.5097493036211644,-23.883654240065557,33.89273987595767,Finance,Real estate investment trusts,US87266M2061,12.0906801007557,9,76769000,United States,123976.63598333333,USD
CLDT,Chatham Lodging Trust (REIT),13.03,USD,606749939.3961136,USD,-2.6158445440956757,-4.050073637702509,1.9561815336463224,29.52286282306162,73.50199733688416,91.61764705882354,87.2126436781609,9.220452640402344,169.66145833333334,Finance,Real estate investment trusts,US16208T1025,2.84005979073244,4,46565600,United States,4845473.216666664,USD
TRTX,"TPG RE Finance Trust, Inc.",7.89,USD,605707452.729219,USD,-0.6297229219143666,-4.93975903614459,-5.959475566150188,-7.285546415981201,-12.138084632516712,-8.996539792387546,-11.646136618141098,-39.770992366412216,14.392557460780736,Finance,Real estate investment trusts,US87266M1071,12.0906801007557,9,76769000,United States,6656980.533666667,USD
KLC,"KinderCare Learning Companies, Inc.",5.11,USD,605168631.3882575,USD,-3.2196969696969684,-5.194805194805183,3.65111561866127,31.36246786632391,8.262711864406793,17.74193548387098,-48.01627670396745,-81.07407407407408,,Consumer services,Other consumer services,US49456W1053,0,0,118428300,United States,2949739.734333334,USD
HQL,abrdn Life Sciences Investors Shares of Beneficial Interest,20.21,USD,605119200,USD,1.5577889447236295,4.823651452282156,-0.6391347099311652,12.090959511924568,20.87320574162681,19.37389249852334,52.41327300150831,-5.604857543204107,3.0269897852200223,Miscellaneous,Investment trusts,US87911K1007,10.251256281407,20,30408000,United States,3159949.987333334,USD
DSU,"Blackrock Debt Strategies Fund, Inc.",9.46,USD,604930728,USD,0.31813361611878194,0.31813361611878194,-2.6748971193415616,-4.828973843058336,-6.79802955665024,-7.163886162904795,-10.586011342155002,-16.43109540636042,13.710144927536234,Miscellaneous,Investment trusts,US09255R2022,12.5637327677625,7,64149600.00000001,United States,3561623.1256666677,USD
RGR,"Sturm, Ruger & Company, Inc.",37.81,USD,604137839.1657991,USD,-1.5877147319104619,-5.710723192019948,-0.10568031704094887,-4.229989868287728,-1.0986136541982596,14.819313695718197,13.102004187855227,-52.914072229140714,50.85406859448554,Consumer durables,Recreational products,US8641591081,1.01509630400833,17,15978300,United States,4706258.002666666,USD
CRD.A,Crawford & Company,12.86,USD,603954803.9550387,USD,-0.3100775193798521,14.616755793226371,13.805309734513264,33.2642487046632,17.122040072859733,14.821428571428573,41.00877192982456,26.699507389162548,27.113641155386883,Finance,Insurance brokers/Services,US2246332066,2.32558139534884,15,29696700,United States,768547.6400000004,USD
NDMO,Nuveen Dynamic Municipal Opportunities Fund,9.93,USD,600003462.4,USD,0.10080645161290108,-1.4880952380952417,-4.610951008645537,-4.427333974975946,-5.066921606118557,-1.7804154302670596,1.1201629327902183,-43.80305602716469,16.230794377247467,Miscellaneous,Investment trusts,US67079X1028,7.5,5,60484220,United States,1380802.000333333,USD
EVAC,EQV Ventures Acquisition Corp. II,10.26,USD,599675018.2876645,USD,0.09756097560975402,0.19531249999999584,0.29325513196480313,1.1844298267241193,1.2833168805528035,2.293120638085747,0.29325513196480313,0.29325513196480313,46.999541914796154,Finance,Financial conglomerates,KYG3106Q1029,0,0,46947857,United States,1022884.7105000002,USD
EVAC.U,EQV Ventures Acquisition Corp. II,10.32,USD,599382779,USD,0,0.19417475728154923,-1.7142857142857115,0.5847953216374318,0.6829268292682955,1.9672163542767895,1.8756169792694914,2.9940119760479114,47.27439303710491,Finance,Financial conglomerates,KYG3106Q1102,0,0,46787857,United States,108029.9066733333,USD
ETD,Ethan Allen Interiors Inc.,23.51,USD,598243445.4106921,USD,-2.569415665147109,1.5550755939524967,9.706019598693429,15.13222331047992,-1.7140468227424754,2.708606378331153,-20.332090816672313,-2.8512396694214783,15.076311401821215,Consumer durables,Home furnishings,US2976021046,6.46498135101533,31,25446300,United States,11253695.739999996,USD
LDP,"Cohen & Steers Limited Duration Preferred and Income Fund, Inc.",20.55,USD,598159144,USD,-0.09722897423431975,0.7352941176470693,-2.882797731568995,-2.0962363030014184,-3.8371548900327572,-3.2941176470588203,-4.285048905449456,-24.58715596330275,9.278909107328307,Miscellaneous,Investment trusts,US19248C1053,7.6421973748177,13,29079200,United States,1142569.2779999997,USD
BCSS,Bain Capital GSS Investment Corp.,10.21,USD,596264018,USD,0,-0.3902439024390161,-0.2929687499999937,0.5911330049261132,0.09803921568628984,1.0891089108911012,1.0891089108911012,1.0891089108911012,71.90140845070424,Finance,Financial conglomerates,KYG0R78B1061,0,0,46900000,United States,317835.60800000007,USD
CRD.B,Crawford & Company,11.59,USD,596061851.2419355,USD,-1.6129032258064475,12.852969814995134,13.183593749999996,25.704989154013003,3.2976827094474084,7.513914656771806,26.390403489640132,10.38095238095238,24.436010963525195,Finance,Insurance brokers/Services,US2246331076,2.54668930390492,15,18908800,United States,52833.60733333335,USD
NOAH,Noah Holdings Limited,8.66,USD,595949233.9653502,USD,4.715840386940757,-0.11534025374855579,-16.16650532429816,-20.33118675252989,-24.16812609457093,-15.758754863813222,-27.2879932829555,-78.83675464320626,8.09724170172978,Finance,Investment managers,US65487X1028,8.10547762998791,4,67293228,China,960670.5273333335,USD
MOV,Movado Group Inc.,37.77,USD,595695798.3751923,USD,-3.2034853921066113,-0.7880220646178018,0.29208709506109015,36.94706308919509,56.20347394540945,82.46376811594206,141.9602818705958,20.440051020408173,26.867264191207855,Consumer durables,Other consumer specialties,US6245801062,3.71604305484367,15,15771600,United States,8095414.433999999,USD
IIM,Invesco Value Municipal Income Trust,12.55,USD,592120472,USD,-0.2384737678855275,0.8032128514056339,-2.8637770897832757,2.19869706840392,0.5608974358974381,1.3731825525040382,8.658008658008658,-25.783560023654637,31.74001011633789,Miscellaneous,Investment trusts,US46132P1084,7.35453100158983,9,47068400,United States,1214061.1209999996,USD
NPB,"Northpointe Bancshares, Inc.",17.12,USD,592041190.2165605,USD,-0.8685581933989495,-1.4392630972941853,-10.553814002089862,-3.057757644394106,-0.5229517722254494,2.1479713603818578,14.057295136575624,17.26027397260275,7.413180912791201,Finance,Regional banks,US66661N8864,0.579038795599305,1,34581840,United States,4024367.7940000007,USD
OOMA,"Ooma, Inc.",21.4,USD,588499994.025128,USD,-0.4187994416007439,-0.3724394785847386,6.999999999999993,13.107822410147973,83.06244653550043,82.12765957446807,89.71631205673758,19.2865105908584,65.2041438147471,Communications,Major telecommunications,US6834161019,0,0,27500000,United States,7690813.033000001,USD
DDD,3D Systems Corporation,3.54,USD,588160488.0840337,USD,-0.8403361344537761,38.82352941176472,26.42857142857144,47.50000000000001,70.1923076923077,94.5054945054945,104.6242774566474,-87.42897727272727,,Technology services,Information technology services,US88554D2053,0,0,166147000,United States,11030360.249999996,USD
CSV,"Carriage Services, Inc.",37,USD,587276150.120773,USD,-10.628019323671495,-9.15786889270807,-4.343329886246122,-17.55793226381462,-16.478555304740404,-12.259900403130192,-17.96008869179601,0.6255099265705653,13.217590111813667,Consumer services,Other consumer services,US1439051079,1.08695652173913,15,15872300,United States,5178330.468333332,USD
MEI,"Methode Electronics, Inc.",16.49,USD,585311596.5225955,USD,-4.461181923522614,25.113808801213953,12.100611828687951,79.4341675734494,84.24581005586592,145.02228826151557,165.5394524959742,-65.48042704626334,,Electronic technology,Electronic components,US5915202007,1.15874855156431,44,35494900,United States,14134219.506666666,USD
UHT,Universal Health Realty Income Trust,42.07,USD,583746397.7171503,USD,-0.7548950224109466,-5.545577009429723,-4.754358161648181,3.3660933660933594,-1.0350505763349747,7.1847133757961785,6.912325285895804,-29.80143500750876,30.301065975223278,Finance,Real estate investment trusts,US91359E1055,7.02995989620194,39,13875600,United States,6026278.374333336,USD
NMCO,Nuveen Municipal Credit Opportunities Fund,10.51,USD,579926264.16,USD,0.3820439350525229,-0.28462998102466186,-3.1336405529953906,-2.5949953660796976,-1.5917602996254676,2.5365853658536563,2.9382957884426926,-33.05732484076433,21.62106562435713,Miscellaneous,Investment trusts,US6706631032,7.85100286532951,6,55389328,United States,1888494.1743333335,USD
BTGO,"BitGo Holdings, Inc.",4.99,USD,578637449.9120001,USD,-0.19999999999999576,5.7203389830508575,-3.4816247582204976,-55.918727915194346,-52.70142180094786,-77.75300936246099,-77.75300936246099,-77.75300936246099,,Technology services,Data processing services,US0919471013,0,0,107104030,United States,4739381.125666661,USD
RWT/PA,"Redwood Trust, Inc. 10.00% Series A Fixed-Rate Reset Cumulative Redeemable Preferred Stock",24.55,USD,574024022,USD,-0.40567951318457557,0.20408163265306412,0.12234910277325096,-1.6032064128256456,-1.3660104459622333,-0.3652597402597397,-2.1327486545744474,-0.40567951318457557,,Finance,Real estate investment trusts,US7580758081,15.7549234135667,31,125607000,United States,144407.28661666665,USD
RWTN,"Redwood Trust, Inc. 9.125% Senior Notes Due 2029",24.8499,USD,574024022,USD,-0.4012024048096098,-0.2012048192770961,0.20120967741935863,-1.7013449367088587,-2.0500591249507267,-0.4012024048096098,0.5661675435046573,-1.0358422939068013,,Finance,Real estate investment trusts,US7580758818,15.7549234135667,31,125607000,United States,116440.92217333333,USD
RWT,"Redwood Trust, Inc.",4.56,USD,572767951.929978,USD,-0.21881838074399723,-4.000000000000008,-1.0845986984815772,-18.861209964412822,-18.425760286225408,-17.837837837837842,-19.576719576719583,-62.926829268292686,,Finance,Real estate investment trusts,US7580754023,15.7549234135667,31,125607000,United States,18002055.459,USD
AEXA,American Exceptionalism Acquisition Corp. A,11.58,USD,572755045.6027755,USD,0.4336513443191736,2.38726790450928,-2.525252525252531,1.3566739606126859,1.8469656992084509,2.0264317180616778,7.222222222222216,7.222222222222216,,Finance,Financial conglomerates,KYG0273J1013,0,0,34675000,United States,1359825.763333333,USD
ASPN,"Aspen Aerogels, Inc.",6.89,USD,571025702.7005988,USD,37.5249500998004,62.117647058823515,28.785046728971963,32.37271853986551,119.42675159235667,140.9090909090909,-16.281895504252745,-81.75317796610169,,Process industries,Industrial specialties,US04523Y1055,0,0,82877500,United States,9170798.415666668,USD
GUT,Gabelli Utility Trust (The),6.23,USD,569853456,USD,-2.0440251572327024,-1.2678288431061677,-7.291666666666656,0.6462035541195482,4.180602006688963,3.3167495854063045,2.975206611570258,-23.83863080684596,12.215686274509805,Miscellaneous,Investment trusts,US36240A1016,9.43396226415094,18,89599600,United States,1726187.2579999997,USD
ETJ,Eaton Vance Risk-Managed Diversified Equity Income Fund,8.5,USD,568700210,USD,0.5917159763313694,2.2864019253910888,1.1904761904761862,-0.11750881316098458,-3.1890660592255053,-4.2792792792792875,-5.345211581291764,-26.151172893136405,11.45861418172014,Miscellaneous,Investment trusts,US27829G1067,9.24497041420118,18,67301800,United States,1052763.6926666668,USD
FPH,"Five Point Holdings, LLC",5.15,USD,564833229.4476744,USD,-0.19379844961239895,-4.452690166975869,1.1787819253438212,4.674796747967489,0,-8.035714285714274,-7.374100719424448,-36.88725490196078,7.232130318775454,Finance,Real estate development,US33833Q1067,0,0,71783300,United States,842403.6393333331,USD
BDN,Brandywine Realty Trust,3.22,USD,562137590.8312501,USD,0.6250000000000006,9.152542372881355,-3.012048192771074,3.536977491961425,-0.30959752321980766,10.273972602739736,-18.274111675126896,-76.42752562225476,,Finance,Real estate investment trusts,US1053682035,10,32,174577000,United States,7083320.169333333,USD
EBF,"Ennis, Inc.",22.21,USD,561874621.7202703,USD,0.045045045045052086,1.7873510540788293,3.2063197026022365,8.28863968795709,8.606356968215168,23.32037756801776,23.183582917359953,11.945564516129037,13.303384246780475,Commercial services,Commercial printing/Forms,US2933891028,4.50450450450451,47,25298300,United States,3241934.7543333336,USD
BME,Blackrock Health Sciences Trust,43.5,USD,561552145,USD,0.11507479861909586,-0.6849315068493086,-0.7981755986317022,10.94108645753634,4.042095192537665,5.710814094775216,20.934111759799837,-10.951893551688846,7.3041726135505,Miscellaneous,Investment trusts,US09250W1071,7.23866513233602,11,12924100,United States,2030781.05,USD
AVK,Advent Convertible and Income Fund,12.69,USD,561129977,USD,-0.15735641227381075,4.876033057851239,-1.7801857585139351,-0.4705882352941215,1.438848920863307,1.1961722488038307,3.8461538461538365,-35.288118306986235,3.860780674799963,Miscellaneous,Investment trusts,US00764C1099,11.0653029110936,11,44148700,United States,1716348.9693333332,USD
OXM,"Oxford Industries, Inc.",37.5,USD,559909929.5366795,USD,-3.474903474903478,-2.1654056874510785,8.601216333622933,-17.745119543759603,-2.1398747390396666,7.727664464234408,-6.25,-57.11344922232388,,Consumer non-durables,Apparel/Footwear,US6914973093,7.15572715572716,18,14930900,United States,14777601.717000004,USD
HUYA,HUYA Inc.,2.41,USD,558392612,USD,-0.8230452674897125,-1.2295081967213035,-1.2295081967213035,-25.846153846153843,-46.085011185682326,-18.30508474576271,-29.117647058823522,-78.98866608544027,,Commercial services,Miscellaneous commercial services,US44852D1081,0,0,79404675,China,1066129.7436666668,USD
YEXT,"Yext, Inc.",5.57,USD,558382005.4589878,USD,-2.792321116928449,-0.5357142857142744,9.4302554027505,37.192118226601,14.139344262295092,-30.89330024813896,-29.937106918238992,-57.25249424405218,74.36582109479306,Technology services,Data processing services,US98585N1063,0,0,100248000,United States,5869147.053000002,USD
DNA,"Ginkgo Bioworks Holdings, Inc.",8.5,USD,555258168.3564568,USD,-9.284951974386333,9.536082474226808,-15.758176412289396,-1.7341040462427786,-4.815229563269874,0.35419126328216477,-39.71631205673759,-97.86646586345383,,Health services,Medical/Nursing services,US37611X2099,0,0,53361100,United States,9533859.796333335,USD
VGM,Invesco Trust for Investment Grade Municipals,10.31,USD,553708720,USD,0.9794319294808975,1.2770137524558034,-3.1015037593984967,-1.5281757402101255,-0.09689922480619949,-0.960614793467816,7.0612668743509825,-25.827338129496404,32.8343949044586,Miscellaneous,Investment trusts,US46131M1062,7.59255631733594,11,54232000,United States,1532789.748,USD
FVR,"FrontView REIT, Inc.",19.54,USD,549502659.9603568,USD,-3.1714568880079312,-5.785920925747345,-6.596558317399629,7.777164920022063,16.65671641791044,32.11629479377958,63.788767812238056,7.068493150684927,,Finance,Real estate investment trusts,US35922N1000,4.26164519326065,1,22652027,United States,3814444.5193333323,USD
MMU,"Western Asset Managed Municipals Fund, Inc.",10.03,USD,548372752,USD,-0.09960159362549591,-0.6930693069306959,-4.202483285577854,-2.1463414634146405,-5.288007554296511,-4.019138755980861,0.9054325955734392,-25.977859778597793,10.55123080159899,Miscellaneous,Investment trusts,US95766M1053,6.51394422310757,11,54618800,United States,1312762.1470000003,USD
ONT,"Onterris, Inc.",15.09,USD,545340885.4122846,USD,-33.318603623508615,-25.222993062438057,-32.33183856502242,-13.82067390062822,-36.888331242158095,-39.07953169156237,-34.391304347826086,-70.39434961742201,,Industrial services,Environmental services,US6151111019,0,0,36139200,United States,12674199.802666668,USD
VKQ,Invesco Municipal Trust,9.89,USD,543947965,USD,0.6103763987792522,1.228249744114647,-1.3958125623130488,0.6103763987792522,0.20263424518745038,2.699896157840081,7.266811279826464,-28.124999999999996,32.07914369120986,Miscellaneous,Investment trusts,US46131J1034,7.66632756866735,14,55335500,United States,1867052.764666667,USD
ASIX,AdvanSix Inc.,20.14,USD,542955001.0474288,USD,0.5491762356465273,-1.177625122669276,-1.031941031941036,-4.323040380047506,12.513966480446939,15.283342873497435,7.931404072883176,-43.962159154145795,53.764014949279236,Process industries,Chemicals: specialty,US00773T1016,3.19520718921618,5,26959000,United States,4993155.853,USD
THW,abrdn World Healthcare Fund Shares of Beneficial Interest,13.47,USD,538604415,USD,0.8988764044943895,2.2779043280182285,-1.6070124178232204,4.5807453416149055,9.601301871440208,4.906542056074772,25.06963788300837,-19.582089552238802,6.302933882363951,Miscellaneous,Investment trusts,US87911L1089,10.4898876404494,10,40344900,United States,2387999.4826666666,USD
SPIR,"Spire Global, Inc.",13.38,USD,538128577.0604652,USD,3.720930232558143,21.085972850678733,-22.88184438040346,-18.26511912034209,33.933933933933936,74.90196078431372,36.25254582484725,-83.24148296593187,8.51145038167939,Technology services,Packaged software,US8485603067,0,0,38711500,United States,12462619.923333338,USD
EGY,"VAALCO Energy, Inc.",5.16,USD,537972566.4932039,USD,0.19417475728154926,-0.9596928982725493,2.1782178217821846,-9.994767137624272,10.729613733905579,42.5414364640884,40.21739130434782,88.32116788321167,,Energy minerals,Oil & gas production,US91851C2017,4.85436893203884,4,104258000,United States,6644138.67,USD
NRGV,"Energy Vault Holdings, Inc.",2.96,USD,536468246.37873757,USD,-1.6611295681063065,15.175097276264598,-26.91358024691358,-29.52380952380953,-30.188679245283023,-36.480686695278976,150.84745762711864,-69.38986556359876,,Producer manufacturing,Electrical products,US29280W1099,0,0,181239000,United States,18385714.931333337,USD
MSIF,"MSC Income Fund, Inc.",11.8,USD,535073727.27114207,USD,2.8770706190061035,4.3324491600353685,1.636520241171415,-14.181818181818178,-9.160892994611235,-11.411411411411407,-21.01740294511378,-45.06517690875233,6.4343748295981245,Miscellaneous,Investment trusts,US55374X2080,12.205754141238,3,45345230,United States,3381469.6529999995,USD
MFM,Aberdeen Municipal Income Fund,5.39,USD,533938026.00000006,USD,0.37243947858472204,0.37243947858472204,-3.057553956834531,-3.231597845601447,-2.177858439201454,-0.5535055350553552,3.2567049808429105,-25.655172413793107,13.006756756756756,Miscellaneous,Investment trusts,US5527381066,5.32588454376164,9,99429800,United States,1446469.0546666668,USD
HKD,AMTD Digital Inc.,1.67,USD,531132112,USD,-1.1834319526627228,5.69620253164556,5.69620253164556,-1.764705882352943,11.333333333333329,24.626865671641777,-0.5952380952380958,-87.15384615384616,,Technology services,Packaged software,US00180N1019,0,0,197023250,France,196156.17933333336,USD
WEAV,"Weave Communications, Inc.",6.66,USD,529907148.68823534,USD,-2.05882352941176,-2.2026431718061596,-3.61794500723589,11.932773109243698,8.469055374592841,-13.168187744458928,-8.011049723756907,-69.44954128440367,,Technology services,Packaged software,US94724R1086,0,0,79565636,United States,7201044.517,USD
DPG,Duff & Phelps Utility and Infrastructure Fund Inc.,14.48,USD,529818828.00000006,USD,-0.275482093663906,-0.34411562284927005,-1.1604095563139927,-0.27548209366390597,5.8479532163742745,14.375987361769354,14.920634920634928,1.6140350877193013,3.3752913752913756,Miscellaneous,Investment trusts,US26433C1053,5.78512396694215,15,36488900,United States,841225.3806666668,USD
IQI,Invesco Quality Municipal Income Trust,10.03,USD,527780323.99999994,USD,0.5010020040080053,0.5010020040080053,-1.8590998043052962,1.1088709677419297,0.09980039920159468,0.6018054162487334,6.47558386411889,-26.788321167883215,29.60448642266824,Miscellaneous,Investment trusts,US46133G1076,7.58717434869739,9,52883800,United States,1644127.080666667,USD
OLP,"One Liberty Properties, Inc.",24.16,USD,527157821.7296388,USD,1.42737195633921,-3.205128205128208,-4.769412692156093,4.003443822643132,5.2723311546841,19.367588932806335,6.572562858403168,-21.71095268956578,15.335787736447887,Finance,Real estate investment trusts,US6824061039,7.55667506297229,35,21819400,United States,2380124.4016666664,USD
BGY,Blackrock Enhanced International Dividend Trust,5.8,USD,525564100.00000006,USD,0,2.2927689594356244,0.34602076124566733,-0.34364261168385674,-3.814262023217254,-1.861252115059227,1.9332161687170373,-9.375000000000009,6.316706599869309,Miscellaneous,Investment trusts,US0925241079,8.81379310344828,11,90614500,United States,1358146.550666667,USD
ETO,Eaton Vance Tax-Advantage Global Dividend Opp,31.43,USD,515897388,USD,-0.15883100381194634,4.522780179580976,1.061093247588419,3.660949868073877,4.766666666666666,3.0491803278688514,16.321243523316063,3.626772172766243,3.73686212964284,Miscellaneous,Investment trusts,US27828U1060,6.60609911054638,18,16388100.000000002,United States,961523.7591666668,USD
MUA,"Blackrock MuniAssets Fund, Inc",10.18,USD,515861442.00167096,USD,0.49358341559722535,-0.48875855327468926,-7.454545454545457,-4.948646125116723,-8.863025962399286,-5.125815470643063,-1.7374517374517349,-36.2155388471178,34.45008460236887,Miscellaneous,Investment trusts,US09254J1025,6.50108588351431,4,50924130.50362,United States,2384784.060333333,USD
TWN,"Taiwan Fund, Inc. (The)",90.19,USD,515629655.8,USD,1.3143113906987214,13.73266078184111,-5.658995815899578,-6.188891200332851,54.44815480777463,67.39049740163325,95.32045201557537,148.3204845814978,2.3190455375279626,Miscellaneous,Investment trusts,US8740361063,6.96495169624804,2,5792290,United States,4069151.449000003,USD
QUAD,"Quad Graphics, Inc",9.99,USD,514478235.8157896,USD,-2.6315789473684172,2.461538461538464,20.79806529625152,30.247718383311607,59.07643312101911,59.84,48.8822652757079,134.50704225352112,15.940641455241742,Commercial services,Commercial printing/Forms,US7473011093,3.41130604288499,2,38199300,United States,2622972.7550000004,USD
XRN,Chiron Real Estate Inc.,35.46,USD,513362662.9834569,USD,1.1409013120365046,-3.5102040816326507,-5.691489361702129,9.783281733746142,-4.058441558441558,5.535714285714284,-79.32361516034986,-90.84903225806451,9.525856279382136,Finance,Real estate investment trusts,US37954A3032,8.55675984027382,12,13234800,United States,3002204.9226666666,USD
CLB,Core Laboratories Inc.,11.18,USD,512989197.0191781,USD,2.1004566210045703,7.088122605363988,0.6300630063006326,-16.81547619047619,-40.46858359957402,-31.157635467980292,5.075187969924804,-63.958736299161835,19.822695035460995,Energy minerals,Oil & gas production,US21867A1051,0.365296803652968,18,45884500,United States,12448558.841333332,USD
WNC,Wabash National Corporation,12.56,USD,511658871.3076318,USD,-1.1801730920535038,-4.920514761544286,-1.6444792482380508,61.64736164736166,14.285714285714288,44.03669724770642,22.41715399610137,-14.905149051490511,,Producer manufacturing,Trucks/Construction/Farm machinery,US9295661071,2.5177025963808,10,40737200,United States,17844056.69366667,USD
ECC,Eagle Point Credit Company,3.9,USD,510326740,USD,1.0362694300518145,2.902374670184693,1.298701298701294,-9.302325581395348,-23.076923076923084,-32.52595155709343,-44.444444444444436,-71.15384615384615,,Miscellaneous,Investment trusts,US2698081013,37.3056994818653,10,132209000,United States,3324273.497333333,USD
IGD,Voya Global Equity Dividend and Premium Opportunity Fund,6.55,USD,510279195,USD,1.2364760432766626,1.0802469135802375,6.504065040650397,9.531772575250827,12.542955326460474,13.913043478260867,13.518197573656852,7.907742998352546,8.563210877238854,Miscellaneous,Investment trusts,US92912T1007,9.27357032457496,18,78868500,United States,1879314.968666667,USD
MTW,"Manitowoc Company, Inc. (The)",14.21,USD,510275189.637193,USD,-0.28070175438595896,2.5252525252525357,11.189358372456976,5.415430267062318,-2.804377564979469,17.925311203319502,12.777777777777787,-43.13725490196078,69.93110236220473,Producer manufacturing,Trucks/Construction/Farm machinery,US5635714059,0,0,35909600,United States,3398252.9339999994,USD
MMT,Aberdeen Multi-Market Income Fund,4.38,USD,510270000,USD,0,0.9216589861751161,-0.9049773755656116,-3.736263736263735,-6.808510638297878,-6.209850107066382,-6.808510638297878,-31.45539906103286,11.442006269592477,Miscellaneous,Investment trusts,US5527371083,9.1796803652968,18,116500000,United States,1610389.9299999997,USD
VCV,Invesco California Value Municipal Income Trust,10.58,USD,508516062,USD,0,0.28436018957345366,-2.308402585410896,-1.4897579143389212,-5.197132616487456,-5.619982158786804,3.5225048923679,-25.440451021846368,41.47393179145433,Miscellaneous,Investment trusts,US46132H1068,7.32703213610586,16,48063900,United States,1085661.9666666666,USD
WIW,Western Asset Inflation-Linked Opportunities & Income Fund,8.36,USD,508439040,USD,0.60168471720817,0.7228915662650448,-0.35756853396902427,-2.222222222222237,-3.3526011560693747,-2.7906976744186074,-5.000000000000014,-37.56534727408515,13.209037762679728,Miscellaneous,Investment trusts,US95766R1041,9.02527075812274,8,61184000,United States,2556190.3056666674,USD
XRN/PB,"Chiron Real Estate Inc. 8.00% Series B Cumulative Redeemable Preferred Stock, $0.001 par value per share",25.45,USD,507571770,USD,-0.8570315543436011,-0.31335683509597273,-1.7184784707472496,3.497356649044325,1.0321556173084478,1.0321556173084478,1.0321556173084478,1.0321556173084478,6.836803223640026,Finance,Real estate investment trusts,US37954A4022,8.55675984027382,12,13234800,United States,116963.98644000002,USD
XRN/PA,Chiron Real Estate Inc. Series A Cumulative Redeemable Preferred Stock,24.51,USD,507571770,USD,-0.4819580408222802,-0.7290400972053451,-0.3253355022366746,1.9126819126819161,-0.040783034257740665,-0.040783034257740665,-0.040783034257740665,-0.040783034257740665,6.5842847548690395,Finance,Real estate investment trusts,US37957W2035,8.55675984027382,12,13234800,United States,126731.65099666666,USD
NWAX,New America Acquisition I Corp.,10.16,USD,505968010.02110744,USD,0.21107450732842664,0.1972386587771161,0.2961500493583352,0.8837255486049093,1.094527363184074,-0.8780487804878034,-0.8780487804878034,-0.8780487804878034,199.60707269155208,Finance,Financial conglomerates,US0236341089,0,0,37300000,United States,458973.95979,USD
NWAX.U,New America Acquisition I Corp.,10.35,USD,504902290,USD,-0.19286403085824083,-0.19286403085824083,-0.5763688760806964,0.38797284190105863,-0.5763688760806964,-2.266288951841362,0.5830903790087513,0.5830903790087513,203.33988212180745,Finance,Financial conglomerates,US0236342079,0,0,35100000,United States,326559.41205333336,USD
IFN,"Aberdeen India Fund, Inc.",11.78,USD,504571977,USD,-0.42265426880812096,1.1158798283261717,0.42625745950553223,-2.4834437086092773,-15.676449534717259,-14.327272727272732,-23.107049608355098,-47.41071428571429,,Miscellaneous,Investment trusts,US4540891037,14.2605748098056,15,42651900,United States,1584386.0186666667,USD
WTI,"W&T Offshore, Inc.",3.34,USD,504149444.2646153,USD,2.7692307692307647,-2.906976744186049,6.369426751592347,-8.493150684931509,59.04761904761903,101.20481927710844,90.85714285714286,3.888024883359254,,Energy minerals,Oil & gas production,US92922P1066,1.23076923076923,3,148778000,United States,14334478.266,USD
BGB,Blackstone Strategic Credit 2027 Term Fund,11.24,USD,502027856,USD,0,0.6266786034019721,-0.530973451327438,-1.7482517482517421,-2.5151777970511637,-4.502973661852161,-9.208400646203557,-19.484240687679087,16.693895737412742,Miscellaneous,Investment trusts,US09257R1014,8.88790035587189,11,44664400,United States,1436601.2179999999,USD
OIS,"Oil States International, Inc.",8.31,USD,501280938.6806723,USD,-0.240096038415361,7.503234152652006,7.642487046632134,-6.524184476940383,-4.37284234752588,21.49122807017545,62.94117647058826,49.19210053859964,,Industrial services,Oilfield services/Equipment,US6780261052,0,0,60322600,United States,5798344.130000006,USD
MG,Mistras Group Inc,15.64,USD,497612879.5499368,USD,-1.1378002528444988,5.962059620596212,-6.682577565632464,-16.36363636363636,9.447165850244938,23.149606299212607,97.724399494311,50.5293551491819,22.339665762034,Industrial services,Engineering & construction,US60649T1079,0,0,31816700,United States,3443051.2676666654,USD
SD,"SandRidge Energy, Inc.",13.44,USD,496181388.9454545,USD,1.81818181818182,-0.07434944237918058,1.5873015873015803,-9.127789046653144,-17.08821714990747,-6.9252077562326875,31.12195121951219,116.77419354838707,6.527757540434212,Energy minerals,Oil & gas production,US80007P8692,3.71212121212121,3,36918300,United States,4271538.869000004,USD
BLW,Blackrock Limited Duration Income Trust,12.54,USD,491475687,USD,-0.23866348448688254,0.23980815347721313,-0.15923566878981965,-2.412451361867708,-8.667152221412973,-8.800000000000006,-11.378091872791527,-28.34285714285715,10.278688524590164,Miscellaneous,Investment trusts,US09249W1018,10.8066825775656,10,39099100,United States,2162660.762666667,USD
PCQ,PIMCO California Municipal Income Fund,8.79,USD,490599798,USD,0.572082379862688,2.2093023255813895,-2.1158129175946687,-1.124859392575944,-2.5498891352549937,0.11389521640090874,5.269461077844306,-54.33766233766234,15.056526207605343,Miscellaneous,Investment trusts,US72200N1063,4.94279176201373,10,56132700,United States,1165356.3773333328,USD
CPS,Cooper-Standard Holdings Inc.,27.63,USD,490578480.71607316,USD,-11.357074109720894,-5.214408233276156,-0.3246753246753242,-11.413914716255217,-19.63350785340315,-16.348773841961858,12.5,29.96237064910629,,Producer manufacturing,Auto parts: OEM,US21676P1030,0,0,17755300,United States,5093051.481666666,USD
DDL,Dingdong (Cayman) Limited,2.24,USD,487605380,USD,0.448430493273553,-6.276150627615059,10.344827586206918,-13.84615384615384,-19.133574007220208,-10.04016064257028,5.660377358490571,-89.86425339366515,9.244737928188197,Retail trade,Food retail,US25445D1019,0,0,182294586,China,876700.4243333333,USD
CAL,"Caleres, Inc.",14.46,USD,485707640.6019554,USD,0.9776536312849202,12.7045985970382,21.512605042016812,9.049773755656117,14.580031695721091,17.560975609756095,5.470459518599562,-39.53585615722349,,Retail trade,Apparel/Footwear retail,US1295001044,1.95530726256983,46,33589700,United States,6765198.012333336,USD
GHY,"PGIM Global High Yield Fund, Inc.",11.74,USD,482112147,USD,-0.25488530161426814,1.0327022375215233,-3.0553261767134536,-1.3445378151260516,-8.992248062015504,-5.092966855295061,-11.329305135951662,-26.11705475141599,9.409313136170553,Miscellaneous,Investment trusts,US69346J1060,10.7051826677995,13,40961100,United States,1740005.020999999,USD
EVMN,"Evommune, Inc.",13.38,USD,481925828.2119816,USD,2.764976958525355,23.77428307123034,7.2115384615384635,-41.85136897001304,-23.014959723820475,-22.748267898383368,-22.43478260869565,-22.43478260869565,,Health technology,Pharmaceuticals: major,US30054Y1073,0,0,36018370,United States,16195066.459333332,USD
KRSP.U,Rice Acquisition Corporation 3,10.64,USD,481647220,USD,0,0,-0.1876172607879885,1.9157088122605468,1.3333333333333388,2.1113243761996223,5.1383399209486305,5.1383399209486305,,Finance,Financial conglomerates,KYG7553X1227,0,0,34500000,United States,346765.5935933333,USD
KRSP,Rice Acquisition Corporation 3,10.46,USD,481187194.00191027,USD,-0.09551098376313072,0.38387715930903,-0.3809523809523728,-0.3809523809523728,1.2584704743465709,1.850048685491736,-2.242990654205593,-2.242990654205593,,Finance,Financial conglomerates,KYG7553X1060,0,0,34502500,United States,235284.73150000002,USD
NMAI,Nuveen Multi-Asset Income Fund,14.29,USD,477652452.76,USD,0,4.68864468864468,1.9985724482512446,1.9985724482512446,6.16641901931648,8.834729626808821,14.228617106314944,-28.550000000000004,5.877755840737084,Miscellaneous,Investment trusts,US6707501085,9.02379286214136,5,33425644,United States,1313150.2029999995,USD
BLND,"Blend Labs, Inc.",1.95,USD,472127455.3731344,USD,-2.9850746268656634,8.938547486033515,7.734806629834248,34.02061855670102,1.0362694300518145,-37.09677419354839,-47.43935309973046,-89.22651933701658,,Technology services,Packaged software,US09352U1088,0,0,238860000,United States,3773427.8353333334,USD
HVT,"Haverty Furniture Companies, Inc.",28.89,USD,469403644.88357586,USD,0.10395010395010788,11.286594761171031,14.642857142857148,33.31795108444854,6.960385042576819,22.93617021276596,35.000000000000014,-22.23418573351278,20.998691670300918,Retail trade,Specialty stores,US4195961010,4.53915453915454,15,14885400,United States,3167198.919000001,USD
GTN.A,"Gray Media, Inc.",6.61,USD,469216903.99999994,USD,0,-2.9368575624082127,-11.866666666666664,-37.345971563981045,-49.15384615384615,-43.11531841652323,-38.68274582560296,-69.25581395348837,,Consumer services,Broadcasting,US3893752051,4.84114977307111,5,9869310,United States,16773.79866666666,USD
IPI,"Intrepid Potash, Inc",34.92,USD,469081412.256,USD,3.466666666666672,-0.7390562819783911,3.13053750738335,-8.346456692913385,10.157728706624614,25.026852846401727,4.770477047704781,3.3747779751332163,35.27272727272727,Non-energy minerals,Other metals/Minerals,US46121Y2019,0,0,13433000,United States,6937217.804666667,USD
HVT.A,"Haverty Furniture Companies, Inc.",32.5,USD,468916205.99999994,USD,4.838709677419355,6.907894736842111,13.636363636363631,42.5438596491228,26.557632398753896,26.953124999999993,53.4466477809254,-13.171253005610472,23.6226195667975,Retail trade,Specialty stores,US4195962000,3.78461538461539,15,1209980,United States,68036.13399999992,USD
CBAN,"Colony Bankcorp, Inc.",22.03,USD,466118516.699503,USD,-0.45187528242204195,0.13636363636364154,7.990196078431386,10.150000000000006,4.11153119092628,23.348264277715575,37.51560549313359,24.013465284110755,13.337773203366229,Finance,Regional banks,US19623P1012,2.12381382738364,9,21158400,United States,7115221.818,USD
PACK,Ranpak Holdings Corp,5.43,USD,465667490.0181818,USD,-1.272727272727278,0.5555555555555437,-16.589861751152075,-15.552099533437016,7.952286282306152,-0.9124087591241005,28.368794326241115,-79.88888888888889,,Process industries,Containers/Packaging,US75321W1036,0,0,85758300,United States,3665733.190333331,USD
TWI,"Titan International, Inc. (DE)",7.21,USD,465350361.2780822,USD,-1.2328767123287652,-3.738317757009349,-3.4805890227576946,-9.535759096612292,-31.593927893738137,-8.152866242038213,-14.472123368920519,-13.65269461077844,,Producer manufacturing,Auto parts: OEM,US88830M1027,0,0,64542400,United States,4133424.97,USD
SI,"Shoulder Innovations, Inc.",22.43,USD,465158415.5318584,USD,-0.7522123893805385,-3.9400428265524696,5.25574847489442,73.87596899224805,78.01587301587301,54.90331491712706,59.41719971570718,43.782051282051285,,Health technology,Medical specialties,US82537J1088,0,0,20738226,United States,2747962.4093333334,USD
FFA,First Trust Enhanced Equity Income Fund,23.21,USD,463723920,USD,0.04310344827586881,3.616071428571439,3.1555555555555594,3.616071428571439,6.321575813101249,5.26077097505669,12.288340590227378,11.425828132501213,5.745191712666155,Miscellaneous,Investment trusts,US3373181094,6.35775862068966,16,19988100,United States,570716.3004999997,USD
GTN,"Gray Media, Inc.",4.28,USD,461666287.15402305,USD,-1.6091954022988366,0.7058823529411823,4.6454767726161466,-4.888888888888883,-1.1547344110854463,-11.934156378600823,-6.956521739130422,-81.12042346713719,,Consumer services,Broadcasting,US3893751061,7.35632183908046,5,92869200,United States,5031526.145333334,USD
NGS,"Natural Gas Services Group, Inc.",36.4,USD,459900091.98473287,USD,-0.7633587786259572,1.8181818181818141,-3.4738796075311646,-7.6845041846309945,4.029722777936543,8.140225787284619,48.6320947325439,246.00760456273764,21.16648252602198,Producer manufacturing,Industrial machinery,US63886Q1094,1.28135223555071,1,12634600,United States,5432159.8763333345,USD
HPS,John Hancock Preferred Income Fund III Preferred Income Fund III,14.23,USD,459272026,USD,-0.41987403778865445,0.4234297812279499,-2.3335621139327376,-4.432505036937543,-2.6009582477754893,-1.7943409247757058,-1.9297036526533382,-26.838046272493568,12.121986540591193,Miscellaneous,Investment trusts,US41021P1030,9.2372288313506,10,32139400.000000004,United States,725973.7073333334,USD
VVR,Invesco Senior Income Trust,2.96,USD,457811440,USD,-0.671140939597316,0.3389830508474504,-1.0033444816053594,-3.2679738562091534,-9.756097560975606,-9.756097560975606,-20.000000000000007,-31.481481481481485,33.370913190529876,Miscellaneous,Investment trusts,US46131H1077,15.3020134228188,12,153628000,United States,2127960.7656666664,USD
ETB,Eaton Vance Tax-Managed Buy-Write Income Fund,15.52,USD,457657826,USD,-0.38510911424904043,2.5776602775941755,0.38809831824061264,0.8447043534762768,1.5042511445389173,0.8447043534762768,6.960716747070983,-6.110102843315193,7.59258353309525,Miscellaneous,Investment trusts,US27828X1000,8.14890885750963,17,29374700,United States,699339.4783333334,USD
CTEV,Claritev Corporation,26.84,USD,457562631.52238804,USD,2.717183314198243,11.046752172114184,-19.326720769461986,9.819967266775771,1.5512674990541058,-37.63940520446097,-32.9,-99.77083333333333,,Technology services,Data processing services,US62548M2098,0,0,17047800,United States,3233326.3736666655,USD
LXFR,Luxfer Holdings PLC,17.09,USD,457315440.5830409,USD,-0.05847953216375183,-0.34985422740524036,-0.9275362318840588,9.97425997425998,12.139107611548555,24.562682215743436,44.830508474576256,-16.79649464459591,58.14903028240899,Non-energy minerals,Other metals/Minerals,GB00BNK03D49,3.04093567251462,13,26759200,United States,5829393.970666666,USD
ZKH,ZKH Group Limited,2.82,USD,453926756,USD,-1.3986013986014,0.5347593582887586,5.6179775280898845,-6.000000000000004,-19.772403982930307,-25.593667546174146,-6.000000000000004,-81.80645161290323,,Retail trade,Home improvement chains,US98877R1041,0,0,129375245.257143,China,269324.38366666663,USD
KIO,KKR Income Opportunities Fund,11.02,USD,452886460,USD,-0.2714932126696935,0.36429872495445487,-3.248463564530298,-2.3914968999114223,-6.052855924978694,-5.81196581196581,-13.973458235753323,-33.21212121212121,11.307202955058484,Miscellaneous,Investment trusts,US48249T1060,13.1945701357466,8,40985200,United States,2369737.542666667,USD
VHI,"Valhi, Inc.",16,USD,452836702.3578363,USD,10.957004160887656,21.11944648412956,13.475177304964541,12.676056338028173,7.744107744107747,34.34089000839631,1.426307448494451,-27.99279927992799,,Process industries,Chemicals: specialty,US9189052098,2.21914008321775,39,28302300,United States,173621.33800000002,USD
CINT,CI&T Inc,3.51,USD,451819940.5112359,USD,-1.4044943820224793,7.01219512195122,0.5730659025787843,-12.250000000000005,-28.513238289205706,-15.217391304347824,-34.146341463414636,-80,11.32258064516129,Technology services,Information technology services,KYG213071064,0,0,18113182,Brazil,505846.48133333336,USD
NBB,Nuveen Taxable Municipal Income Fund,15.3,USD,450326804,USD,-0.13054830287205987,0.6578947368421146,-2.236421725239614,-4.0150564617314854,-3.713027061044681,-3.1645569620253164,-4.0150564617314854,-35.08697496817989,16.4286481262751,Miscellaneous,Investment trusts,US67074C1036,7.55874673629243,11,29394700,United States,748210.1706666667,USD
DIN,"Dine Brands Global, Inc. Common Stock",35.5,USD,450323710.2657343,USD,-0.6993006993006993,-1.9337016574585713,-0.9210159084565959,24.517713083128722,-0.420757363253853,9.298029556650258,70.50912584053795,-54.62678936605316,71.8042071197411,Consumer services,Restaurants,US2544231069,3.02097902097902,13,12685200,United States,10482119.414,USD
CMDB,Costamare Bulkers Holdings Limited,18.56,USD,448789568.4102564,USD,-0.8547008547008554,1.1995637949836362,-0.16137708445401364,-1.0660980810234693,3.8612199216563945,20.1294498381877,87.47474747474746,15.999999999999993,,Transportation,Marine shipping,MHY2001C1012,0,0,24180471,Monaco,1481901.229,USD
MAGN,Magnera Corporation,12.53,USD,448573988.89512557,USD,-7.459379615952731,-9.399855386840207,-2.4902723735408583,2.704918032786886,-17.074784910655197,-17.836065573770494,8.767361111111109,-93.80561597785248,,Process industries,Textiles,US55939A1079,0,0,35800000,United States,5638951.219666666,USD
CHCT,Community Healthcare Trust Incorporated,15.58,USD,446426852.9135802,USD,1.2345679012345647,-17.10561319499868,-13.875069098949695,-11.678004535147394,-14.112458654906288,-5.575757575757576,0.38659793814433313,-68.86490807354117,23.4320950518875,Finance,Real estate investment trusts,US20369C1062,12.3781676413255,11,28653800,United States,4917657.963333333,USD
TRC,Tejon Ranch Co,16.46,USD,444489717.3556232,USD,0.060790273556240504,-3.798947983635293,-11.647879763821784,-20.40618955512572,-0.12135922330096828,4.177215189873419,-8.707709373266779,-11.505376344086024,263.36,Finance,Real estate development,US8790801091,0,0,27004200,United States,2071270.650333333,USD
KREF,KKR Real Estate Finance Trust Inc.,7.44,USD,439041823.5124654,USD,3.0470914127423914,2.1978021978021998,4.494382022471914,12.898330804248872,1.2244897959183776,-9.818181818181813,-19.042437431991285,-65.28231451236583,,Finance,Real estate investment trusts,US48251K1007,11.7728531855956,9,58578000,United States,9019503.664333334,USD
BNED,"Barnes & Noble Education, Inc",12.64,USD,437892227.10410094,USD,-0.3154574132492046,-0.15797788309636315,11.169744942832027,18.685446009389672,44.12770809578109,37.54080522306857,50.476190476190474,-98.43370508054522,26.393819168928797,Retail trade,Specialty stores,US06777U2006,0.630914826498423,0,34643400,United States,5091621.740333333,USD
AVBC,"Avidia Bancorp, Inc.",21.74,USD,436457672,USD,0,-1.9837691614066784,7.357494530891199,8.320876930742394,13.347236704900933,28.639053254437872,50.97222222222221,55.28571428571428,22.937328550327074,Finance,Savings banks,US05369T1007,0.459981600735971,0,20076250,United States,3516402.0043333336,USD
BBW,"Build-A-Bear Workshop, Inc.",34.71,USD,435174648.2645032,USD,-0.3159103963239501,-1.448040885860301,10.930009587727714,-7.464676086376959,-37.41435268662099,-43.496662868305386,-32.6934264107039,129.86754966887418,8.127853881278538,Retail trade,Specialty stores,US1200761047,2.5847214244687,2,12537400,United States,11123366.162666667,USD
NMG,Nouveau Monde Graphite Inc.,1.32,USD,434430933.36125654,USD,-2.9411764705882377,-1.492537313432837,-18.012422360248447,-37.14285714285714,-34.65346534653465,-47.2,-32.65306122448979,-80.78602620087337,,Non-energy minerals,Other metals/Minerals,CA66979W8429,0,0,329114000,Canada,766864.936666667,USD
FPI,Farmland Partners Inc.,9.94,USD,433689382.3542509,USD,0.6072874493926995,4.963041182682142,3.8662486938348923,-6.403013182674197,-13.86481802426343,2.792140641158217,-8.38709677419355,-19.57928802588997,21.580547112462003,Finance,Real estate investment trusts,US31154R1095,3.03643724696356,12,43630700,United States,4441590.544999999,USD
BOC,Boston Omaha Corporation,14.3,USD,432071599.56551725,USD,-1.3793103448275814,-0.694444444444442,-3.182125930941089,25.548726953467952,14.03508771929826,15.789473684210536,8.49772382397573,-55.45171339563863,,Commercial services,Advertising/Marketing services,US1010441053,0,0,29634200,United States,1946641.1876666667,USD
HPI,John Hancock Preferred Income Fund,16.1,USD,430103169,USD,-0.06207324643077598,0.3740648379052511,-1.5290519877675839,-1.589242053789719,-0.7398273736128079,-0.9840098400984018,0.06215040397763557,-26.6514806378132,12.48642779587405,Miscellaneous,Investment trusts,US41013W1080,9.19925512104283,15,26697900,United States,743346.2829999999,USD
BBBY,"Bed Bath & Beyond, Inc.",4.5,USD,428986714.28571427,USD,-2.5974025974025996,-10.714285714285714,-19.64285714285714,-16.04477611940299,-14.122137404580158,-18.62567811934901,-47.61350407450524,-93.48958333333333,,Retail trade,Internet retail,US6903701018,0,0,74636700,United States,13835624.860666664,USD
OEC,Orion S.A.,7.6,USD,428553728.41463417,USD,15.853658536585366,6.2937062937062835,41.001855287569576,5.702364394993036,7.4964639321074875,45.03816793893129,-21.406411582213032,-58.537915984724485,,Process industries,Chemicals: specialty,LU1092234845,1.26219512195122,4,56388600,Luxembourg,4282339.1806666665,USD
GCO,Genesco Inc.,38.49,USD,427507360.39760584,USD,-1.9612837493632094,-1.2823800974608874,14.315414315414314,14.078245406046236,36.92636072572039,53.96000000000001,55.51515151515152,-31.7068843151171,22.32080723729993,Retail trade,Apparel/Footwear retail,US3715321028,0,0,11107000,United States,6039898.141666667,USD
GOTU,Gaotu Techedu Inc.,1.9,USD,426762840,USD,1.0638297872340436,9.826589595375719,9.19540229885057,-2.5641025641025665,-9.523809523809533,-19.14893617021277,-46.32768361581921,-42.42424242424243,,Commercial services,Miscellaneous commercial services,US36257Y1091,0,0,117044137.279314,China,563405.722,USD
KREF/PA,KKR Real Estate Finance Trust Inc. 6.50% Series A Cumulative Redeemable Preferred Stock,18.5,USD,426059404,USD,1.2588943623426405,1.36986301369863,2.8349082823791085,0.9274413529732772,1.36986301369863,1.2588943623426405,-10.08243253752236,-32.184502142603165,,Finance,Real estate investment trusts,US48251K2096,11.7728531855956,9,58578000,United States,498687.24473000003,USD
DFP,Flaherty & Crumrine Dynamic Preferred and Income Fund Inc.,20.68,USD,425987156,USD,-0.2892960462873613,0.09680542110357973,-0.5291005291005264,-1.804368471035133,-4.875804967801282,-0.4812319538017392,-0.7201152184349429,-31.249999999999996,9.50498690076757,Miscellaneous,Investment trusts,US33848W1062,7.12343297974928,12,20539400,United States,968841.0413333331,USD
ISD,"PGIM High Yield Bond Fund, Inc.",12.53,USD,420467840,USD,-0.6344171292624907,0.8856682769726202,-3.5411855273287207,-7.322485207100594,-13.8831615120275,-13.645761543762926,-13.466850828729289,-23.457544288332326,10.706656412885586,Miscellaneous,Investment trusts,US69346H1005,9.99206978588422,4,33344000,United States,1643126.0923333338,USD
EVN,Eaton Vance Municipal Income Trust,10.56,USD,419021400,USD,0.5714285714285762,0.7633587786259548,-5.5456171735241435,-1.0309278350515412,-3.208065994500455,-1.492537313432837,-0.18903591682419257,-25.686136523574948,11.474519178528741,Miscellaneous,Investment trusts,US27826U1088,5.86285714285714,10,39906800,United States,847246.0640000001,USD
SGU,Star Group L.P.,12.76,USD,418961019.785214,USD,-0.7003891050583646,0.7103393843725324,-1.9215987701767872,-5.130111524163564,-3.770739064856712,8.044030482641823,7.679324894514769,13.725490196078423,5.27359894197388,Energy minerals,Oil refining/Marketing,US85512C1053,5.95330739299611,17,32833900,United States,283246.23866666673,USD
ALIT,"Alight, Inc.",15.59,USD,418780140.0803881,USD,8.03880803880804,-20.943204868154154,-2.8660436137071703,-10.402298850574708,-50.032051282051285,-60.431472081218274,-81.48456057007125,-92.15005035246728,,Technology services,Information technology services,US01626W2008,11.0880110880111,2,26342400,United States,16053440.750000002,USD
CYH,"Community Health Systems, Inc.",2.95,USD,415977600,USD,0,8.856088560885617,-20.27027027027027,1.3745704467353963,-3.908794788273605,-5.448717948717946,18.000000000000007,-77.2902232486528,1.5981364104231,Health services,Hospital/Nursing management,US2036681086,0,0,141009000,United States,7105606.747666666,USD
AII,"American Integrity Insurance Group, Inc.",21.2,USD,415325314.3545279,USD,2.11946050096338,4.023552502453387,12.407211028632025,8.77373011800924,15.21739130434783,2.812803103782727,13.217623497997316,14.594594594594591,4.844274844046341,Finance,Property/Casualty insurance,US0269481091,0,0,19590816,United States,2088631.7949999992,USD
CLBR.U,Colombier Acquisition Corp. III,10.68,USD,411371318,USD,1.136363636363629,2.593659942363108,2.8901734104046137,4.911591355599215,5.221674876847284,5.221674876847284,5.221674876847284,5.221674876847284,,Finance,Financial conglomerates,KYG2284A1296,0,0,30050000,United States,70717.78404,USD
CLBR,Colombier Acquisition Corp. III,10.27,USD,410971151.34824896,USD,-0.09727626459143762,-0.2912621359223411,0.09746588693956908,1.6831683168316824,1.88492063492063,1.88492063492063,1.88492063492063,1.88492063492063,,Finance,Financial conglomerates,KYG2284A1031,0,0,30050000,United States,385598.8834999999,USD
ORN,"Orion Group Holdings, Inc.",10.12,USD,409812320.3988382,USD,-2.032913843175226,9.88056460369162,-32.26238286479251,-31.943510423671825,-27.765881513204857,0.8973080757726806,37.687074829931966,90.58380414312617,110.72210065645514,Industrial services,Engineering & construction,US68628V3087,0,0,40495300,United States,8334396.445000001,USD
HFRO,Highland Opportunities and Income Fund,7.32,USD,407237775,USD,-0.40816326530611374,-0.1364256480218252,-1.4804845222072602,18.06451612903226,17.495987158908505,21.393034825870647,27.30434782608696,-29.95215311004784,,Miscellaneous,Investment trusts,US43010E4044,6.28571428571429,8,55406500,United States,1293320.3860000002,USD
ACCO,Acco Brands Corporation,4.41,USD,407076402.7155963,USD,1.146788990825684,2.08333333333333,6.521739130434795,8.35380835380835,9.701492537313449,16.976127320954912,24.225352112676067,-50.16949152542372,7.106026426039317,Producer manufacturing,Office equipment/Supplies,US00081T1088,6.88073394495413,8,92307600,United States,3375429.8393333335,USD
NOA,North American Construction Group Ltd.,14.51,USD,406047286.414307,USD,1.326815642458097,10.174639331814731,11.27300613496933,-0.95563139931741,-5.962410887880752,0.20718232044198454,-2.223719676549866,-0.6164383561643826,19.22561664727781,Non-energy minerals,Other metals/Minerals,CA6568111067,2.38450074515648,12,27984000,Canada,869504.1533333331,USD
EVH,"Evolent Health, Inc",3.59,USD,403807037.1038961,USD,16.55844155844155,8.459214501510568,-38.31615120274915,-15.925058548009362,24.65277777777778,-10.473815461346632,-61.849096705632306,-85.13457556935818,,Commercial services,Miscellaneous commercial services,US30050B1017,0,0,112481000,United States,15963529.76066667,USD
BGR,BlackRock Energy and Resources Trust,16,USD,402462522,USD,1.2017710309930392,-0.3735990037359821,6.737825216811205,0.5025125628140708,8.84353741496599,18.606375092661228,20.937263794406647,78.77094972067042,10.082550885374,Miscellaneous,Investment trusts,US09250U1016,7.38519924098672,16,25456200,United States,1376755.5653333336,USD
HTT,High Templar Tech Limited,2.48,USD,401091721,USD,-3.1250000000000027,4.201680672268911,-5.343511450381684,10.222222222222221,-11.743772241992884,-31.111111111111114,-36.895674300254456,40.112994350282484,4.297348813030671,Technology services,Internet software/Services,US7477981069,0,0,93185285,China,574420.0833333331,USD
AAC.U,Ares Acquisition Corporation III,10.19,USD,400332500,USD,0.5426739023186948,0.8910891089108897,1.0912698412698356,1.191658391261164,1.191658391261164,1.191658391261164,1.191658391261164,1.191658391261164,,Finance,Financial conglomerates,KYG3303U1123,0,,39500000,United States,,
SPCE,"Virgin Galactic Holdings, Inc.",2.93,USD,392692889.0726643,USD,1.3840830449827002,17.67068273092369,8.921933085501866,15.354330708661422,22.083333333333346,-10.397553516819567,-25.634517766497456,-99.53916325888645,,Electronic technology,Aerospace & defense,US92766K4031,0,0,134025000,United States,31010388.072999958,USD
GNE,Genie Energy Ltd.,14.74,USD,389190539.0439094,USD,4.390934844192642,4.83641536273115,1.655172413793105,0.958904109589045,5.060584461867434,7.200000000000002,-27.992183683439176,139.67479674796746,23.46386501114295,Utilities,Electric utilities,US3722842081,2.12464589235127,4,24829400,United States,1245469.5680000004,USD
NCV,Virtus Convertible & Income Fund,17.07,USD,388154457.38,USD,-0.6402793946449327,2.2155688622754552,-1.2724117987275816,-0.6402793946449327,8.243500317057709,11.861074705111406,18.62404447533009,-31.058158319870763,4.912230215827338,Miscellaneous,Investment trusts,US92838X8056,9.49941792782305,4,22593391,United States,1423665.6696666665,USD
PFL,PIMCO Income Strategy Fund Shares of Beneficial Interest,7.8,USD,385908680,USD,0.5154639175257737,1.0362694300518145,-1.140684410646386,-3.105590062111812,-7.58293838862559,-8.343125734430082,-8.665105386416855,-39.76833976833977,,Miscellaneous,Investment trusts,US72201H1086,12.5876288659794,17,49730500,United States,2077794.4480000006,USD
PSFE,Paysafe Limited,7.52,USD,385421530.79950196,USD,-6.3511830635118285,-14.545454545454557,-11.320754716981142,-19.914802981895644,13.767019667170942,-7.955936352509183,-35.339638865004304,-94.31852523420973,,Commercial services,Miscellaneous commercial services,BMG6964L2062,0,0,51252900,United Kingdom,2160076.246999999,USD
AUNA,Auna SA,5.2,USD,384867423.3397313,USD,-0.19193857965450647,0.5802707930367553,-3.703703703703707,2.5641025641025617,14.79028697571744,5.906313645621182,-17.851500789889414,-45.32071503680336,21.514273893256103,Health services,Medical/Nursing services,LU2791994721,0,0,30095388,Luxembourg,819688.0340000005,USD
EDD,"Morgan Stanley Emerging Markets Domestic Debt Fund, Inc.",5.99,USD,384158356,USD,0.5033557046979908,2.9209621993127133,2.5684931506849376,7.927927927927936,-0.1666666666666631,9.30656934306569,15.860735009671185,-3.2310177705977408,4.948777263714475,Miscellaneous,Investment trusts,US6174771047,8.55704697986577,18,64456100.00000001,United States,3061938.3883333337,USD
FRA,Blackrock Floating Rate Income Strategies Fund Inc,10.83,USD,384113232,USD,-0.09225092250922312,0.4638218923933276,-0.5509641873278283,-2.607913669064741,-7.038626609442062,-7.7512776831345835,-18.202416918429,-18.93712574850299,15.711591469606848,Miscellaneous,Investment trusts,US09255X1000,13.7092250922509,10,35434800,United States,1580661.3436666664,USD
LEO,"BNY Mellon Strategic Municipals, Inc.",6.17,USD,383711944,USD,0.16233766233765887,-0.4838709677419395,-4.043545878693621,-4.636785162287478,-5.368098159509198,-3.5937500000000067,4.047217537942668,-33.36933045356371,30.36417322834646,Miscellaneous,Investment trusts,US05588W1080,4.56168831168831,12,62290900,United States,1755191.1183333332,USD
SOR,"Source Capital, Inc. Cmn Shs of BI",46.58,USD,383398582.6,USD,0,1.6808557083606113,0,0.23671185711211412,-2.654127481713695,1.2168622338113757,6.590389016018296,2.1939447125932428,6.440818584070796,Miscellaneous,Investment trusts,US8361443034,5.3662516101331,18,8230969.999999999,United States,489993.3746666667,USD
ZIP,"ZipRecruiter, Inc.",4.68,USD,381527943.92470586,USD,10.117647058823524,13.043478260869566,16.999999999999993,40.96385542168675,139.99999999999997,20.930232558139522,22.193211488250643,-82.52427184466019,13.565217391304348,Technology services,Internet software/Services,US98980B1035,0,0,68493100,United States,2940676.300666667,USD
AIV,Apartment Investment and Management Company,2.65,USD,381218906,USD,0,1.5325670498084305,-10.472972972972975,-38.51508120649652,-55.38720538720539,-55.38720538720539,-69.39953810623557,-61.64978292329956,,Finance,Real estate investment trusts,US03748R7474,0,0,143856000,United States,3128700.1356666684,USD
FCBM,"First Carolina Financial Services, Inc.",12.5,USD,378071900,USD,-0.7936507936507908,2.7115858668857853,0,-1.806755695208173,-1.806755695208173,-1.806755695208173,-1.806755695208173,-1.806755695208173,,Finance,Regional banks,US31943F2002,0,0,30245752,United States,1084424.743,USD
FOF,"Cohen & Steers Closed-End Opportunity Fund, Inc.",13.57,USD,376823178,USD,-0.3671071953010201,1.4958863126402473,-2.0923520923520864,-3.2786885245901574,-4.6380885453267755,2.1837349397590433,4.787644787644796,-7.43519781718963,5.977973568281938,Miscellaneous,Investment trusts,US19248P1066,7.66519823788546,9,27666900,United States,649724.6614999998,USD
ZTR,Virtus Total Return Fund Inc.,6.75,USD,376062668,USD,-0.2954209748892109,-0.5891016200294557,-1.3157894736842084,-0.8810572687224613,2.7397260273972557,6.466876971608835,8.17307692307692,-30.698151950718685,8.26901874310915,Miscellaneous,Investment trusts,US92835W1071,8.86262924667651,7,55548400,United States,1358708.9709999997,USD
RNGR,"Ranger Energy Services, Inc.",16.04,USD,375368457.7095959,USD,1.262626262626258,5.595786701777484,3.4171502256608597,0.3126954346466475,-0.12453300124532737,14.653323802716217,22.629969418960236,106.43500643500644,26.534325889164595,Industrial services,Oilfield services/Equipment,US75282U1043,1.51515151515152,3,23402000,United States,3881941.1893333336,USD
GBAB,Guggenheim Taxable Municipal Bond & Investment Grade Debt Trust,13.93,USD,372603105,USD,-0.14336917562723708,1.5306122448979524,-2.3141654978962136,-2.2456140350877214,-7.625994694960214,-7.0093457943925275,-8.53578463558766,-43.80798709156918,11.912091670942363,Miscellaneous,Investment trusts,US4016641072,10.8154838709677,16,26709900,United States,1309885.2053333332,USD
MZYX,MOZAYYX Acquisition Corp.,9.92,USD,372000002.99999994,USD,0,-0.40160642570282046,-1.4895729890764682,0.6085192697768813,1.327885597548527,1.327885597548527,1.327885597548527,1.327885597548527,,Finance,Financial conglomerates,KYG631131078,0,0,30000000,United States,353225.57145,USD
AWP,abrdn Global Premier Properties Fund,11.89,USD,370267200,USD,-0.916666666666662,-2.938775510204077,-0.6683375104427741,0.25295109612142613,0.33755274261604157,3.2118055555555642,1.885175664095978,-40.84577114427861,6.7453338628240775,Miscellaneous,Investment trusts,US00302L2079,12.000000003,17,30855600,United States,2441413.013,USD
FCRS.U,FutureCrest Acquisition Corp.,10.3601,USD,368682806,USD,-0.2877767083734492,-0.3836538461538573,-0.7653256704980872,-1.0023889154324,1.0741463414634067,1.0741463414634067,-1.2383222116301336,-1.2383222116301336,91.11785400175901,Finance,Financial conglomerates,KYG3730U1233,0,0,25000000,United States,90445.50906999999,USD
CLW,Clearwater Paper Corporation,22.86,USD,368680683.3927944,USD,0.43936731107204685,6.872370266479658,43.05381727158948,67.84140969162996,29.59183673469387,31.30384836300976,2.7877697841726667,-23.749166110740497,,Process industries,Pulp & paper,US18538R1032,0,0,16127800,United States,3908456.0640000007,USD
FCRS,FutureCrest Acquisition Corp.,10.24,USD,367999993.5120382,USD,-0.18520323618286505,0,-0.3406326034063274,-0.1754728017157234,1.1857707509881523,1.2858555885262195,0.19569471624265727,0.19569471624265727,90.06156552330695,Finance,Financial conglomerates,KYG3730U1076,0,0,28750000,United States,720668.8467666666,USD
NAN,Nuveen New York Quality Municipal Income Fund,11.2,USD,367912836,USD,0.35842293906809275,0.3584229390680927,-4.355251921434684,-2.6086956521739193,-2.439024390243912,-1.4084507042253533,0.448430493273533,-27.225471085120216,31.11111111111111,Miscellaneous,Investment trusts,US67066X1072,7.74193548387097,2,32967100.000000004,United States,788919.3042333332,USD
KNOP,KNOT Offshore Partners LP,10.64,USD,367644183.9616859,USD,1.9157088122605466,4.827586206896553,2.4061597690086622,-3.2727272727272676,2.7027027027027137,2.0134228187919545,50.495049504950494,-41.88967777170944,19.90273101384213,Transportation,Marine shipping,MHY481251012,1.69540229885057,13,33660300,United Kingdom,651506.5253333334,USD
HBB,Hamilton Beach Brands Holding Company,27,USD,365734709.88688725,USD,13.112693757855043,16.129032258064516,18.31726555652936,31.067961165048537,38.67488443759631,63.88467374810317,99.11504424778761,53.4090909090909,6.344283096010151,Consumer durables,Electronics/Appliances,US40701T1043,2.03183912861332,9,9960260,United States,969658.2553333335,USD
RMAX,"RE/MAX Holdings, Inc.",10.77,USD,364858970.67525774,USD,11.03092783505155,15.931108719052752,-3.7533512064343157,-1.2832263978001885,49.58333333333332,42.08443271767809,38.431876606683794,-69.14924090518475,582.1621621621622,Finance,Real estate development,US75524W1080,0,0,21317700,United States,4044549.004666667,USD
ALUB,Alussa Energy Acquisition Corp. II,10.11,USD,363328116.50420165,USD,0.0990099009900969,0.0990099009900969,0.2976190476190413,1.0999999999999943,0.49701789264412455,1.3026052104208317,1.3026052104208317,1.3026052104208317,,Finance,Financial conglomerates,KYG0233J1004,0,0,28750000,United States,610515.6848333335,USD
CION,CION Investment Corporation,7.28,USD,362465458.9662921,USD,16.85393258426966,22.558922558922557,15.739268680445155,-1.7543859649122793,-17.55379388448471,-25.102880658436217,-26.24113475177304,-44,,Miscellaneous,Investment trusts,US17259U2042,21.1878009630819,5,49789210,United States,3500027.5346666663,USD
HLLY,Holley Inc.,3.01,USD,362313244.5394736,USD,-0.986842105263166,9.454545454545446,24.896265560165958,17.57812499999999,-27.118644067796616,-26.22549019607844,42.654028436018955,-74.02933563416738,35.66350710900473,Producer manufacturing,Auto parts: OEM,US43538H1032,0,0,120370000,United States,2355295.348333333,USD
WDH,Waterdrop Inc.,1,USD,360883492,USD,0,-14.529914529914524,-20,-37.106918238993714,-43.82022471910112,-47.91666666666667,-42.52873563218391,-73.40425531914894,4.721435316336167,Finance,Insurance brokers/Services,US94132V1052,4.8,1,280692994.1,China,198715.88500000007,USD
SCD,LMP Capital and Income Fund Inc.,15.71,USD,358713221.76,USD,0.31928480204342724,1.6828478964401397,0.5118362124120286,3.3552631578947474,0.7697241821680628,6.005398110661273,3.6279683377308753,10.014005602240907,5.595925055211228,Miscellaneous,Investment trusts,US50208A1025,9.19540229885057,15,22906336,United States,1495664.2466666673,USD
MSC,Studio City International Holdings Limited,1.8999,USD,358217406,USD,11.758823529411764,-5.005000000000004,-0.005263157894736263,-16.714886901630727,-40.53521126760563,-46.17847025495751,-56.22350230414747,-83.18672566371681,,Consumer services,Casinos/Gaming,US86389T1060,0,0,192588175,Hong Kong,7766.219163333333,USD
FTW,Presidio Production Company,11.44,USD,358000276.52326596,USD,0.43898156277435413,-0.08733624454148287,-5.298013245033117,6.816059757236214,8.02644003777148,8.538899430740042,9.160305343511443,14.9748743718593,,Energy minerals,Integrated oil,US74102N1019,0,0,29616901,United States,917648.6716666667,USD
SBXE.U,SilverBox Corp V,10.35,USD,355350000,USD,0.9756097560975575,0,1.9704433497536875,2.171767028627827,2.6785714285714244,2.8827037773359754,2.9850746268656607,2.9850746268656607,,Finance,Financial conglomerates,KYG8148S1232,0,0,27795000,United States,89659.28216666664,USD
LZM,Lifezone Metals Limited,3.94,USD,354220318.65822786,USD,-0.2531645569620311,26.282051282051277,3.684210526315793,-30.998248686514888,-18.595041322314046,-8.796296296296305,-0.7556675062972354,-60.040567951318465,,Non-energy minerals,Other metals/Minerals,IM00BLCY1J27,0,0,89903630,United Kingdom,1848130.8530000008,USD
HIX,Western Asset High Income Fund II Inc.,3.92,USD,353973921,USD,-0.2544529262086573,1.818181818181814,-1.010101010101011,-1.259445843828722,-6.888361045130642,-6.2200956937799,-7.764705882352943,-48.35309617918313,7.71198111351564,Miscellaneous,Investment trusts,US95766J1025,14.9618320610687,9,90069700,United States,1337292.2643333336,USD
PINE/PA,"Alpine Income Property Trust, Inc. 8.00% Series A Cumulative Redeemable Preferred Stock",25.2476,USD,352238034,USD,0.08959365708621235,0.14914716382387003,0.7486033519553064,-0.24654286843145096,-0.9898039215686334,1.1927855711422815,1.599999999999988,1.599999999999988,126.61785356068204,Finance,Real estate investment trusts,US02083X2027,5.85292646323162,7,17620700,United States,182210.88135333333,USD
LND,Brasilagro Brazilian Agric Real Estate Co Sponsored,3.59,USD,352038661.2132,USD,-0.5540166204986154,-2.4456521739130515,-0.2777777777777842,-6.510416666666667,-5.026455026455025,0.27932960893854153,-5.277044854881271,-35.77817531305904,,Finance,Real estate development,US10554B1044,3.36578947368421,11,99615013,Brazil,131394.11500000005,USD
PINE,"Alpine Income Property Trust, Inc.",19.96,USD,351709412.6383192,USD,-0.1500750375187473,-2.4437927663734116,-2.8710462287104614,2.306509482316757,6.0010621348911455,19.30663478780634,39.09407665505228,0.9100101112234565,100.10030090270813,Finance,Real estate investment trusts,US02083X1037,5.85292646323162,7,17620700,United States,3670380.4896666664,USD
KTF,DWS Municipal Income Trust,8.94,USD,350988610.56,USD,-0.22321428571430074,1.4755959137343813,-3.559870550161813,-1.866081229418221,-2.6143790849673225,-1.3245033112582891,3.3526011560693543,-27.317073170731714,10.103978300180831,Miscellaneous,Investment trusts,US2333681094,8.16964285714286,10,39172836,United States,1798303.4290000002,USD
MIY,"Blackrock MuniYield Michigan Quality Fund, Inc.",12.12,USD,350086856,USD,0.33112582781456246,0.4975124378109346,-1.0612244897959247,1.8487394957983097,0.1652892561983436,2.711864406779648,9.090909090909088,-23.3881163084703,35.56338028169014,Miscellaneous,Investment trusts,US09254V1052,5.41390728476821,8,28980700,United States,692471.0089666665,USD
SBXE,SilverBox Corp V,10.11,USD,348795000,USD,0.0990099009900969,-0.5899705014749311,-0.1974333662389077,1.5060240963855278,1.404212637913729,2.0181634712411634,2.0181634712411634,2.0181634712411634,,Finance,Financial conglomerates,KYG8148S1075,0,0,27600000,United States,1120686.7470000002,USD
JRI,Nuveen Real Asset Income and Growth Fund,12.66,USD,347769961,USD,-0.07892659826361316,-0.7836990595611257,-3.211009174311926,-4.163512490537476,-1.8604651162790713,-7.591240875912403,-5.026256564141035,-21.65841584158416,7.069466160375252,Miscellaneous,Investment trusts,US67074Y1055,12.6440410418311,10,27448300,United States,1673800.3496666667,USD
TCI,"Transcontinental Realty Investors, Inc.",40.14,USD,346782166.8957055,USD,-1.496932515337422,-1.1330049261083766,-13.32325631613043,9.522510231923608,-29.57894736842105,-30.98349381017881,-4.3146603098927345,16.5187202099311,37.077406244226864,Finance,Real estate development,US8936172092,0,0,8639320,United States,1592820.5276666665,USD
SEG,Seaport Entertainment Group Inc.,27.01,USD,345779589.3009673,USD,0.48363095238096193,2.46585735963582,1.9245283018867982,21.721496169445697,47.1132897603486,36.41414141414142,18.673110720562388,19.991115059973342,,Consumer services,Movies/Entertainment,US8122152007,0,0,12801910,United States,1599048.7619999999,USD
HPF,John Hancock Pfd Income Fund II Pfd Income Fund II,15.87,USD,344219214,USD,-0.2514142049025828,0.44303797468353484,-0.8744534665834,-2.157829839704067,-1.6119032858028506,-1.855287569573299,-1.733746130030956,-29.27807486631017,12.238759929050667,Miscellaneous,Investment trusts,US41013X1063,9.31489629164048,15,21635400,United States,467021.85200000013,USD
BRW,Saba Capital Income & Opportunities Fund SBI,6.69,USD,343032300,USD,-0.7418397626112733,0.6015037593984968,-0.298062593144554,-3.0434782608695645,1.8264840182648416,-4.564907275320961,-19.880239520958074,-26.965065502183403,8.64341085271318,Miscellaneous,Investment trusts,US78518H2022,15.1032640949555,4,50895000,United States,1398149.8240000005,USD
RVI,Robinhood Ventures Fund I,27.37,USD,340621416,USD,1.370370370370374,13.099173553719016,-17.035465292512885,-21.598395875107407,27.539608574091332,27.539608574091332,27.539608574091332,27.539608574091332,,Miscellaneous,Investment trusts,US7707011000,0,0,12615608,United States,10775772.316333324,USD
ASG,"Liberty All-Star Growth Fund, Inc.",5.32,USD,340252518,USD,-0.37453183520598454,4.930966469428007,-3.096539162112931,0.9487666034155733,4.518664047151286,0,-2.3853211009174293,-37.631887456037504,22.667234767788667,Miscellaneous,Investment trusts,US5299001025,8.61423220973783,12,63717700,United States,1403854.3600000003,USD
BKT,BlackRock Income Trust Inc. (The),10.46,USD,339111783,USD,-0.09551098376313072,2.3483365949119395,-1.5065913370997963,-1.9681349578256708,-6.607142857142843,-5.595667870036094,-10.902896081771715,-46.35897435897435,11.606746560142033,Miscellaneous,Investment trusts,US09247F2092,10.0011461318052,10,32388900,United States,995361.7249999999,USD
HIO,"Western Asset High Income Opportunity Fund, Inc.",3.54,USD,338553152,USD,-0.5617977528089892,1.4326647564469863,-3.013698630136983,-3.8043478260869596,-6.10079575596817,-4.582210242587599,-10.379746835443042,-32.57142857142857,12.164948453608249,Miscellaneous,Investment trusts,US95766K1097,11.9662921348315,18,95099200,United States,1417219.335333333,USD
NPWR,NET Power Inc.,1.5,USD,337142701.97368425,USD,-1.3157894736842117,8.695652173913052,-10.71428571428571,-27.536231884057965,-26.829268292682922,-35.34482758620689,-44.02985074626866,-84.84848484848484,,Producer manufacturing,Electrical products,US64107A1051,0,0,88383800,United States,1097472.4653333332,USD
COSO,"CoastalSouth Bancshares, Inc.",27.67,USD,336679909.06781524,USD,1.4296187683284478,0.36271309394269646,3.710644677661177,7.2896471500581725,8.808493904836816,19.628188499783843,37.1159563924678,64.21364985163204,12.454426790295722,Finance,Regional banks,US19058X2071,0.366568914956012,0,12035500,United States,3215456.839666665,USD
DBI,Designer Brands Inc.,6.62,USD,336146033.67616194,USD,-0.7496251874062941,7.993474714518764,17.16814159292035,-5.293276108726754,-2.932551319648096,-12.433862433862426,129.86111111111111,-53.04964539007092,35.00793231094659,Retail trade,Apparel/Footwear retail,US2505651081,2.99850074962519,4,43044300,United States,3147706.4373333333,USD
MLP,"Maui Land & Pineapple Company, Inc.",16.9,USD,335711832.96467865,USD,-2.1424435437174347,-5.322128851540632,-2.5936599423631286,7.1655041217501525,-0.9958992384300042,-0.4124926340601078,3.048152145413749,60.95238095238094,,Finance,Real estate development,US5773451019,0,0,19864600,United States,356669.09099999996,USD
NXG,NXG NextGen Infrastructure Income Fund,59.24,USD,333460644.1,USD,0.5601765404854955,8.777084098420861,-6.265822784810128,1.2649572649572685,15.45507698304424,15.59024390243903,21.893004115226336,32.97418630751965,8.604462003253545,Miscellaneous,Investment trusts,US2316472073,10.8802240706162,7,5660510,United States,8405930.908333333,USD
NREF,"NexPoint Real Estate Finance, Inc.",17.59,USD,331536851.23463356,USD,3.95981087470448,4.021289178001181,11.047979797979798,11.329113924050628,18.69095816464237,24.57507082152975,27.648766328011618,-26.616604088443886,6.817300984419812,Finance,Real estate investment trusts,US65342V1017,11.8203309692671,6,18848000,United States,973365.0373333334,USD
XPER,Xperi Inc.,6.86,USD,331142196.5006386,USD,-12.388250319284799,-10.677083333333327,-15.517241379310333,-11.139896373056988,30.17077798861482,15.878378378378386,19.72076788830715,-70.17391304347827,,Technology services,Packaged software,US98423J1016,0,0,48271458,United States,3140210.316666667,USD
FVRR,Fiverr International Ltd.,9.2,USD,330746668.78306884,USD,-2.6455026455026456,1.098901098901095,-18.003565062388603,-19.298245614035096,-39.75114603798298,-53.44129554655871,-57.759412304866856,-94.79520253451007,11.255199412772203,Technology services,Data processing services,IL0011582033,0,0,35950700,Israel,8131817.529666667,USD
EMF,Templeton Emerging Markets Fund,21.68,USD,327956926,USD,-1.1850501367365613,5.962854349951118,-4.828797190518004,-2.6493039964077227,10.555838857725652,23.18181818181817,45.30831099195711,20.578420467185758,2.303785093405309,Miscellaneous,Investment trusts,US8801911012,4.102096627165,2,14947900,United States,890357.4543333334,USD
PPT,Franklin Premier Income Trust Shares of Beneficial Interest,3.44,USD,326840850,USD,0.5847953216374274,2.077151335311568,-0.2898550724637748,-1.7142857142857157,-5.234159779614323,-3.3707865168539355,-6.5217391304347885,-25.70194384449244,,Miscellaneous,Investment trusts,US7468531006,9.12280701754386,15,95567500,United States,348751.50049999997,USD
PSBD,Palmer Square Capital BDC Inc.,10.46,USD,325523736.9127382,USD,4.914744232698096,7.723995880535529,-1.3207547169811207,-4.474885844748845,-8.805579773321705,-14.472608340147174,-25.868178596739895,-35.630769230769225,,Miscellaneous,Investment trusts,US69702V1070,14.4433299899699,2,31120813,United States,1768324.137333333,USD
CAF,Morgan Stanley China A Share Fund Inc.,19.25,USD,325343234,USD,0.8381351492928242,-0.10378827192527024,-6.303236797274284,-0.6707946336429258,7.242339832869084,9.686609686609684,35.277582572030916,-9.069437883797834,4.63855421686747,Miscellaneous,Investment trusts,US6174681030,1.37741749607124,11,17042600,United States,433529.436,USD
CVEO,Civeo Corporation (Canada),31.45,USD,325094232.77879626,USD,-3.910785212343409,1.4188971299580706,-0.7886435331230284,0.09548058561425074,16.74090571640682,37.39624290083005,32.53210058111849,42.954545454545446,,Consumer services,Hotels/Resorts/Cruise lines,CA17878Y2078,0,3,10336900,United States,7175682.107666668,USD
BGT,BlackRock Floating Rate Income Trust,10.85,USD,325089230,USD,-0.45871559633028175,0.9302325581395315,1.973684210526307,-1.0036496350365074,-4.489436619718308,-4.23654015887026,-12.851405622489958,-16.47421093148576,15.28169014084507,Miscellaneous,Investment trusts,US0919411043,13.2418348623853,10,29824700,United States,1322799.1409999998,USD
NC,"NACCO Industries, Inc.",42.89,USD,323416748.2732472,USD,-9.150603685659817,-9.89495798319328,-10.831600831600834,-17.756471716203254,-20.204651162790697,-13.336027480299052,10.484286450283358,53.5075161059413,18.605760888426165,Energy minerals,Coal,US6295791031,2.16055920355857,40,5978790,United States,643980.5113333334,USD
NREF/PA,"NexPoint Real Estate Finance, Inc. 8.50% Series A Cumulative Redeemable Preferred Stock",24.4122,USD,318908671,USD,-0.6017915309446261,1.2114427860696417,-1.880225080385854,7.259226713532499,1.295435684647291,2.1858518208455338,3.2664974619289255,-7.354079696394697,9.46135958452833,Finance,Real estate investment trusts,US65342V4086,11.8203309692671,6,18848000,United States,86940.87998666667,USD
RFMZ,"RiverNorth Flexible Municipal Income Fund II, Inc.",13.1,USD,318277437.85,USD,0.22953328232593237,-0.6069802731411235,-3.9589442815249334,-0.30441400304414706,-0.15243902439024065,3.3123028391167186,3.557312252964421,-38.08371459900933,200.3058103975535,Miscellaneous,Investment trusts,US76883Y1073,7.62968630451415,5,24351755,United States,581271.3673333334,USD
LDI,"loanDepot, Inc.",0.9413,USD,317993621.6833654,USD,-9.490384615384615,-6.8019801980198,-22.20661157024793,-34.174825174825166,-55.38862559241706,-54.74519230769231,-50.97395833333333,-89.88936627282492,,Finance,Finance/Rental/Leasing,US53946R1068,0,0,231708000,United States,2450146.274686666,USD
SAR,Saratoga Investment Corp New,19.49,USD,317893602.16762704,USD,2.0953378732320513,2.5249868490268113,-9.179869524697121,-13.608156028368795,-16.602481814291835,-15.91889559965488,-20.99716254560196,-26.42506606266516,19.472474772704565,Miscellaneous,Investment trusts,US80349A2087,15.7150340492404,19,16310600,United States,3768010.633,USD
TEI,"Templeton Emerging Markets Income Fund, Inc.",6.74,USD,317847132,USD,0.14858841010400872,2.587519025875189,-0.5899705014749268,4.821150855365483,-2.318840579710147,4.496124031007752,12.709030100334443,-15.00630517023959,3.386424157162237,Miscellaneous,Investment trusts,US8801921094,8.46953937592868,8,47228400,United States,775323.7816666667,USD
BKKT,"Bakkt, Inc.",7.12,USD,317639766.7658999,USD,-3.653585926928276,1.1363636363636374,-16.91948658109685,-16.235294117647058,-34.13506012950972,-31.866028708133967,-24.41613588110403,-97.12613521695258,,Commercial services,Miscellaneous commercial services,US05759B3050,0,0,44612300,United States,8240905.700666668,USD
VACI,Viking Acquisition Corp. I,10.135,USD,317495772.33613026,USD,0.04935834155971377,0.09876543209876333,-0.7345739471106861,-0.3441494591937084,1.4514514514514472,1.9617706237424577,1.3499999999999979,1.3499999999999979,,Finance,Financial conglomerates,KYG9582G1047,0,0,23660000,United States,792229.7063833339,USD
VACI.U,Viking Acquisition Corp. I,10.33,USD,317339139,USD,0,0.09689922480619949,-2.7306967984934007,-1.6190476190476184,2.2772277227722815,3.1968031968031996,2.786069651741287,2.786069651741287,,Finance,Financial conglomerates,KYG9582G1203,0,0,23000000,United States,125530.14500000003,USD
JACS,Jackson Acquisition Company II,10.71,USD,316908900.00000006,USD,0.046707146193374884,-0.27932960893854153,0.3748828491096619,1.0377358490566153,1.8060836501901263,2.586206896551737,3.4782608695652293,7.6381909547738855,35.78349482124958,Finance,Financial conglomerates,KYG4992A1105,0,0,23840000,United States,610849.8936666665,USD
AGD,abrdn Global Dynamic Dividend Fund,12.14,USD,316819831,USD,0.08244023083264457,0.5799502899751473,0.830564784053168,-1.9386106623586445,-1.0594947025264794,3.583617747440272,8.392857142857155,-0.41017227235438014,4.179289451941615,Miscellaneous,Investment trusts,US00302M1062,11.2943116240725,18,26118700,United States,1541108.4423333332,USD
SAC,Safeguard Acquisition Corp.,10.1,USD,316803336.7,USD,0,-0.29615004935835276,0.4975124378109346,-0.29615004935835276,1.405622489959827,0.8991008991008977,0.8991008991008977,0.8991008991008977,,Finance,Financial conglomerates,KYG776761077,0,0,23700000,United States,108866.31266666699,USD
DSX/PB,Diana Shipping Inc. Perpetual Preferred Shares Series B (Marshall Islands),27.1509,USD,315026374,USD,-1.2694545454545454,0.004788284173617744,-0.40022010271460573,0.6707452725250321,3.550343249427922,4.9918793503480305,2.9613196814561964,5.317688130333587,57.9404609475032,Transportation,Marine shipping,MHY2066G1127,1.56862745098039,5,123540000,Greece,63588.08170666667,USD
OPTU,"Optimum Communications, Inc.",0.8045,USD,314980272.68651956,USD,2.601708965693148,6.190601900739169,-34.59349593495935,-30.646551724137925,-50.339506172839506,-50.94512195121951,-67.02868852459015,-97.30305062018103,,Communications,Major telecommunications,US02156K1034,0,0,282657000,United States,10817738.965830004,USD
AFB,AllianceBernstein National Municipal Income Fund Inc,10.93,USD,314756655,USD,-0.18264840182648012,-0.18264840182648015,-3.6155202821869503,-2.3235031277926703,-0.7266121707538608,0.8302583025830246,6.116504854368922,-27.133333333333333,13.49549327077417,Miscellaneous,Investment trusts,US01864U1060,5.04712328767123,18,28744900,United States,925988.4360000001,USD
CBNA,"Chain Bridge Bancorp, Inc.",48.01,USD,313988128.29936975,USD,0.8613445378151188,7.093464198081642,9.113636363636358,29.932341001353166,32.14973850812001,36.897633304818925,78.97483690587138,118.22727272727273,11.830076633072961,Finance,Major banks,US15746L1008,0,0,3366667,United States,1126840.5233333332,USD
MXF,"Mexico Fund, Inc. (The)",21.84,USD,313781376,USD,0.36764705882352156,1.2048192771084412,-0.7723761926397169,-0.09149130832570711,-1.1317338162064283,7.374631268436578,23.32015810276679,39.82074263764405,3.424861609873136,Miscellaneous,Investment trusts,US5928351023,5.51470588235294,18,14420100,United States,794503.2403333331,USD
MTAL,Metals Acquisition Corp. II,10.17,USD,311879990.6849853,USD,-0.19627085377820977,0.19704433497536525,-0.0982318271119822,1.0934393638170916,1.3958125623130666,1.3958125623130666,1.3958125623130666,1.3958125623130666,,Finance,Financial conglomerates,KYG604201098,0,0,23000000,Cayman Islands,167999.1576666667,USD
ONIT,Onity Group Inc.,36.93,USD,311398796.2620237,USD,-2.9434954007884295,-9.9487929773226,-5.670498084291185,-3.0963001836788235,-13.553370786516851,-19.20805075475826,-7.6519129782445665,34.486525855790234,1.872784530891056,Finance,Finance/Rental/Leasing,US6757466064,0,0,8432140,United States,2448477.9016666682,USD
SAY,Saratoga Investment Corp 8.125% Notes due 2027,25.45,USD,311369362,USD,0.03930817610062111,0.47374654559810897,0.7123070834982181,-0.3913894324853284,-0.35238841033672613,0.47374654559810897,-0.6247559547051938,2.208835341365465,25.427115595963635,Miscellaneous,Investment trusts,US80349A8779,15.7150340492404,19,16310600,United States,113726.94397666669,USD
TBI,"TrueBlue, Inc.",10.2,USD,310532292.72727275,USD,3.030303030303019,32.81249999999999,24.99999999999999,70.28380634390649,80.21201413427559,124.17582417582418,67.48768472906403,-61.911874533233764,,Commercial services,Personnel services,US89785X1019,0,0,30444300,United States,2702219.6606666665,USD
DSX,Diana Shipping inc.,2.51,USD,310084783.8196078,USD,-1.5686274509803935,18.396226415094326,15.137614678899066,-7.037037037037051,14.090909090909072,48.52071005917159,60.89743589743588,-41.21779859484777,5.356380708493384,Transportation,Marine shipping,MHY2066G1044,1.56862745098039,5,123540000,Greece,1295242.1063333333,USD
NL,"NLI Holdings, Inc.",6.3,USD,307835235.70434785,USD,9.565217391304346,7.508532423208182,5.882352941176465,4.999999999999997,3.448275862068965,14.294007728451945,5.882352941176465,4.4776119402985,,Producer manufacturing,Metal fabrication,US6291564077,6.60869565217391,6,48862700,United States,241787.06899999993,USD
RFI,"Cohen & Steers Total Return Realty Fund, Inc.",11.46,USD,307755301,USD,-0.6071118820468214,-2.4680851063829716,-0.34782608695651435,-1.2068965517241275,1.1473962930273678,3.804347826086972,-4.2606516290726795,-28.598130841121495,26.901408450704228,Miscellaneous,Investment trusts,US19247R1032,8.32610581092802,19,26691700,United States,1265604.9663333332,USD
RM,Regional Management Corp.,33.05,USD,304912501.8113265,USD,1.7236072637734536,-18.395061728395067,-22.015101462954235,-5.517438536306461,-5.571428571428579,-15.624202195557835,-3.559964983950995,-44.11565776124451,6.9664010792125115,Finance,Finance/Rental/Leasing,US75902K1060,3.69344413665743,6,9225790,United States,3727577.937,USD
MSB,Mesabi Trust,23.02,USD,302022623,USD,0,2.5846702317290475,-10.060558702871653,-19.930434782608696,-32.630962832894355,-40.71594128251352,-24.32610124917818,-32.054309327036606,26.668211306765524,Non-energy minerals,Steel,US5906721015,3.86620330147698,36,13120000,United States,943747.0376666666,USD
NCA,Nuveen California Municipal Value Fund,9.04,USD,300953538,USD,-0.5500550055005579,0.11074197120708514,-4.439746300211434,-4.439746300211434,-6.900102986611757,0.7803790412485898,4.872389791183294,-17.518248175182496,26.59605766401883,Miscellaneous,Investment trusts,US67062C1071,3.82838283828383,2,33108199.999999996,United States,585707.3286666669,USD
YSG,Yatsen Holding Limited,3.24,USD,300357771,USD,1.250000000000001,-1.0687022900763268,-3.5714285714285614,9.459459459459469,-16.279069767441857,-18.592964824120596,-62.88659793814433,-90.27027027027026,,Consumer non-durables,Household/Personal care,US9851942089,0,0,63833158.150000006,China,358785.4956666667,USD
JENA,Jena Acquisition Corporation II,10.36,USD,300181012.91275173,USD,-0.2887391722810504,-0.2887391722810504,-0.7662835249042153,0.876338851022394,0.38759689922479795,1.5686274509803937,1.968503937007867,0.5825242718446477,,Finance,Financial conglomerates,KYG5093B1059,0,0,23225000,United States,265086.04066666664,USD
NCZ,Virtus Convertible & Income Fund II,15.71,USD,299515484.12,USD,-0.19059720457432885,4.039735099337756,0.3833865814696517,0.44757033248082023,10.014005602240907,13.347763347763358,20.66052227342551,-27.67034990791896,4.844279987665742,Miscellaneous,Investment trusts,US92838U8018,9.14866581956798,10,19028938,United States,1135660.5500000003,USD
ARDC,"Ares Dynamic Credit Allocation Fund, Inc.",12.38,USD,297897380,USD,-0.4022526146419866,0,-3.3567525370804034,-4.40154440154439,-6.987227648384671,-6.777108433734929,-13.66806136680613,-23.057799875699185,13.230736347119805,Miscellaneous,Investment trusts,US04014F1021,10.9814963797265,10,23966000,United States,1453880.5800000003,USD
QLEP,Quantum Leap Acquisition Corp,10,USD,293250000,USD,0,0.20040080160320214,0.4530432249444966,0.5025125628140775,0.5025125628140775,0.5025125628140775,0.5025125628140775,0.5025125628140775,,Finance,Financial conglomerates,KYG731671015,0,0,23000000,United States,638227.7365833333,USD
JGH,Nuveen Global High Income Fund,12.62,USD,292498788,USD,0,1.2028869286286974,-0.39463299131807983,-0.9419152276295212,-2.6985350809560633,0,-4.826546003016595,-22.529158993247393,9.65717783899602,Miscellaneous,Investment trusts,US67075G1031,9.76949286846276,11,23177400,United States,1344123.4916666667,USD
FTRA.U,FutureCorp Space Acquisition 1,10.125,USD,290375000,USD,0.24752475247525105,0.7462686567164107,0.04940711462451366,0.8466135458167416,0.8466135458167416,0.8466135458167416,0.8466135458167416,0.8466135458167416,,Finance,Financial conglomerates,KYG373071243,0,,23000000,United States,271105.99483333336,USD
MTNE.U,CH4 Natural Solutions Corporation,10.01,USD,288955336.67,USD,-0.19940179461614732,-0.4970178926441422,0,0.5020080321285033,0.09999999999999787,0.09999999999999787,0.09999999999999787,0.09999999999999787,,Finance,Financial conglomerates,KYG2104X1271,0,0,20200000,United States,180666.6854566666,USD
KPET,KPET Ultra Paceline Corporation,10.05,USD,288937505,USD,0.7014028056112253,0.8024072216649957,0.9036144578313238,1.412714429868825,1.412714429868825,1.412714429868825,1.412714429868825,1.412714429868825,,Finance,Financial conglomerates,KYG531571068,0,0,23000000,United States,,
SRV,Cushing MLP & Infrastructure Total Return Fund,46.5,USD,288901169.20000005,USD,0.3452740612861385,2.921646746347942,-4.595814526056631,-3.125,12.373127114548085,18.925831202046034,7.291185971389009,68.60043509789703,49.54714970697922,Miscellaneous,Investment trusts,US2316313004,11.3527870090634,10,6234380,United States,3644873.127333334,USD
DSM,"BNY Mellon Strategic Municipal Bond Fund, Inc.",5.88,USD,288663608,USD,0.6849315068493157,0,-4.390243902439032,-5.008077544426502,-4.854368932038832,-4.854368932038832,5.187835420393561,-30.41420118343195,9.315589353612168,Miscellaneous,Investment trusts,US09662E1091,5.0513698630137,19,49428700,United States,872576.1246666666,USD
BGH,Barings Global Short Duration High Yield Fund,14.2,USD,285715632,USD,-0.2808988764045009,1.5010721944245824,-0.14064697609002355,-0.4905395935529102,-5.080213903743326,-5.835543766578255,-11.194496560350224,-16.813122437024024,14.187231491657508,Miscellaneous,Investment trusts,US06760L1008,10.3061797752809,11,20064300,United States,1257927.0463333337,USD
EFT,Eaton Vance Floating Rate Income Trust,10.85,USD,285604920,USD,0.46296296296295303,1.8779342723004628,0.3700277520813982,-1.3636363636363669,-3.726708074534161,-3.726708074534161,-10.478547854785475,-26.290760869565226,42.649371069182386,Miscellaneous,Investment trusts,US2782791048,9.25925925925926,17,26444900,United States,807234.4243333339,USD
OIA,Invesco Municipal Income Opportunities Trust,6,USD,285584032,USD,0.16694490818029692,-2.1207177814029348,-3.225806451612906,-3.536977491961411,-3.8461538461538494,-0.4975124378109494,6.951871657754006,-27.971188475390157,31.152647975077883,Miscellaneous,Investment trusts,US46132X1019,5.82971619365609,10,47676800,United States,781034.1610000002,USD
MTNE,CH4 Natural Solutions Corporation,9.871,USD,284942869.957,USD,-0.09109311740891032,0.010131712259384217,0.11156186612577089,-1.7810945273631866,-1.7810945273631866,-1.7810945273631866,-1.7810945273631866,-1.7810945273631866,,Finance,Financial conglomerates,KYG2104X1016,0,0,22200000,United States,,
XFLT,XAI Floating Rate & Alternative Income Trust,18.6,USD,284208594,USD,-0.32154340836012174,0.05379236148467759,4.847801578354019,-2.922755741127342,-12.676056338028166,-22.0125786163522,-33.09352517985611,-58.84955752212389,,Miscellaneous,Investment trusts,US98400T3041,22.0793140407288,7,15230900,United States,1708224.6153333343,USD
RMM,"RiverNorth Managed Duration Municipal Income Fund, Inc.",14.42,USD,283855850.64000005,USD,0.2781641168289231,0.41782729805014274,-3.221476510067117,-0.13850415512465078,-0.4830917874396155,4.9490538573507985,4.266088214027476,-32.805219012115565,302.30607966457023,Miscellaneous,Investment trusts,US76882H1059,7.31015299026426,3,19739628,United States,600459.5795333335,USD
FTRA,FutureCorp Space Acquisition 1,9.87,USD,283762500,USD,0.10141987829614389,-0.2022244691607821,0.20304568527918349,0.20304568527918349,0.20304568527918349,0.20304568527918349,0.20304568527918349,0.20304568527918349,,Finance,Financial conglomerates,KYG373071086,0,,23000000,United States,,
EOD,Allspring Global Dividend Opportunity Fund,6.56,USD,282942963,USD,-0.15220700152208028,2.499999999999988,0.613496932515338,1.7054263565891383,8.609271523178801,11.564625850340132,17.56272401433691,11.945392491467564,3.691199639882962,Miscellaneous,Investment trusts,US94987C1036,7.93089802130898,8,43065900,United States,695469.7653333334,USD
XPOF,"Xponential Fitness, Inc.",6.36,USD,282797387.69642854,USD,-5.357142857142849,-8.092485549132942,-7.153284671532837,10.994764397905756,-23.188405797101442,-22.533495736906218,-37.890625,-47,,Consumer services,Other consumer services,US98422X1019,0,0,37312000,United States,4442684.064000001,USD
JCE,Nuveen Core Equity Alpha Fund,16.91,USD,282302826,USD,0.8348240906380475,4.061538461538462,3.678724708767636,3.7423312883435544,7.228915662650606,5.489706799750461,10.740013097576952,0.8949880668257671,6.167706167706168,Miscellaneous,Investment trusts,US67090X1072,7.63267740011926,9,16833800,United States,667150.8056666667,USD
ACV,Virtus Diversified Income & Convertible Fund,26.7,USD,282276540,USD,-1.8743109151047468,1.598173515981728,-4.676901106747598,-2.197802197802203,-1.9463826661770147,1.4437689969604826,18.193891102257634,-23.31993107409535,5.188495919160513,Miscellaneous,Investment trusts,US92840N1000,7.93825799338479,11,10374000,United States,713152.4509333335,USD
PMO,Franklin Municipal Opportunities Trust Shares of Beneficial Interest,10.29,USD,280570880,USD,0.48828124999998956,-0.09708737864079187,-4.100652376514457,-1.3422818791946363,-3.831775700934581,-4.01119402985076,4.679552390640886,-29.278350515463927,12.220902612826603,Miscellaneous,Investment trusts,US7469221037,4.60546875,16,27399500,United States,664583.493166667,USD
MMD,NYLI MacKay DefinedTerm Muni Opportunities Fund,14.92,USD,280377935,USD,-0.0669792364367032,-1.2574454003970847,-3.2425421530479897,-2.6109660574412556,-4.23620025673941,0,1.7041581458759374,-34.64739378011388,10.74695670964489,Miscellaneous,Investment trusts,US56064K1007,5.02344273275285,11,18779500,United States,734034.7606666667,USD
JILL,"J. Jill, Inc.",18.74,USD,280189505.247267,USD,-2.446642373763677,1.9586507072905301,18.158890290037824,45.609945609945605,12.959614225437003,37.08851499634234,18.532574320050585,-11.562057574327525,13.72692645766188,Retail trade,Apparel/Footwear retail,US46620W2017,1.76991150442478,2,14951400,United States,1414265.7706666663,USD
DBL,DoubleLine Opportunistic Credit Fund,14.15,USD,279376947,USD,0.14154281670204935,0.49715909090909294,-1.1871508379888263,-2.4137931034482736,-6.907894736842098,-7.5163398692810475,-8.35492227979274,-29.03711133400201,21.689147762109137,Miscellaneous,Investment trusts,US2586231076,9.34182590233546,10,19771900,United States,929046.2776666667,USD
PAII,Pyrophyte Acquisition Corp. II,10.24,USD,279212757.70869994,USD,0.09775171065493438,0.048851978505137096,-0.09756097560975402,0.8866995073891611,0.7874015748031503,1.7892644135188838,3.018108651911476,3.018108651911476,63.13193588162762,Finance,Financial conglomerates,KYG7309T1022,0,0,20041150,United States,325771.17588,USD
PAII.U,Pyrophyte Acquisition Corp. II,11,USD,278940089,USD,5.06208213944603,5.06208213944603,4.762902503833367,5.769230769230766,7.212475633528268,7.212475633528268,9.343936381709735,10,67.81750924784217,Finance,Financial conglomerates,KYG7309T1287,0,0,20041150,United States,65701.02784000007,USD
LAW,"CS Disco, Inc.",4.34,USD,278343339.9358025,USD,7.160493827160495,5.084745762711863,10.4325699745547,9.319899244332484,-1.5873015873015937,-44.43021766965429,5.596107055961059,-89.66912639847656,,Technology services,Packaged software,US1263271058,0,0,64134400,United States,985880.1873333335,USD
MIN,Aberdeen Intermediate Income Fund,2.44,USD,277667120,USD,0,0.8264462809917363,-0.40816326530613184,-1.214574898785435,-5.791505791505789,-7.224334600760454,-9.29368029739777,-34.23180592991914,25.443169968717413,Miscellaneous,Investment trusts,US55273C1071,9.51926229508197,19,113798000,United States,397641.3370000001,USD
BGS,"B&G Foods, Inc.",3.42,USD,277591138.0568181,USD,-2.8409090909090935,-7.567567567567574,-14.070351758793972,-37.247706422018354,-30.06134969325153,-21.0161662817552,-14.500000000000002,-87.8637331440738,,Consumer non-durables,Food: major diversified,US05508R1068,18.8920454545455,22,81167000,United States,7758375.348333332,USD
SBXD.U,SilverBox Corp IV,11.5,USD,276314013,USD,8.695652173913043,5.6985294117646985,5.6985294117646985,7.476635514018699,9.523809523809524,9.523809523809524,2.677654663797637,15,56.73408978786384,Finance,Financial conglomerates,KYG813541136,0,0,20000000,United States,23850.089666666663,USD
SBXD,SilverBox Corp IV,10.85,USD,276186738.0055274,USD,-0.046061722708436496,-0.046061722708436496,-0.6410256410256436,0.5560704355885125,1.973684210526307,2.4551463644948046,2.6490066225165503,9.045226130653269,53.52738036507154,Finance,Financial conglomerates,KYG813541052,0,0,20455000,United States,722496.6916133333,USD
USNA,"USANA Health Sciences, Inc.",14.89,USD,274914225.9526351,USD,-0.6671114076050677,-33.910341766533506,-32.31818181818182,-23.009307135470525,-28.13706563706563,-24.339430894308936,-48.423969518531344,-84.61617935737164,,Health technology,Pharmaceuticals: other,US90328M1071,0,0,18463000,United States,2706340.634,USD
TDF,"Templeton Dragon Fund, Inc.",10.92,USD,274481620,USD,0.1834862385321062,1.6759776536312823,0.9242144177449135,-5.61797752808989,-6.1049011177988035,-4.210526315789477,6.4327485380116975,-48.49056603773585,3.5863246740451244,Miscellaneous,Investment trusts,US88018T1016,3.6697247706422,2,25181800,United States,692136.4010000002,USD
EBS,Emergent BioSolutions Inc.,5.31,USD,273976342.4363395,USD,-29.575596816976134,-27.459016393442628,-35.946924004825085,-41.840087623220164,-50.14084507042254,-57.10823909531503,-12.950819672131148,-91.33344214134159,,Health technology,Pharmaceuticals: major,US29089Q1058,0,0,51596300,United States,6230246.729666667,USD
EOT,Eaton Vance Municipal Income Trust,17.5,USD,272342007,USD,0.40160642570281285,1.6260162601626083,-0.6246450880181683,2.519039250146454,1.0392609699769038,2.9411764705882355,7.758620689655182,-25.753075943996606,24.44816987985471,Miscellaneous,Investment trusts,US27829L1052,4.70223752151463,12,15624900,United States,480478.87099999987,USD
SOUL,Soulpower Acquisition Corporation,10.41,USD,271835593.93939394,USD,0.0961538461538441,0.19249278152068885,0.28901734104045623,0.9209888511875971,1.560975609756099,2.5120877605884897,3.4791252485089426,3.8922155688622815,45.300261096605745,Finance,Financial conglomerates,KYG827451033,0,0,25620000,United States,633746.1307033333,USD
SOUL.U,Soulpower Acquisition Corporation,10.55,USD,271443900,USD,0.5719733079123022,0.7640878701050627,0.6679389312977126,-1.4018691588784915,-4.090909090909085,1.9323671497584645,3.7364798426745405,5.500000000000007,,Finance,Financial conglomerates,KYG827451298,0,0,25620000,United States,17976.10866666667,USD
BRT,BRT Apartments Corp. (MD),14.42,USD,271417874.1283498,USD,1.6925246826516236,-4.503311258278144,-5.504587155963302,-1.435406698564599,-2.7646662171274454,-1.3004791238877447,-3.9946737683089193,-18.53107344632768,,Finance,Real estate investment trusts,US0556453035,7.05218617771509,9,18822300,United States,709432.4203333333,USD
TG,Tredegar Corporation,7.75,USD,271380346.62162167,USD,-0.2574002574002519,2.108036890645588,-0.7682458386683689,-24.537487828627064,-14.079822616407979,7.638888888888887,-5.487804878048772,-39.68871595330739,9.462759462759463,Non-energy minerals,Aluminum,US8946501009,0,0,35016800,United States,1124964.8690000002,USD
MBI,MBIA Inc.,5.28,USD,268931728.81355935,USD,-0.5649717514124174,-1.6759776536312823,-22.35294117647058,-17.370892018779333,-20.241691842900302,-26.256983240223462,-20.72072072072072,-56.03663613655287,,Finance,Specialty insurance,US55262C1009,0,0,50934000,United States,2416286.1796666677,USD
PMM,Franklin Managed Municipal Income Trust Shares of Beneficial Interest,6.31,USD,268137084.00000003,USD,0.7987220447284317,0.31796502384737,-3.36906584992344,-0.473186119873821,0,0.47770700636941654,7.130730050933785,-26.503133226174672,11.73735119047619,Miscellaneous,Investment trusts,US7468231037,5.07987220447284,10,42833400,United States,638994.5926666671,USD
SMRT,"SmartRent, Inc.",1.37,USD,264188130.60769233,USD,5.3846153846153895,39.8101847127258,21.238938053097367,21.238938053097367,-18.452380952380942,-32.17821782178217,50.549450549450555,-89.04,,Electronic technology,Computer communications,US83193G1076,0,0,192838000,United States,2918274.6483699996,USD
KWY,Kingsway Corporation,9.08,USD,262835711.85589522,USD,-0.873362445414848,2.252252252252244,-12.692307692307695,-15.534883720930232,-30.687022900763356,-32.23880597014925,-35.142857142857146,62.14285714285716,,Finance,Multi-line insurance,US4969042021,0,0,28946700,United States,760935.0943333334,USD
ACRE,Ares Commercial Real Estate Corporation,4.71,USD,261316034.1127659,USD,0.21276595744680396,5.842696629213478,3.2894736842105345,-7.465618860510803,-9.423076923076927,-0.8421052631578955,13.493975903614446,-68.21862348178138,,Finance,Real estate investment trusts,US04013V1089,12.7659574468085,14,55481100,United States,2356276.5109999995,USD
SMHI,SEACOR Marine Holdings Inc.,9.45,USD,256405198.99999997,USD,0,3.504928806133609,26.845637583892607,26.33689839572191,39.38053097345131,57.49999999999999,69.05187835420392,128.81355932203388,,Transportation,Marine shipping,US78413P1012,0,0,27132800,United States,1231616.3403333337,USD
RC,Ready Capital Corporation,1.55,USD,256089576.8181818,USD,0.6493506493506499,6.164383561643841,-7.185628742514964,-20.918367346938773,-21.717171717171713,-29.54545454545455,-63.00715990453461,-89.78919631093544,,Finance,Real estate investment trusts,US75574U1016,10.0649350649351,13,165219000,United States,2126166.3083333317,USD
RAC,Rithm Acquisition Corp.,10.48,USD,254938932.62340286,USD,0.000954207578314363,0,0.09551098376313072,0.47938638542666073,0.7692307692307699,0.5758157389635364,1.7475728155339778,5.326633165829158,34.20365535248042,Finance,Financial conglomerates,KYG757511004,0,0,23660000,United States,228530.8651666669,USD
OSG,"Octave Specialty Group, Inc.",5.66,USD,254776943.11619717,USD,-0.3521126760563305,0,-11.975116640746494,-4.230118443316413,-8.856682769726246,-27.898089171974515,-34.49074074074075,108.08823529411764,,Finance,Specialty insurance,US0231398845,0,0,45013600,United States,2489797.992,USD
CURV,Torrid Holdings Inc.,2.56,USD,254772179.5212355,USD,-1.1583011583011509,-4.832713754646837,40.65934065934066,68.42105263157895,122.60869565217392,158.58585858585857,11.790393013100436,-90.33962264150944,,Retail trade,Apparel/Footwear retail,US89142B1070,0,0,99520400,United States,705875.1926666667,USD
RC/PC,Ready Capital Corporation 6.25% Series C Cumulative Convertible Preferred Stock,12,USD,254437386,USD,-0.8264462809917326,-2.280130293159604,7.816711590296488,-3.6144578313252955,-9.090909090909086,-12.663755458515286,-22.879177377892034,-53.48837209302325,,Finance,Real estate investment trusts,US75574U7054,10.0649350649351,13,165219000,United States,13509.180626666666,USD
RC/PE,Ready Capital Corporation 6.50% Series E Cumulative Redeemable Preferred Stock,12.86,USD,254437386,USD,-1.1081120569666483,1.5797788309636596,6.721991701244802,0.8627450980392112,-4.172876304023848,-7.813620071684587,-17.511225144323287,-49.519136408243384,,Finance,Real estate investment trusts,US75574U8870,10.0649350649351,13,165219000,United States,92070.62236333333,USD
CABO,"Cable One, Inc.",44.48,USD,252328494.66082543,USD,2.5593728383675343,9.556650246305407,-5.078958600085366,-26.527915427816325,-55.74129353233831,-60.54638992371829,-70.46872925242333,-97.74379263993507,,Consumer services,Cable/Satellite TV,US12685J1051,0,11,5672850,United States,10245849.594,USD
NUS,"Nu Skin Enterprises, Inc.",5.19,USD,251977316.71839082,USD,-0.5747126436781487,-0.38387715930901295,2.165354330708668,-21.77844762622456,-50.66539923954372,-46.21761658031088,-37.394451145958975,-90.52227903579255,4.7457937088515,Consumer non-durables,Household/Personal care,US67018T1051,4.59770114942529,25,48550500,United States,3395657.045999999,USD
KF,"Korea Fund, Inc. (The) New",58.758,USD,251455424.5,USD,-2.831155945096736,10.759660697455242,-15.322092520536097,-12.679447168970134,25.043626303468827,56.85531233315537,112.12274368231049,28.60144451739988,2.688464283753363,Miscellaneous,Investment trusts,US5006342092,2.28497436745494,1,4158350.0000000005,United States,1506586.6833700002,USD
RIV,"RiverNorth Opportunities Fund, Inc.",11.46,USD,251050547.213409,USD,-0.9507346585998222,2.0480854853072166,-2.798982188295151,-1.9674935842600398,-4.817275747508292,-2.385008517887558,-6.295993458708091,-38.35395373856912,6.128342245989305,Miscellaneous,Investment trusts,US76881Y1091,13.4085453759723,7,21698405.11784,United States,820672.3180000002,USD
FCT,First Trust Senior Floating Rate Income Fund II,9.65,USD,250999644,USD,-0.10351966873705784,-0.20682523267838235,0.9414225941422579,-0.9240246406570827,-2.228976697061792,-3.2096288866599827,-3.8844621513944104,-20.31379025598678,14.85758275596613,Miscellaneous,Investment trusts,US33733U1088,12.0496894409938,10,25983400,United States,1525436.947333333,USD
NUW,Nuveen AMT-Free Municipal Value Fund,13.95,USD,250959174,USD,-0.2145922746781197,-0.3571428571428622,-2.719665271966531,-0.6410256410256401,-3.5936420179682194,-3.0576789437109193,1.3071895424836582,-18.42105263157896,15.873918980427854,Miscellaneous,Investment trusts,US6706951059,4.16309012875536,8,17951300,United States,637932.6146666667,USD
JRS,Nuveen Real Estate Income Fund,8.45,USD,248475500,USD,-1.7441860465116321,-3.207331042382602,-2.3121387283237116,2.6731470230862557,6.8268015170669925,10.60209424083769,10.313315926892939,-26.00700525394046,,Miscellaneous,Investment trusts,US67071B1089,7.90697674418605,9,28892500,United States,723579.9953333334,USD
RCS,"PIMCO Strategic Income Fund, Inc.",5.26,USD,247919175,USD,0.1904761904761864,1.937984496124024,-3.839122486288848,-6.571936056838369,-9.153713298791024,-8.99653979238755,-26.638772663877266,-35.46012269938651,7.003994673768308,Miscellaneous,Investment trusts,US72200X1046,9.14285714285714,10,47222700,United States,665474.6106666669,USD
CMTG,"Claros Mortgage Trust, Inc.",1.75,USD,246897353.08823526,USD,2.941176470588238,-7.894736842105259,-25.531914893617024,-30.278884462151385,-37.5,-42.810457516339866,-40.06849315068493,-89.15737298636927,,Finance,Real estate investment trusts,US18270D1063,0,0,141084210,United States,1494522.4873333327,USD
TVC,Tennessee Valley Authority,24.01,USD,246414022,USD,-0.04163197335552877,0.4182350480970365,-0.16632016632016278,-0.12479201331113804,-1.2340600575894578,-0.373443983402489,0.25052192066806794,-10.57728119180633,,Government,General government,US8805913006,,,,United States,647306.37278,USD
TVE,Tennessee Valley Authority,23.45,USD,246414022,USD,-0.1277683134582672,-0.4136337769775023,-0.38232795242140977,-0.8037225042301238,-4.050736497545016,-4.050736497545016,-1.0130856901646348,-12.369207772795225,,Government,General government,US8805914095,,,,United States,231592.6277166667,USD
SCM,Stellus Capital Investment Corporation,8.46,USD,244893768.50495052,USD,4.7029702970297125,19.154929577464806,2.5454545454545556,-12.78350515463916,-28.486897717666942,-33.28075709779179,-39.614561027837254,-35.86050037907505,10.200144682903304,Miscellaneous,Investment trusts,US8585681088,18.3118811881188,14,28947300,United States,2087039.0493333333,USD
ALTG/PA,Alta Equipment Group Inc. Depositary Shares (each representing 1/1000th in a share of 10% Series A Cumulative Perpetual Preferred Stock),25.5,USD,243365823,USD,-0.44895569002536967,0.3541912632821718,0.39370078740158043,1.553166069295104,1.3110846245530325,1.1904761904761934,1.1904761904761934,-10.369068541300525,,Distribution services,Wholesale distributors,US02128L2051,0.762032085561497,4,32535500,United States,51668.49309,USD
ARL,"American Realty Investors, Inc.",14.99,USD,242119111.99999997,USD,0,-2.440611780019525,-27.557593887581366,11.44981412639406,-13.701784686240648,-7.906862443939305,12.453113278319579,8.78084179970973,19.8674618952949,Finance,Real estate development,US0291741090,0,0,16152000.000000002,United States,427192.73733333324,USD
FC,Franklin Covey Company,21.42,USD,241914762.8151876,USD,-2.012808783165589,2.6845637583892725,-6.910039113428944,-4.757670075589137,11.099585062240665,27.500000000000007,13.21353065539112,-43.63157894736842,126.97095435684649,Commercial services,Miscellaneous commercial services,US3534691098,0,0,11293900,United States,2700999.087999999,USD
BRCC,BRC Inc.,0.9614,USD,240626364.42475247,USD,-4.811881188118809,-9.301886792452832,-16.39999999999999,-21.83739837398374,20.02496878901373,-13.387387387387392,-32.29577464788732,-89.9958376690947,,Consumer non-durables,Food: specialty/candy,US05601U1051,0,0,119820000,United States,1031966.6830600002,USD
ALTG,Alta Equipment Group Inc.,7.37,USD,239786913.8382353,USD,-1.4705882352941217,22.425249169435226,15.156249999999995,1.655172413793105,8.5419734904271,59.179265658747305,0.27210884353742126,-39.34156378600823,,Distribution services,Wholesale distributors,US02128L1061,0.762032085561497,4,32535500,United States,1228218.834666667,USD
KCAC.U,Kensington Capital Acquisition Corp. VI,10.4499,USD,239200000,USD,0.4798076923076843,0.28694817658348937,0.9652173913043467,2.9546798029556567,4.8134403209628775,4.8134403209628775,4.8134403209628775,4.8134403209628775,,Finance,Financial conglomerates,KYG5235S1232,0,0,23000000,United States,80310.10944666663,USD
KCA.U,Kensington Capital Acquisition Corp. VI New,10.15,USD,239200000,USD,-0.0009852119683526955,0,1.3986013986014043,3.5714285714285676,0.9950248756218869,0.9950248756218869,0.9950248756218869,0.9950248756218869,,Finance,Financial conglomerates,KYG5235S1315,0,0,23000000,United States,791710.2478866667,USD
HYI,Western Asset High Yield Opportunity Fund Inc.,10.51,USD,238910180,USD,-0.2846299810246619,0.6704980842911905,-1.0357815442561153,-2.5949953660796976,-5.4856115107913626,-5.824372759856633,-11.828859060402685,-33.481012658227854,11.959490213928083,Miscellaneous,Investment trusts,US95768B1070,10.8159392789374,14,22667000,United States,700047.6840000001,USD
LGI,Lazard Global Total Return and Income Fund,18.29,USD,237485425,USD,0.21917808219177617,1.7807456872565404,-2.0877944325481828,1.8941504178272974,-2.4012806830309463,4.15717539863326,7.71495877502944,-13.317535545023707,7.12810319965704,Miscellaneous,Investment trusts,US52106W1036,9.68186301369863,9,13012900,United States,653162.2660000001,USD
PNNT,PennantPark Investment Corporation,3.62,USD,236371871.59770113,USD,4.02298850574713,7.100591715976338,4.927536231884056,-23.14225053078556,-35.929203539823014,-39.565943238731215,-50.13774104683195,-46.9208211143695,17.11583924349882,Miscellaneous,Investment trusts,US7080621045,22.9885057471264,19,65296099.99999999,United States,2215031.508666667,USD
NXDT,NexPoint Diversified Real Estate Trust,4.55,USD,235343188.32964602,USD,0.6637168141592976,-1.3015184381778848,-16.97080291970804,-10.079051383399205,-5.208333333333334,20.68965517241379,0.8869179600886926,-65.94311377245508,,Finance,Real estate investment trusts,US65340G2057,13.2743362831858,11,51723800,United States,935286.092,USD
PSF,"Cohen & Steers Select Preferred and Income Fund, Inc.",19.55,USD,235151310,USD,0,0.6176016469377303,-3.26571004453241,-2.347652347652342,-4.4943820224719015,-3.789370078740155,-4.680643588493422,-38.308614704954245,9.357200976403579,Miscellaneous,Investment trusts,US19248Y1073,7.73401534526854,6,12028200,United States,654488.5423333334,USD
NXDT/PA,NexPoint Diversified Real Estate Trust 5.50% Series A Cumulative Preferred Shares ($25.00 liquidation preference per share),13.15,USD,233791475,USD,-0.18975332068311465,0.8435582822085983,0.8435582822085983,-0.7547169811320728,-4.1545189504373194,-5.9370529327610875,-6.072770388994438,-41.29464285714285,,Finance,Real estate investment trusts,US65340G3048,13.2743362831858,11,51723800,United States,37579.907103333346,USD
CIA,"Citizens, Inc.",4.57,USD,231029783.9419355,USD,-1.720430107526883,-5.186721991701244,-22.673434856175973,-17.509025270758116,-20.797227036395135,-5.186721991701244,10.386473429951705,-18.2468694096601,12.694444444444446,Finance,Life/Health insurance,US1747401008,0,0,50553600,United States,772287.6309999999,USD
BIII.U,Black Spade Acquisition III Co,10.25,USD,230000000,USD,0.7866273352999024,0.7866273352999024,0.9852216748768438,1.7874875868917548,1.0848126232741562,2.5,2.5,2.5,,Finance,Financial conglomerates,KYG1154S1295,0,0,17250000,Hong Kong,16260.812333333333,USD
EIC,Eagle Point Income Company Inc.,10.07,USD,229285810,USD,1.206030150753779,1.9230769230769178,-2.3278370514064033,-6.0634328358208975,-2.7053140096618296,-12.205754141238014,-19.76095617529881,-39.35452010575319,,Miscellaneous,Investment trusts,US2698171020,14.4723618090452,7,23043800,United States,974667.4903333334,USD
SAMO.U,Samos Energy Acquisition Corporation,9.94,USD,229195000,USD,0.054355484871055196,0,-0.10050251256281194,-0.10050251256281194,-0.10050251256281194,-0.10050251256281194,-0.10050251256281194,-0.10050251256281194,,Finance,Financial conglomerates,KYG7862H1231,0,,23000000,United States,,
BIII,Black Spade Acquisition III Co,9.9501,USD,228852300.00000003,USD,-0.09939759036144598,0.10160965794769951,-0.19959879638916556,0.7095141700404863,0.0010050251256436514,-0.2995991983967895,-0.2995991983967895,-0.2995991983967895,,Finance,Financial conglomerates,KYG1154S1030,0,0,17250000,Hong Kong,148231.92807,USD
FF,FutureFuel Corp.,5.21,USD,228528859.2080808,USD,5.252525252525248,10.381355932203395,12.284482758620697,8.54166666666667,41.57608695652173,62.812499999999986,32.90816326530612,-38.84976525821596,,Process industries,Chemicals: specialty,US36116M1062,3.83838383838384,18,43863500,United States,1483252.833,USD
IRAB.U,Iris Acquisition Corp II,10.315,USD,228359537,USD,-2.68867924528302,-2.68867924528302,2.6368159203979977,2.6368159203979977,3.460381143430279,3.564257028112436,3.564257028112436,3.564257028112436,,Finance,Financial conglomerates,KYG4940M1252,0,0,17288000,United Arab Emirates,38436.78114666666,USD
IRAB,Iris Acquisition Corp II,9.93,USD,227443350.29187557,USD,-1.3902681231380394,-0.20100502512562388,-0.10060362173038015,-0.8982035928143699,0.6079027355623151,0.6079027355623151,0.6079027355623151,0.6079027355623151,,Finance,Financial conglomerates,KYG4940M1096,0,0,17288000,United Arab Emirates,82342.06299999998,USD
LVWR,"LiveWire Group, Inc.",1.11,USD,227285628.43548387,USD,-10.483870967741927,-59.34065934065934,8.823529411764712,-33.132530120481924,-53.164556962025316,-75.22321428571428,-66.36363636363635,-88.6734693877551,,Consumer durables,Recreational products,US53838J1051,0,0,204762000,United States,15480530.452116668,USD
DGAC.U,Disciplined Growth Acquisition Corporation,10.14,USD,226988810,USD,0.7952286282306169,0.8955223880597,0.5952380952381001,1.6032064128256527,1.6032064128256527,1.6032064128256527,1.6032064128256527,1.6032064128256527,,Finance,Finance/Rental/Leasing,KYG2775W1270,0,,16813500,United States,416021.57098333334,USD
DGAC,Disciplined Growth Acquisition Corporation,9.96,USD,224732460.00000003,USD,0,0.20120724346077817,0.6060606060606111,0.6060606060606111,0.6060606060606111,0.6060606060606111,0.6060606060606111,0.6060606060606111,,Finance,Finance/Rental/Leasing,KYG2775W1015,0,,16813500,United States,,
SABA,Saba Capital Income & Opportunities Fund II Shares of Beneficial Interest,8.38,USD,224198520,USD,0,2.0706455542021915,0.6002400960384239,-1.0625737898465153,4.358655043586569,1.3301088270858672,-11.22881355932202,-24.64028776978416,9.336007130124779,Miscellaneous,Investment trusts,US8801982054,8.3054892601432,14,26754000,United States,410407.7170000001,USD
ACH,"Accendra Health, Inc.",2.92,USD,223624412.8783784,USD,-1.3513513513513526,-12.835820895522392,-19.113573407202217,-21.505376344086027,32.126696832579185,4.28571428571429,-55.2833078101072,-92.51282051282051,,Health technology,Medical specialties,US6907321029,0,0,76583700,United States,2093671.4069999992,USD
MITN,"TPG Mortgage Investment Trust, Inc. 9.500% Senior Notes due 2029",25.42,USD,223578432,USD,-0.23547880690737333,-0.8580343213728504,-0.3922398423203578,0.7450856055802251,0.7930214115781239,-0.11787819253437165,1.117785114761933,1.88376753507015,63.24956456830058,Finance,Real estate investment trusts,US0012286003,13.0867709815078,15,31803500,United States,68849.81932666662,USD
MITT/PC,"TPG Mortgage Investment Trust, Inc. 8.00% Series C Fixed-to-Floating Rate Cumulative Redeemable Preferred Stock, $0.01 par value per share",25.18,USD,223578432,USD,-0.03969829297340835,0.8349518451034211,0.3187250996015868,-0.9636184857423834,-1.1905789651302412,-0.2641929440283319,-0.5136309758988503,0.7199999999999989,62.65240109479971,Finance,Real estate investment trusts,US0012284024,13.0867709815078,15,31803500,United States,214940.2547999999,USD
MITT/PA,"TPG Mortgage Investment Trust, Inc. 8.25% Series A Cumulative Redeemable Preferred Stock",21.75,USD,223578432,USD,1.3508790732568785,-0.09186954524574907,-2.1152115211521103,-6.451612903225806,-5.434782608695652,-5.475880052151245,-1.9386834986474288,-14.571877454831112,54.11793978601642,Finance,Real estate investment trusts,US0012282044,13.0867709815078,15,31803500,United States,111386.88968333331,USD
MITT/PB,"TPG Mortgage Investment Trust, Inc. 8.00% Series B Cumulative Redeemable Preferred Stock",20.4052,USD,223578432,USD,-0.11112253339795274,-0.7529182879377337,-2.9709938183547333,-10.10925110132158,-9.290064458768615,-8.33243486073675,-6.590981918059044,-19.219319081551863,50.77183378949988,Finance,Real estate investment trusts,US0012283034,13.0867709815078,15,31803500,United States,213227.81006999992,USD
IIF,"Morgan Stanley India Investment Fund, Inc.",23.26,USD,223054400.79999998,USD,-0.25728987993138386,2.874834144183999,0.9986973512809397,2.6931567328918455,-4.476386036960985,-7.145708582834327,-13.563730955035298,-10.847067842085083,,Miscellaneous,Investment trusts,US61745C1053,8.51271012006861,9,9564940,United States,704313.2869999999,USD
MITT,"TPG Mortgage Investment Trust, Inc.",6.98,USD,221988258.23044094,USD,-0.7112375533428139,-2.5139664804469235,-9.935483870967737,-11.19592875318066,-18.457943925233643,-18.362573099415208,-0.7112375533428139,-35.1903435468895,17.367504354316996,Finance,Real estate investment trusts,US0012285013,13.0867709815078,15,31803500,United States,1268557.4486666666,USD
GCTS,"GCT Semiconductor Holding, Inc.",2.37,USD,217958919.8986784,USD,4.405286343612339,30.93922651933702,-4.048582995951421,53.896103896103895,89.60000000000001,86.61417322834647,70.50359712230217,-75.61728395061728,,Electronic technology,Semiconductors,US36170N1072,0,0,91965790,United States,4968644.251000001,USD
SSTK,"Shutterstock, Inc.",5.91,USD,217121655.76923078,USD,-5.288461538461539,2.6041666666666727,-35.9002169197397,-65.21483225426721,-67.29385722191478,-69.21875,-70.7859614434009,-94.38319711081543,,Technology services,Internet software/Services,US8256901005,22.1153846153846,6,36738000,United States,10600580.416666666,USD
AMWL,American Well Corporation,12.93,USD,216040701.41705072,USD,-0.6912442396313353,20.279069767441857,40.08667388949078,66.83870967741936,203.5211267605634,164.41717791411043,69.90801576872535,-94.44587628865979,,Technology services,Packaged software,US03044L2043,0,0,15061200,United States,1685241.6946666667,USD
SPMC,"Sound Point Meridian Capital, Inc.",10.64,USD,215229227.2,USD,1.5267175572519098,4.518664047151286,4.518664047151286,-4.830053667262962,-20,-22.67441860465116,-41.05263157894737,-45.43589743589744,,Miscellaneous,Investment trusts,US83617A1088,27.1946564885496,2,20537140,United States,198331.4364400001,USD
TSI,"TCW Strategic Income Fund, Inc.",4.39,USD,212805382.319948,USD,-0.22727272727274261,-0.2272727272727426,-2.2271714922049117,-3.303964757709259,-9.484536082474227,-11.13360323886641,-10.953346855983774,-25.466893039049236,10.8987090367428,Miscellaneous,Investment trusts,US8723401043,0,7,48364859.61817,United States,607318.0513333332,USD
TPVG,TriplePoint Venture Growth BDC Corp.,5.23,USD,212332660.1926407,USD,13.203463203463208,16.222222222222232,7.613168724279838,-11.655405405405396,-8.726003490401396,-19.538461538461533,-24.312590448625176,-66.25806451612904,4.942822039504773,Miscellaneous,Investment trusts,US89677Y1001,19.9134199134199,12,40599000,United States,1211674.8360000001,USD
NPV,Nuveen Virginia Quality Municipal Income Fund,10.86,USD,212059668,USD,0.18450184501844624,-0.45829514207150057,-5.9740259740259845,-5.483028720626638,-4.232804232804237,-2.162162162162164,-1.092896174863397,-34.585800420433806,,Miscellaneous,Investment trusts,US67064R1023,7.38929889298893,9,19562700,United States,700615.6800133333,USD
ZH,Zhihu Inc.,3.25,USD,212030415.71955,USD,-0.9146341463414575,-3.27380952380952,0,-4.970760233918127,-6.609195402298851,-3.27380952380952,-26.966292134831463,-94.5396505376344,,Technology services,Internet software/Services,US98955N2071,0,0,59554406,China,569723.4846666667,USD
UIS,Unisys Corporation New,2.88,USD,209997954.18430033,USD,-1.7064846416382344,-4.635761589403978,-20.44198895027625,-4.635761589403978,23.605150214592268,3.5971223021582768,-28.358208955223876,-88.34008097165992,,Technology services,Information technology services,US9092143067,0,0,72916000,United States,3311546.568333333,USD
SRI,"Stoneridge, Inc.",7.25,USD,206790829.65817693,USD,-2.815013404825737,1.6830294530154293,1.9690576652601923,-4.227212681638049,-10.049627791563282,23.93162393162394,-2.159244264507424,-70.90690208667738,,Producer manufacturing,Auto parts: OEM,US86183P1021,0,0,28235200,United States,2150422.3103333334,USD
AOMN,"Angel Oak Mortgage REIT, Inc. 9.500% Senior Notes due 2029",25,USD,206380257,USD,-0.3587086488640887,0.1201441730076137,-1.536037810161483,-0.3984063745019977,-1.4522003752700254,-2.7237354085603087,-0.19960079840319644,0.684655658477655,39.14200720212932,Finance,Real estate investment trusts,US03464Y2072,14.3982002249719,5,23214900,United States,146801.13299333333,USD
AOMR,"Angel Oak Mortgage REIT, Inc.",8.88,USD,206148108.2294713,USD,-0.1124859392575904,-1.6611295681062967,-1.986754966887414,0.11273957158964559,0.45248868778281587,3.2558139534883854,3.1358885017421763,-52.76595744680851,13.903240958196337,Finance,Real estate investment trusts,US03464Y1082,14.3982002249719,5,23214900,United States,1099527.0283333333,USD
PDPA,Pearl Diver Credit Company Inc. 8.00% Series A Preferred Stock Due 2029,25.22,USD,206072087.62,USD,0.15885623510722457,0.07936507936507768,-0.03963535473643109,0.4380724810832315,0.03966679888932174,-0.23734177215190772,0.8799999999999955,2.312373225152131,26.342176728640066,Miscellaneous,Investment trusts,US70476Q2093,7.94440031771247,2,1380000,United States,102084.61831666666,USD
GGT,"Gabelli Multi-Media Trust, Inc. (The)",4.14,USD,205163135,USD,-0.24096385542170298,2.7295285359801347,-0.7194244604316606,-1.8957345971564,-1.8957345971564,-1.8957345971564,-2.3584905660377484,-56.83003128258603,3.9167455061494794,Miscellaneous,Investment trusts,US36239Q1094,21.2048192771084,16,49436900,United States,1410706.8210000002,USD
ETSS.U,Energy Transition Special Opportunities,10.05,USD,201000000,USD,0,0.5000000000000071,0.39960039960040883,1.005025125628155,1.005025125628155,1.005025125628155,1.005025125628155,1.005025125628155,,Finance,Finance/Rental/Leasing,KYG230171251,0,0,15000000,United States,330310.6407133333,USD
VII.U,Viking Acquisition Corp. II,10,USD,199800000,USD,0.10010010010009797,0.08006405124098397,-0.09990009990009777,-0.09990009990009777,-0.09990009990009777,-0.09990009990009777,-0.09990009990009777,-0.09990009990009777,,Finance,Financial conglomerates,KYG9601D1161,0,,23610000,United States,,
BEBE,TGE Value Creative Solutions Corp,9.98,USD,199600001.99500248,USD,0,0.10030090270812222,0.10030090270812222,0.6048387096774244,0.50352467270897,0.50352467270897,0.50352467270897,0.50352467270897,,Finance,Financial conglomerates,KYG8773E1008,0,0,15000000,France,460045.4268333335,USD
EAF,GrafTech International Ltd.,7.64,USD,199344142.04432854,USD,-0.39113428943937745,5.670816044260017,32.63888888888889,-15.859030837004408,-36.80727874276261,-51.36855506047103,-34.13793103448276,-93.0671506352087,,Producer manufacturing,Electrical products,US3843136074,0,0,26092200,United States,2909013.9896666654,USD
ETX,Eaton Vance Municipal Income 2028 Term Trust,18.27,USD,198807966.0828,USD,0.0509235653110941,1.3311148086522375,-1.9323671497584511,-2.455953016550992,-2.819148936170219,-3.0254777070063708,0.16447368421053257,-19.903551074090306,23.507462686567163,Miscellaneous,Investment trusts,US27829U1051,5.13890486125943,12,10887204,United States,236083.39053306665,USD
FT,Franklin Universal Trust,7.82,USD,198290691,USD,-0.8871989860582941,-0.6353240152477742,-3.5758323057953043,-2.372034956304613,-3.2178217821782154,-2.615193026151919,-1.635220125786162,-7.345971563981034,6.01399676997616,Miscellaneous,Investment trusts,US3551451038,6.4638783269962,8,25131900,United States,274325.2201666667,USD
XYF,X Financial,5.21,USD,198167633,USD,2.761341222879678,3.7848605577689325,3.7848605577689325,-0.19157088122604957,0.579150579150584,-8.435852372583486,-61.634756995581746,-32.425421530479895,1.5293841366758645,Finance,Finance/Rental/Leasing,US98372W2026,10.7337278106509,3,22819650.166667,China,241777.92449999988,USD
ETSS,Energy Transition Special Opportunities,9.87,USD,197400000.00000003,USD,-0.10121457489880123,-0.10121457489880124,-0.5040322580645233,1.0235414534288603,1.0235414534288603,1.0235414534288603,1.0235414534288603,1.0235414534288603,,Finance,Finance/Rental/Leasing,KYG230171095,0,0,15000000,United States,,
FOA,Finance of America Companies Inc.,22.05,USD,197051376.51998207,USD,-0.987876066457112,-10.183299389002036,-17.723880597014926,3.8624587847385787,0.2728512960436666,-8.808933002481385,-2.7777777777777732,-65.97222222222223,,Finance,Finance/Rental/Leasing,US31738L2060,0,0,8936570,United States,1709688.8726666667,USD
UP,Wheels Up Experience Inc.,5.43,USD,196893324.75916228,USD,-5.23560209424085,-4.903677758318744,-40.19823788546256,-17.727272727272727,-54.75754040993168,-59.477611940298516,-80.60714285714286,-99.6336032388664,,Transportation,Airlines,US96328L3042,0,0,36260300,United States,928291.6473333333,USD
VII,Viking Acquisition Corp. II,9.83,USD,196600000,USD,-0.07319155857356979,-0.20304568527918349,-0.70707070707071,-0.70707070707071,-0.70707070707071,-0.70707070707071,-0.70707070707071,-0.70707070707071,,Finance,Financial conglomerates,KYG9601D1088,0,,23310000,United States,,
AIIA,AI Infrastructure Acquisition Corp.,10.19,USD,196565088.00000003,USD,-0.5853658536585414,0.0982318271119822,-0.5853658536585414,0.5923000987166704,1.899999999999995,2.6183282980866043,3.3468559837728202,3.3468559837728202,91.14490161001788,Finance,Financial conglomerates,KYG013361095,0,0,14690000,United States,104347.75666666667,USD
AIIA.U,AI Infrastructure Acquisition Corp.,10.5,USD,196565088,USD,0.9615384615384581,1.3513513513513569,2.4390243902439024,1.156069364161842,2.239532619279459,2.0854601137523625,4.895104895104898,4.895104895104898,93.91771019677996,Finance,Financial conglomerates,KYG013361251,0,0,14207000,United States,46025.73631333335,USD
PERF,Perfect Corp.,1.92,USD,195549442.68062827,USD,0.5235602094240842,0,12.280701754385962,14.285714285714286,35.21126760563381,7.865168539325836,-3.030303030303033,-80.10362694300518,28.915662650602407,Technology services,Packaged software,KYG7006A1094,0,0,85060000,Taiwan,757677.548,USD
VPV,Invesco Pennsylvania Value Municipal Income Trust,10.91,USD,194985702,USD,0,-0.18298261665141421,-3.022222222222221,-2.502234137622872,1.8674136321195076,4.302103250478004,8.341608738828201,-19.779411764705877,37.12146988771691,Miscellaneous,Investment trusts,US46132K1097,7.33638863428048,10,17872200,United States,264408.00000000006,USD
DMB,"BNY Mellon Municipal Bond Infrastructure Fund, Inc.",10.59,USD,194735480,USD,0.09451795841209629,-0.9354536950420921,-4.162895927601817,-4.422382671480146,-5.277280858676207,-3.901996370235932,4.955401387512389,-30.374753451676533,35.17103952175357,Miscellaneous,Investment trusts,US09662W1099,4.31001890359168,12,18406000,United States,712832.1496666668,USD
AP,Ampco-Pittsburgh Corporation,9.49,USD,192897426.42266947,USD,0.52966101694916,14.0625,22.60981912144703,-18.749999999999996,49.6845425867508,76.06679035250465,175.07246376811594,58.166666666666664,,Non-energy minerals,Steel,US0320371034,0,0,20326400,United States,2038928.668,USD
COPL,Copley Acquisition Corp,10.48,USD,191413350.00000003,USD,0,0.09551098376313072,0.28708133971292954,1.0607521697203588,1.7475728155339778,2.9469548133595356,3.76237623762377,4.800000000000004,352.8619528619529,Finance,Financial conglomerates,KYG242431008,0,0,17978394,Hong Kong,583109.9043333333,USD
SES,SES AI Corporation,0.5076,USD,187448247.80281693,USD,-0.7042253521126637,-2.7399885035447364,-42.959883132936284,-45.27813712807244,-70.48837209302326,-72.63611859838274,-53,-94.82568807339449,,Producer manufacturing,Electrical products,US78397Q1094,0,0,325402000,United States,11836296.357236661,USD
WIA,Western Asset Inflation-Linked Income Fund,7.96,USD,185645508,USD,0,0.1257861635220099,-1.606922126081581,-2.8083028083028028,-4.784688995215305,-3.980699638118205,-4.556354916067145,-43.54609929078014,13.857938718662952,Miscellaneous,Investment trusts,US95766Q1067,7.8391959798995,8,23322300,United States,307663.9183333333,USD
MDV,"Modiv Industrial, Inc.",17.96,USD,185413115.8180758,USD,4.723032069970859,1.411631846414455,1.9296254256526666,3.8450419196299457,19.335548172757473,24.20470262793914,22.929500342231357,-22.156558071597765,,Finance,Real estate investment trusts,US60784B1017,6.90962099125365,4,10323670,United States,1172611.2339999997,USD
GETY,"Getty Images Holdings, Inc.",0.4411,USD,184802928.3310185,USD,-7.17592592592593,16.878643349231577,-52.05434782608696,-46.46844660194175,-60.261261261261254,-66.8345864661654,-74.64942528735631,-95.48053278688523,,Technology services,Internet software/Services,US3742751056,0,0,418959000,United States,3682120.0779833295,USD
WHG,Westwood Holdings Group Inc,19.48,USD,184757515.78067887,USD,1.7232375979112369,-0.10256410256410038,-3.802469135802467,19.87692307692308,8.192168841988344,13.190005810575244,10.587567414135693,-15.341156019122124,23.67813297678376,Finance,Investment managers,US9617651040,3.1331592689295,24,9484470,United States,556385.74,USD
GF,"New Germany Fund, Inc. (The)",11.56,USD,184611518,USD,1.3146362839614405,3.030303030303029,-2.0338983050847474,-5.323505323505326,-4.1459369817578775,0.6968641114982584,-0.7725321888412005,-43.96509936984973,3.367611501150698,Miscellaneous,Investment trusts,US6444651060,1.29973707274321,18,16179800,United States,299835.86856,USD
VLN,Valens Semiconductor Ltd.,1.68,USD,181897817.89349112,USD,-0.5917159763313614,11.999999999999995,-17.647058823529417,-31.147540983606557,15.862068965517242,14.285714285714283,-21.495327102803746,-82.9992207976199,,Electronic technology,Semiconductors,IL0011796880,0,0,108273000,Israel,2098448.2306666668,USD
OPP,"RiverNorth/DoubleLine Strategic Opportunity Fund, Inc.",7.63,USD,181667248,USD,0,0.39473684210526644,-0.6510416666666644,-3.1725888324873095,-4.025157232704406,-4.26599749058971,-12.298850574712638,-52.60869565217392,9.993451211525867,Miscellaneous,Investment trusts,US76882G1076,11.1203822409609,9,23809600,United States,582818.2970000001,USD
BWIV,Blue Water Acquisition Corp. IV,9.92,USD,180709338.3358548,USD,0.10090817356205638,0.10090817356205638,0.20202020202019771,0.7106598984771603,0.7106598984771603,0.7106598984771603,0.7106598984771603,0.7106598984771603,,Finance,Financial conglomerates,KYG1368A1040,0,0,13425000,United States,256753.58666666673,USD
BWIV.U,Blue Water Acquisition Corp. IV,10.04,USD,180618255,USD,-0.09950248756220459,-0.1988071570576675,-0.2979145978153042,-0.8884501480750407,1.1077542799597124,1.1077542799597124,1.1077542799597124,1.1077542799597124,,Finance,Financial conglomerates,KYG1368A1206,0,0,13425000,United States,56412.107039999995,USD
DHX,"DHI Group, Inc.",4.13,USD,178409835.6291866,USD,-1.1961722488038236,2.736318407960207,6.169665809768632,29.874213836477978,119.68085106382979,163.0573248407643,48.028673835125446,9.549071618037132,125.53191489361703,Commercial services,Personnel services,US23331S1006,0,0,43198500,United States,585198.9793333337,USD
MDV/PA,"Modiv Industrial, Inc. 7.375% Series A Cumulative Redeemable Perpetual Preferred Stock",25.1562,USD,177050943,USD,-0.17380952380952758,0.06443914081144698,1.1507840772014368,0.8264529058116195,0.5443645083932804,0.8264529058116195,3.353327855382081,1.0289156626506015,,Finance,Real estate investment trusts,US60784B2007,6.90962099125365,4,10323670,United States,138738.2813166667,USD
MPV,Barings Participation Investors,16.42,USD,176788212,USD,0.06093845216332457,0.18303843807200204,0.1219512195122142,-5.523590333716901,-12.75239107332624,2.4968789013732966,-13.121693121693106,20.913107511045666,13.331168303970124,Miscellaneous,Investment trusts,US06761A1034,9.01889092017063,15,10773200,United States,341342.4988066665,USD
EHI,Western Asset Global High Income Fund Inc,5.83,USD,176647251,USD,0,1.3913043478260883,-2.1812080536912735,-4.738562091503269,-10.030864197530867,-9.331259720062203,-11.532625189681331,-44.21052631578947,8.150426394519782,Miscellaneous,Investment trusts,US95766B1098,14.4082332761578,10,30299700,United States,552222.4666666664,USD
FLC,Flaherty & Crumrine Total Return Fund Inc,16.72,USD,176092512,USD,-0.7125890736342102,0.966183574879228,-1.6470588235294183,-2.450408401400243,-6.4353665360940235,-4.4571428571428635,-2.3934617629889092,-31.079967023907674,9.341825902335456,Miscellaneous,Investment trusts,US3384791089,7.16627078384798,11,10456800,United States,307888.1902400001,USD
DHF,BNY Mellon High Yield Strategies Fund,2.37,USD,173840235,USD,-0.836820083682009,0.42372881355933184,-2.0661157024793315,-2.0661157024793315,-5.199999999999996,-4.435483870967737,-7.782101167315164,-31.5028901734104,13.949381989405534,Miscellaneous,Investment trusts,US09660L1052,8.78661087866109,11,72736500,United States,678028.8703333333,USD
NLOP,Net Lease Office Properties,11.67,USD,172880258.93681553,USD,-1.6849199663015946,-0.17108639863130518,6.090909090909091,-10.161662817551965,-39.72107438016529,-43.894230769230774,-64.9444277560829,-76.66,,Finance,Real estate investment trusts,US64110Y1082,0,0,14814075,United States,1840052.976666666,USD
XFLH,XFLH Capital Corporation,10,USD,172766057.99999997,USD,0.40160642570280264,0,0.1502253380070162,0.7049345417925507,1.1122345803842206,1.1122345803842206,1.1122345803842206,1.1122345803842206,,Finance,Financial conglomerates,KYG9834D1079,0,0,13888303,United States,152911.24432666667,USD
BSL,Blackstone Senior Floating Rate 2027 Term Fund,13.02,USD,169529421,USD,-0.07674597083652945,0.6182380216383313,0,-1.7358490566037768,-1.7358490566037768,-3.626943005181349,-7.985865724381632,-20.802919708029204,22.78215223097113,Miscellaneous,Investment trusts,US09256U1051,8.85648503453569,11,13010700,United States,474299.8553333333,USD
VBF,Invesco Bond Fund,14.76,USD,168748727,USD,-0.06770480704129848,-0.20283975659228778,-2.186878727634195,-1.8617021276595702,-3.6553524804177577,-4.404145077720205,-5.080385852090037,-29.64728312678742,14.530419373892498,Miscellaneous,Investment trusts,US46132L1070,5.67366283006093,16,11425100,United States,946966.3920000003,USD
AMPY,Amplify Energy Corp.,4.08,USD,168452749.7319588,USD,5.154639175257737,7.368421052631586,4.615384615384619,-24.444444444444446,-16.734693877551024,-10.91703056768559,7.368421052631586,17.24137931034483,17.82437745740498,Energy minerals,Integrated oil,US03212B1035,0,0,41287400,United States,3132636.8020000006,USD
EDF,Virtus Stone Harbor Emerging Markets Income Fund,5.2388,USD,167317587,USD,0.5527831094049978,0.36015325670499226,-5.607207207207198,-0.7803030303030284,3.738613861386149,5.4084507042253644,2.120857699805077,-38.51173708920187,5.953181818181818,Miscellaneous,Investment trusts,US86164T1079,13.8195777351248,11,32114700,United States,708153.5391066667,USD
DAVA,Endava plc,2.91,USD,166940348,USD,-2.0202020202020217,-6.129032258064513,-1.0204081632652995,-28.850855745721265,-43.052837573385524,-54.3171114599686,-75.35986452159187,-97.74959399891733,,Technology services,Information technology services,US29260V1052,0,0,42664078,United Kingdom,879746.0703333333,USD
COOK,"Traeger, Inc.",59.43,USD,165322786.08990747,USD,-12.692816218598493,-0.15120967741936056,-12.144282652080712,49.73544973544974,18.86,9.045871559633028,-27.963636363636365,-96.03006012024048,,Consumer durables,Electronics/Appliances,US89269P2020,0,0,2781810,United States,4784936.258,USD
SITC,SITE Centers Corp.,3.13,USD,164247806.37500003,USD,-4.5731707317073145,-30.289532293986642,-27.209302325581397,-41.495327102803735,-51.01721439749609,-51.09375000000001,-72.61592300962381,-74.9876760364164,1.3056355066116048,Finance,Real estate investment trusts,US82981J8514,0,0,52475300,United States,4665837.974333334,USD
VTN,Invesco Trust for Investment Grade New York Municipals,11.26,USD,163612960,USD,0.5357142857142903,2.550091074681233,-1.2280701754386014,-0.2657218777679306,-3.842869342442366,-2.679343128781335,8.373435996150135,-19.51393852751966,36.27577319587629,Miscellaneous,Investment trusts,US46131T1016,7.33928571428572,11,14608300,United States,277169.38854,USD
PNI,Pimco New York Municipal Income Fund II,6.86,USD,163376136,USD,0.2923976608187202,0.43923865300146775,-3.651685393258424,-2.97029702970297,-2.97029702970297,-1.0101010101010015,4.892966360856273,-42.97589359933499,25.520833333333336,Miscellaneous,Investment trusts,US72200Y1029,5.17543859649123,11,23885400,United States,538917.5601666667,USD
DOUG,Douglas Elliman Inc.,1.79,USD,162721872.9714286,USD,2.285714285714288,2.285714285714288,-8.2051282051282,-13.106796116504855,-31.679389312977097,-26.033057851239665,-23.17596566523605,-81.20500093974995,,Finance,Real estate development,US25961D1054,0,0,90906080,United States,706428.8286666664,USD
NRDY,Nerdy Inc.,0.8424,USD,160706258.70939758,USD,1.4939759036144673,-0.7890707808267493,-14.909090909090903,-2.1148036253776428,-14.909090909090903,-18.999999999999996,-42.30136986301369,-91.5251509054326,,Technology services,Packaged software,US64081V1098,0,0,127042000,United States,548523.5452066666,USD
WENC.U,West Enclave Merger Corp.,10.09,USD,160495834,USD,-6.139534883720932,-1.078431372549014,-0.7866273352999024,0.7992007992007999,0.6986027944111806,0.6986027944111806,0.6986027944111806,0.6986027944111806,,Finance,Financial conglomerates,KYG9600E1237,0,0,11966250,Mexico,65132.62832666663,USD
WENC,West Enclave Merger Corp.,10,USD,160495834,USD,0,0,0.40160642570280264,1.4198782961460505,1.4198782961460505,1.4198782961460505,1.4198782961460505,1.4198782961460505,,Finance,Financial conglomerates,KYG9600E1070,0,0,16049582.999999998,Mexico,242897.4738333333,USD
EARN,Ellington Credit Company,4.35,USD,160481118,USD,1.8735362997658096,-2.684563758389264,-0.2293577981651531,-11.22448979591838,-17.613636363636374,-17.4573055028463,-23.280423280423285,-61.02150537634409,,Miscellaneous,Investment trusts,US2885781078,22.4824355971897,13,37583400,United States,1827125.1650000005,USD
SAGU,Shreya Acquisition Group,9.93,USD,160471988,USD,-0.10060362173038015,-0.20100502512562388,0.4044489383215283,0.6079027355623151,0.6079027355623151,0.6079027355623151,0.6079027355623151,0.6079027355623151,,Finance,Financial conglomerates,KYG8116J1058,0,0,11231750,Mauritius,213492.2456666667,USD
EVTL,Vertical Aerospace Ltd.,1.26,USD,160433287.75384614,USD,-3.0769230769230793,2.4390243902439046,-34.37499999999999,-53.15985130111524,-70.56074766355141,-77.0909090909091,-79.44535073409462,-98.74,,Electronic technology,Aerospace & defense,KYG9471C2068,0,0,127328000,United Kingdom,3522387.3133333325,USD
QRED,QuasarEdge Acquisition Corporation,10,USD,160400009.00000003,USD,0,0,0.20040080160320214,1.3068584743187068,1.0101010101010064,1.0101010101010064,1.0101010101010064,1.0101010101010064,,Finance,Financial conglomerates,KYG7315L1014,0,0,16040000,United States,624908.29808,USD
GLED,GalaxyEdge Acquisition Corporation,9.96,USD,159185697.99798995,USD,0.10050251256282978,0,-0.10030090270812222,0.4032258064516222,0.6060606060606111,0.6060606060606111,0.6060606060606111,0.6060606060606111,,Finance,Financial conglomerates,KYG3710B1032,0,0,15982500,United States,346967.75866666663,USD
GLED.U,GalaxyEdge Acquisition Corporation,10.11,USD,159025873,USD,0,0,0.2976190476190413,-3.2535885167464103,1.0999999999999943,1.0999999999999943,1.0999999999999943,1.0999999999999943,,Finance,Financial conglomerates,KYG3710B1297,0,0,11727500,United States,13738.704999999994,USD
OWLT,"Owlet, Inc.",5.44,USD,158107906.7927273,USD,-1.090909090909084,7.722772277227734,-7.008547008546997,7.509881422924917,-50.54545454545455,-67.05027256208358,-18.440779610194895,-95.87230539695463,,Consumer durables,Electronics/Appliances,US69120X2062,0,0,29064000,United States,856962.0653333334,USD
TRAK,"ReposiTrak, Inc.",8.67,USD,157564801.85365856,USD,0.6968641114982637,-0.9142857142857151,-10.248447204968947,-13.559322033898301,-15.497076023391813,-30.136986301369863,-45.744680851063826,56.357078449053205,23.05851063829787,Technology services,Packaged software,US7002153044,0.929152148664344,3,18173600,United States,614615.5539999999,USD
WPAC,White Pearl Acquisition Corp.,10.02,USD,156977915.29306042,USD,-0.09970089730807366,0.09990009990009777,0,0.7035175879397014,1.2121212121212042,1.2121212121212042,1.2121212121212042,1.2121212121212042,,Finance,Financial conglomerates,VGG961931000,0,0,11833125,United States,93503.20566666668,USD
NAZ,Nuveen Arizona Quality Municipal Income Fund,12.215,USD,156320146.5,USD,0.24620434961017118,1.2013256006627968,-3.28582739509106,-4.120879120879124,1.3692946058091215,2.4748322147651,3.6926994906621435,-23.79912663755459,21.600353669319187,Miscellaneous,Investment trusts,US67061W1045,6.79524004924087,2,12828900,United States,306230.38986666664,USD
FIRY,Firy Inc.,10,USD,156075571.86234814,USD,1.214574898785417,4.275286757038583,6.382978723404252,43.67816091954023,216.45569620253164,128.31050228310502,46.412884333821374,-99.79608482871126,,Technology services,Data processing services,US83067L2088,0,0,12177500,United States,8633603.294999998,USD
IGA,Voya Global Advantage and Premium Opportunity Fund,10.2,USD,155715210,USD,0.49261083743841316,0.29498525073745685,3.5532994923857832,6.02910602910603,3.5532994923857832,4.294478527607361,6.02910602910603,2.9263370332996885,8.28392755624137,Miscellaneous,Investment trusts,US92912R1041,10.0492610837438,18,15341400,United States,589937.2956666667,USD
NNY,Nuveen New York Municipal Value Fund,8.24,USD,155621464,USD,0,-1.080432172869146,-5.504587155963307,-3.2863849765258144,-2.3696682464454892,-4.629629629629633,1.228501228501224,-19.294809010773754,25.007587253414265,Miscellaneous,Investment trusts,US67062M1053,4.29611650485437,2,18886100,United States,282102.8910666667,USD
BMN,BlackRock 2037 Municipal Target Term Trust,25.24,USD,154797902.54,USD,0.23828435266083683,-0.6690279417552212,-1.0971786833855843,-2.132609538580848,-5.1840721262208955,-3.5905271199388897,4.082474226804117,0.31796502384737,21.676399862590173,Miscellaneous,Investment trusts,US09262G1085,4.46783161239079,3,6147653,United States,177597.02653666667,USD
JELD,"JELD-WEN Holding, Inc.",1.77,USD,153571180.83977902,USD,-2.2099447513812174,39.37007874015748,39.37007874015748,4.733727810650892,-37.67605633802817,-28.04878048780488,-66.5406427221172,-93.67179120486236,,Non-energy minerals,Forest products,US47580P1030,0,0,86763400,United States,2803574.8413333325,USD
CHPT,"ChargePoint Holdings, Inc.",5.88,USD,152278067.13253012,USD,1.2048192771084387,11.363636363636356,-5.920000000000003,-4.390243902439032,2.0833333333333353,-12.75964391691395,-39.63039014373717,-98.81164106709781,,Producer manufacturing,Electrical products,US15961R3030,0,0,25897600,United States,3680065.341333335,USD
PIM,Franklin Master Intermediate Income Trust Shares of Beneficial Interest,3.14,USD,150816859,USD,0.3194888178913812,0.9646302250803939,-2.484472049689443,-2.484472049689443,-4.559270516717323,-6.268656716417909,-5.421686746987944,-24.337349397590366,14.112359550561798,Miscellaneous,Investment trusts,US7469091000,8.43450479233227,8,48184300,United States,143778.92899999997,USD
LANV,Lanvin Group Holdings Limited,1.2,USD,150715099.04761904,USD,-4.761904761904765,-4.761904761904766,-17.24137931034483,-28.994082840236686,-15.842625710077845,-40,-47.826086956521735,-87.57763975155281,,Consumer non-durables,Apparel/Footwear,KYG5380J1004,0,0,125596000,China,32891.33766666667,USD
YCY,AA Mission Acquisition Corp. II,10.205,USD,150373231.74730656,USD,0.04901960784314492,0.04901960784314492,0.14720314033366605,1.0396039603960439,1.5422885572139238,2.665995975855137,3.0808080808080778,3.0808080808080778,111.8969298245614,Finance,Financial conglomerates,KYG1000S1093,0,0,10334000,United States,469730.15449999995,USD
SCE/PG,SCE Trust II Trust Preferred Securities,17.058,USD,149864000,USD,0.1644157369348132,0.5778301886792392,0.40023543260742434,-8.339602364320257,-8.53619302949061,-4.650642817216326,-1.1130434782608705,-32.06690561529271,,Finance,Finance/Rental/Leasing,US78407R2040,,,,United States,471594.26577666664,USD
MHF,"Western Asset Municipal High Income Fund, Inc.",6.91,USD,149443411,USD,0.2902757619738819,1.7673048600883667,-2.538787023977429,-1.566951566951559,-0.8608321377331365,0.8759124087591313,1.0233918128655013,-14.890996428131539,18.61028817667654,Miscellaneous,Investment trusts,US95766N1037,5.92162554426705,17,21689900,United States,502681.01016666665,USD
MSD,"Morgan Stanley Emerging Markets Debt Fund, Inc.",7.31,USD,148145164,USD,-0.2728512960436625,0.5502063273727653,0,-1.3495276653171462,-5.4333764553687045,-1.2162162162162262,-1.2162162162162262,-22.645502645502646,6.997893930691173,Miscellaneous,Investment trusts,US61744H1059,9.95907230559345,13,20210800,United States,558751.5683333332,USD
ONL,Orion Properties Inc.,2.6,USD,147758177.89473683,USD,-2.2556390977443628,-2.985074626865674,-7.473309608540924,-7.801418439716303,4.417670682730918,16.591928251121082,1.5625000000000013,-89.6,,Finance,Real estate investment trusts,US68629Y1038,3.00751879699248,4,56830067,United States,1359339.775,USD
PFD,Flaherty & Crumrine Preferred and Income Fund Incorporated,11.33,USD,146905218,USD,-0.8748906386701631,0.0883392226148391,-2.158894645941278,-2.0743301642178062,-6.053067993366504,-4.789915966386557,-0.6140350877193007,-32.479141835518476,11.653980662415142,Miscellaneous,Investment trusts,US3384801060,6.51531058617673,8,12852600,United States,320333.2220333333,USD
TRAD,APEX Tech Acquisition Inc.,9.99,USD,146223636.0090226,USD,0.30120481927710197,0.30120481927710197,0,0.9090909090909076,1.4213197969543205,1.4213197969543205,1.4213197969543205,1.4213197969543205,,Finance,Financial conglomerates,KYG0R21F1057,0,0,14637000,United States,29271.374553333306,USD
BHR,Braemar Hotels & Resorts Inc.,2.12,USD,145600157.3658537,USD,3.4146341463414775,-8.225108225108222,-5.357142857142861,-22.058823529411764,-27.64505119453925,-26.13240418118467,-1.3953488372092933,-60.52141527001862,,Finance,Real estate investment trusts,US10482B1017,7.31707317073171,4,68679300,United States,1381954.0536666664,USD
ELME,Elme Communities,1.63,USD,144838342.21341464,USD,-0.6097560975609762,0,4.487179487179477,-23.11320754716982,-25.22935779816515,-90.63218390804599,-90.05491153142161,-93.15126050420167,,Finance,Real estate investment trusts,US9396531017,43.9024390243902,42,88857900,United States,2943420.7390000005,USD
GRX,The Gabelli Healthcare & Wellness Trust,9.76,USD,144024075,USD,0.10256410256410037,-0.7121057985757913,1.2448132780082906,8.565072302558393,0.618556701030933,1.1398963730569889,7.2527472527472545,-27.650111193476654,65.06666666666666,Miscellaneous,Investment trusts,US36246K1034,6.76923076923077,9,14771700,United States,191993.27866666665,USD
ADCT,ADC Therapeutics SA,1.13,USD,143726011.64485976,USD,5.607476635514002,3.6697247706421843,-8.870967741935493,-69.7860962566845,-71.53652392947104,-68.25842696629215,-58.759124087591246,-95.30535936850852,,Health technology,Pharmaceuticals: major,CH0499880968,0,0,127191000,Switzerland,1403513.2443333322,USD
MPA,Blackrock MuniYield Pennsylvania Quality Fund,11.055,USD,143093080,USD,0.045248868778271535,0.5914467697907143,-2.9411764705882426,-3.3653846153846136,-3.1961471103327512,-0.4950495049504925,2.3942944472745773,-33.52375225496091,32.59139150943396,Miscellaneous,Investment trusts,US09255G1076,6.3393665158371,8,12949600,United States,282684.09810000006,USD
EVG,Eaton Vance Short Duration Diversified Income Fund,10.55,USD,142912341.72,USD,-0.6591337099811536,0.6679389312977126,-2.6752767527675196,-3.5648994515539196,-4.438405797101436,-3.299725022914752,-6.719717064544648,-22.197640117994098,10.264642926639425,Miscellaneous,Investment trusts,US27828V1044,8.4105461393597,18,13456906,United States,364120.40366666665,USD
DLNG,Dynagas LNG Partners LP,3.9,USD,141889848.2142857,USD,7.142857142857137,8.333333333333329,7.43801652892562,1.5625000000000016,1.827676240208873,4.5268151483476675,6.557377049180322,27.450980392156858,2.2293357722647764,Transportation,Marine shipping,MHY2188B1083,5.46703296703297,2,36382000,Greece,265096.6776666666,USD
MX,Magnachip Semiconductor Corporation,3.86,USD,140887308.51771116,USD,5.177111716621252,32.646048109965626,-3.500000000000003,-0.7712082262210861,34.02777777777778,50.194552529182886,34.02777777777778,-80.7,,Electronic technology,Semiconductors,US55933J2033,0,0,36499300,South Korea,4506637.160999995,USD
BHR/PB,"Braemar Hotels & Resorts Inc. 5.50% Series B Cumulative Convertible Preferred Stock, par value $0.01 per share",13.68,USD,140792605,USD,-0.9642950221527267,-3.253182461103259,-2.1809081158383963,-9.163346613545823,-11.74193548387097,-7.692307692307696,3.2452830188679225,-37.305224564619614,,Finance,Real estate investment trusts,US10482B2007,7.31707317073171,4,68679300,United States,162993.2828933333,USD
BHR/PD,"Braemar Hotels & Resorts Inc. 8.25% Series D Cumulative Preferred Stock, par value $0.01 per share",17.54,USD,140792605,USD,2.573099415204665,1.1534025374855783,1.4459224985540775,5.282112845138049,6.626139817629179,-3.2008830022075156,-18.418604651162795,-34.79553903345725,,Finance,Real estate investment trusts,US10482B3096,7.31707317073171,4,68679300,United States,79560.92494000001,USD
PLUN.U,Plutonian Acquisition Corp II,10.1,USD,140436581,USD,0,-0.19762845849801952,-0.3944773175542497,0.7984031936127752,0.6979062811565333,0.6979062811565333,0.6979062811565333,0.6979062811565333,,Finance,Financial conglomerates,KYG713821240,0,0,10967800,United States,223680.5526666668,USD
PLUN,Plutonian Acquisition Corp II,9.9804,USD,140436580.99999997,USD,0.004008016032054787,-0.19600000000000506,0.20481927710842007,-0.0960960960961033,-0.0960960960961033,-0.0960960960961033,-0.0960960960961033,-0.0960960960961033,,Finance,Financial conglomerates,KYG713821083,0,0,11383737,United States,,
GNT,"GAMCO Natural Resources, Gold & Income Trust",8.48,USD,139516810,USD,1.5568862275449196,2.9126213592233037,2.787878787878793,0.4739336492891105,5.080545229244116,13.36898395721925,30.46153846153847,58.50467289719628,3.040516314091072,Miscellaneous,Investment trusts,US36465E1010,6.10778443113773,15,16708600,United States,945560.5399999998,USD
SRG/PA,Seritage Growth Properties 7.00% Series A Cumulative Redeemable Preferred Shares of Beneficial Interest,22.65,USD,139121774,USD,-0.5706760316066838,1.4330497089117793,7.703281027104125,12.295488349033201,-5.82120582120583,-5.2301255230125525,0.6666666666666603,-9.278796472086713,,Finance,Real estate development,US81752R3084,0,0,56324600,United States,165658.39545000004,USD
BGX,Blackstone Long Short Credit Income Fund,10.79,USD,137630889,USD,-0.3693444136657518,1.3145539906103172,-0.9182736455463858,-1.0091743119266166,-4.5977011494252995,-7.222699914015491,-13.263665594855308,-26.74813306177869,15.220764564818733,Miscellaneous,Investment trusts,US09257D1028,9.59372114496768,15,12708300,United States,630226.1670000002,USD
OTAI.U,Starlink AI Acquisition Corporation,10.1503,USD,137512503,USD,0.0029556650246236535,0.49801980198019813,0.39861523244312785,1.5029999999999966,1.5029999999999966,1.5029999999999966,1.5029999999999966,1.5029999999999966,,Finance,Financial conglomerates,KYG8443M1289,0,0,10726250,United States,214138.2015366672,USD
IHD,Voya Emerging Markets High Income Dividend Equity Fund,7.35,USD,137472566,USD,-0.9433962264150981,2.941176470588235,-3.2894736842105265,-0.4065040650406538,5.907780979827079,15.203761755485889,26.072041166380778,-1.6064257028112465,3.018976423231742,Miscellaneous,Investment trusts,US92912P1084,8.89487870619946,9,18527300,United States,472145.1533333334,USD
OTAI,Starlink AI Acquisition Corporation,9.9899,USD,137373615.37197003,USD,-0.10099999999999554,0.20060381749064254,0.5020120724346172,0.6032225579053447,0.6032225579053447,0.6032225579053447,0.6032225579053447,0.6032225579053447,,Finance,Financial conglomerates,KYG8443M1024,0,0,13751250,United States,,
SRG,Seritage Growth Properties,2.41,USD,135742297.708502,USD,-2.4291497975708523,-1.2295081967213035,-9.398496240601503,-9.398496240601503,-20.98360655737704,-25.846153846153843,-17.74744027303754,-85.03105590062113,,Finance,Real estate development,US81752R1005,0,0,56324600,United States,478443.0530000001,USD
CEE,"The Central and Eastern Europe Fund, Inc. (The)",21.12,USD,135625770,USD,0.5714285714285762,0.7633587786259548,0,1.0043041606886698,9.828393135725431,17.33333333333334,39.313984168865446,-23.450525552736494,3.1542631838344013,Miscellaneous,Investment trusts,US1534361001,1.84333333333333,10,6458370,United States,512131.2173333334,USD
MED,MEDIFAST INC,12.12,USD,135510119.53094465,USD,-1.3029315960912065,26.249999999999996,8.797127468581674,-4.340962904498822,12.014787430683908,13.376987839101963,-7.268553940321355,-95.34740882917467,,Commercial services,Miscellaneous commercial services,US58470H1014,0,0,11180700,United States,2872508.427,USD
OCAC.U,Ocean Capital Acquisition Corporation,10.23,USD,134656000,USD,-0.09765624999999792,-0.24378352023403563,0.19588638589617602,0.2941176470588347,0.2941176470588347,0.2941176470588347,0.2941176470588347,0.2941176470588347,,Finance,Financial conglomerates,VGG669031327,0,0,10143250,United States,309015.2186666667,USD
GHI,Greystone Housing Impact Investors LP Beneficial,5.78,USD,134481060.61034486,USD,-0.3448275862068892,9.262759924385637,0.6968641114982584,8.442776735459665,-24.345549738219887,-18.014184397163113,-46.48148148148148,-70.25341670130669,,Finance,Finance/Rental/Leasing,US02364V2060,14.3103448275862,25,23266600,United States,340684.4960000001,USD
DLNG/PA,Dynagas LNG Partners LP 9.00% Series A Cumulative Redeemable Preferred,26.3505,USD,132430524.99999999,USD,0.34463061690783964,0.5744274809160342,-1.3089887640449402,0.9973055120102149,0.9211030256606696,0.38285714285714384,1.348076923076924,5.359856057576963,15.06259288899051,Transportation,Marine shipping,MHY2188B1166,5.46703296703297,2,36382000,Greece,119056.74021666666,USD
VECA.U,Vernal Capital Acquisition Corp.,10.73,USD,132262497,USD,0.28037383177571157,0.7511737089201884,4.174757281553395,7.300000000000004,7.300000000000004,7.300000000000004,7.300000000000004,7.300000000000004,,Finance,Financial conglomerates,KYG93Y7F1225,0,0,10251250,Singapore,52160.60700000023,USD
VECA,Vernal Capital Acquisition Corp.,9.98,USD,131997972.00600001,USD,-0.19999999999999576,0.6048387096774244,0.6048387096774244,0.8080808080808087,0.8080808080808087,0.8080808080808087,0.8080808080808087,0.8080808080808087,,Finance,Financial conglomerates,KYG93Y7F1068,0,0,13226250,Singapore,162205.08666666658,USD
BWG,BrandywineGLOBAL Global Income Opportunities Fund Inc.,7.76,USD,130640204.00000001,USD,-0.2570694087403658,0.38809831824061264,-1.52284263959391,-3.4825870646766095,-9.239766081871354,-7.838479809976249,-8.70588235294118,-38.752959747434886,8.76539026318762,Miscellaneous,Investment trusts,US10537L1044,12.3393316195373,14,16791800,United States,491034.2760000001,USD
OCAC,Ocean Capital Acquisition Corporation,9.9,USD,130184999.99999999,USD,-0.10090817356205638,0,0,0,0,0,0,0,,Finance,Financial conglomerates,VGG669031087,0,0,13150000,United States,,
NMI,"Nuveen Municipal Income Fund, Inc.",10.8,USD,129601366.82999998,USD,0.6514384768082359,-0.5524861878452921,0.2320185614849221,2.857142857142864,6.2992125984252025,8.542713567839211,9.979633401222,-9.623430962343084,19.396551724137932,Miscellaneous,Investment trusts,US67062J1025,4.24972740235413,19,12078300,United States,195763.05732666666,USD
NMT,Nuveen Massachusetts Quality Municipal Income Fund,12.57,USD,128878953,USD,0,0.721153846153845,-2.5581395348837215,-4.2650418888042685,7.06984667802385,10.224482637670995,10.651408450704233,-18.057366362451106,,Miscellaneous,Investment trusts,US67061E1047,6.27684964200477,19,10252900,United States,278345.47466666665,USD
UFI,"Unifi, Inc. New",6.9,USD,128252052.66263239,USD,4.387291981845689,9.523809523809533,40.52953156822811,68.29268292682929,68.70415647921762,97.70773638968481,51.648351648351664,-70.89835512442008,,Process industries,Textiles,US9046772003,0,0,18587300,United States,680917.5056666668,USD
GGZ,Gabelli Global Small and Mid Cap Value Trust (The),16.56,USD,127364634.5,USD,-0.659868026394739,4.020100502512555,0.6075334143377756,3.1133250311332508,2.8571428571428403,9.88719309887192,21.585903083700437,5.076142131979688,5.710344827586207,Miscellaneous,Investment trusts,US36249W1045,4.13917216556689,7,7640350,United States,123661.87950000004,USD
JHS,John Hancock Income Securities Trust,10.91,USD,126947940,USD,0.0917431192660531,0.5529953917050737,-0.5469462169553372,-3.108348134991116,-6.512425021422448,-6.990622335890881,-4.298245614035089,-32.193909260410194,14.17067151578127,Miscellaneous,Investment trusts,US4101231037,5.56330275229358,9,11646600,United States,105151.63032666667,USD
TLYS,"Tilly's, Inc.",4.12,USD,125611840.354067,USD,-1.435406698564584,9.57446808510639,-4.1860465116279,-1.6706443914081213,182.1917808219178,110.20408163265306,154.320987654321,-72.94812869336835,,Retail trade,Apparel/Footwear retail,US8868851028,0,0,23182300,United States,723184.5163333333,USD
WEA,Western Asset Bond Fund Share of Beneficial Interest,10.48,USD,124232832,USD,0.09551098376313072,1.2560386473430027,-1.5962441314553983,-1.4111006585136439,-6.678539626001781,-5.585585585585579,-3.5878564857405597,-29.045362220717664,8.983370478313047,Miscellaneous,Investment trusts,US9576641057,8.02292263610315,8,11865600,United States,243563.25116666665,USD
SLQT,"SelectQuote, Inc.",0.6822,USD,120304454.76776154,USD,-1.2878020546954159,-1.7427624945988764,-14.725000000000001,-41.18965517241379,-34.40384615384615,-52.293706293706286,-61.01714285714286,-96.20999999999998,55.91803278688524,Finance,Multi-line insurance,US8163073005,0,0,176348000,United States,1215036.7188466669,USD
PFO,Flaherty & Crumrine Preferred and Income Opportunity Fund Incorporated,9.08,USD,119395749,USD,-0.5476451259583867,0.110253583241453,-1.5184381778741927,-1.5184381778741927,-5.711318795430952,-4.118268215417112,-1.9438444924406018,-32.13751868460389,9.41908713692946,Miscellaneous,Investment trusts,US33848E1064,6.97809419496167,16,13077300,United States,206836.23080999998,USD
DMO,Western Asset Mortgage Opportunity Fund Inc.,10.39,USD,118223010,USD,0.09633911368015208,-0.2879078694817597,-2.8063610851262766,-6.816143497757845,-7.232142857142846,-5.887681159420278,-12.762384550797645,-33.69495851946394,8.6511240632806,Miscellaneous,Investment trusts,US95790B1098,14.9325626204239,9,11389500,United States,436720.743,USD
AXR,AMREP Corporation,22.08,USD,117572668.37333332,USD,-1.866666666666674,-5.032258064516136,-13.070866141732283,-17.023675310033827,5.95009596928982,17.38437001594896,-2.0842572062084366,58.05297065139583,11.530628231239229,Finance,Real estate development,US0321591051,0,0,5324850,United States,216843.51266666676,USD
MCN,XAI Madison Equity Premium Income Fund,5.58,USD,117563600,USD,-0.35714285714284955,0,-0.17889087656529137,-6.8447412353923225,-7.462686567164181,-7.462686567164181,-9.268292682926834,-30.94059405940594,,Miscellaneous,Investment trusts,US5574371002,0,18,20993500,United States,324944.53499000013,USD
AKA,a.k.a. Brands Holding Corp.,10.86,USD,117527924.38196284,USD,-3.9787798408488158,-1.008149052923266,-0.8219178082191768,-8.701134930643128,4.222648752399228,2.35626767200754,-2.267818574514045,-90.47749321324102,,Retail trade,Internet retail,US00152K2006,0,0,10822092,United States,29438.918726666667,USD
JHI,John Hancock Investors Trust,13.34,USD,116127624,USD,0.45180722891566644,2.2222222222222157,0.15015015015014693,-0.14970059880239203,-2.698760029175791,-2.5566106647187703,-5.25568181818182,-29.604221635883906,8.676422764227642,Miscellaneous,Investment trusts,US4101421034,9.35843373493976,18,8744550,United States,179629.78303333328,USD
NIM,Nuveen Select Maturities Municipal Fund,9.33,USD,115753380,USD,0.32258064516128343,0.7559395248380161,-0.42689434364993756,0.5203788099162798,-6.136820925553314,0.32258064516128343,1.9672131147540952,-16.127292340884576,24.468922108575928,Miscellaneous,Investment trusts,US67061T1016,3.66129032258065,10,12446600,United States,147373.76583333334,USD
SJT,San Juan Basin Royalty Trust,2.46,USD,114657638,USD,0,-5.0193050193050155,-16.61016949152543,-41.007194244604314,-55.99284436493739,-55.83482944344704,-58.79396984924623,-52.14007782101168,,Miscellaneous,Investment trusts,US7982411057,0,0,46608800,United States,616386.3956666669,USD
GHG,GreenTree Hospitality Group Ltd.,1.14,USD,114013977,USD,0.8849557522123902,-1.647830213096378,-1.7241379310344844,-6.557377049180334,-20.833333333333336,-34.853420195439746,-49.77973568281939,-87.82051282051282,3.9148351648351642,Consumer services,Hotels/Resorts/Cruise lines,US39579V1008,4.51327433628319,1,66134416,China,7830.579496666667,USD
TSQ,"Townsquare Media, Inc.",6.33,USD,113647508.21698111,USD,-0.47169811320755106,8.020477815699653,-12.32686980609418,-4.090909090909085,-6.637168141592922,22.912621359223294,-9.442060085836912,-53.38733431516937,,Consumer services,Broadcasting,US8922311019,12.5786163522013,3,16638500,United States,478872.4913333335,USD
PAI,Western Asset Investment Grade Income Fund Inc.,11.93,USD,113465752.8,USD,0,1.016088060965277,-1.6488046166529353,-2.612244897959186,-5.6916996047430874,-4.63629096722622,-7.159533073929961,-25.203761755485893,11.76180617174406,Miscellaneous,Investment trusts,US95766T1007,0,8,9510960,United States,162860.33436999997,USD
ZVIA,Zevia PBC,1.47,USD,113166674.28070176,USD,-14.035087719298245,-10.365853658536581,-14.534883720930234,10.526315789473676,-13.01775147928994,-36.086956521739125,-56.50887573964497,-89.2465252377469,,Consumer non-durables,Beverages: non-alcoholic,US98955K1043,0,0,71775200,United States,1347294.6549999996,USD
SBI,Western Asset Intermediate Muni Fund Inc,7.62,USD,107025480,USD,0.2631578947368482,-0.39215686274510125,-2.806122448979589,-1.9305019305019238,-3.5443037974683573,-0.7812499999999949,-0.39215686274510125,-21.765913757700204,12.477484853446864,Miscellaneous,Investment trusts,US9584351095,6.63157894736842,13,14082300,United States,488116.32433333335,USD
ACR/PC,ACRES Commercial Realty Corp. 8.625% Fixed-to-Floating Series C Cumulative Redeemable Preferred Stock,24.65,USD,105112429,USD,-0.6248740173352193,-1.3605442176870743,-1.3605442176870743,-1.6753091344236206,-1.1627906976744293,-0.5647438483259402,-1.4000000000000057,-2.722967640094717,,Finance,Real estate investment trusts,US00489Q2012,0,0,7131100,United States,265849.6553666667,USD
ACR/PD,ACRES Commercial Realty Corp. 7.875% Series D Cumulative Redeemable Preferred Stock,21.73,USD,105112429,USD,0.3231763619575267,-0.32110091743119396,0.23062730627306602,-0.7762557077625487,-1.2272727272727253,-0.9119927040583643,-0.7762557077625487,-13.735609368797146,,Finance,Real estate investment trusts,US00489Q3002,0,0,7131100,United States,109360.15012666663,USD
RFL,"Rafael Holdings, Inc.",2.02,USD,105062800.12807883,USD,-0.49261083743841316,2.020202020202022,-24.907063197026023,57.8125,65.57377049180327,72.64957264957266,18.82352941176471,-96.32727272727273,,Finance,Real estate development,US75062E1064,0,0,51212800,United States,544375.5103333333,USD
ACR,ACRES Commercial Realty Corp.,14.6,USD,104114074.85753053,USD,-0.9497964721845357,-18.798665183537267,-19.15836101882613,-35.39823008849558,-18.61761426978819,-31.16454502593117,-25.089789635710616,-17.46749576031657,,Finance,Real estate investment trusts,US00489Q1022,0,0,7131100,United States,541845.8553333333,USD
VATE,INNOVATE Corp.,7.41,USD,101086231.01984127,USD,-1.984126984126977,-4.510309278350511,-51.600261267145655,-42.15456674473068,35.21897810218977,62.857142857142875,33.99638336347197,-79.12676056338029,,Industrial services,Engineering & construction,US45784J3032,0,0,13641900,United States,1508409.6389999997,USD
RMI,"RiverNorth Opportunistic Municipal Income Fund, Inc.",15.73,USD,100972713.60000001,USD,-0.6944444444444409,3.14754098360656,0.6397952655150329,0.5111821086261985,4.172185430463581,9.616724738675964,11.718750000000002,-34.43101292205085,129.25225965488906,Miscellaneous,Investment trusts,US76883F1084,6.9469696969697,6,6374540,United States,336878.94222333335,USD
PGP,Pimco Global StocksPlus & Income Fund,8.65,USD,100812990,USD,-0.5747126436781487,2.7315914489311215,-0.23068050749711158,-3.888888888888885,-6.080347448425629,-5.257393209200442,2.7315914489311215,-23.72134038800705,4.134206375758735,Miscellaneous,Investment trusts,US7220111030,9.51724137931035,10,11587700,United States,472469.75999999995,USD
RGT,"Royce Global Trust, Inc.",15.52,USD,100523134.2,USD,0.6485084306095956,4.935767410412444,5.938566552901018,7.404844290657442,9.449929478138223,18.02281368821292,28.264462809917354,0.19367333763718114,5.372472999169205,Miscellaneous,Investment trusts,US78081T1043,1.23216601815824,10,6519010,United States,229614.16765706672,USD
PCF,High Income Securities Fund,5.35,USD,99196920,USD,0.943396226415091,0.5639097744360781,-4.464285714285714,-6.468531468531471,-12.151067323481122,-12.724306688417624,-15.348101265822793,-46.068548387096776,24.40693430656934,Miscellaneous,Investment trusts,US42968F1084,13.377358490566,4,18716400,United States,333611.9386666668,USD
CHGG,"Chegg, Inc.",0.8786,USD,98367033.24135923,USD,-14.699029126213588,-16.323809523809523,-10.847285641806188,-32.41538461538462,22.010831828912664,-7.03629245582478,-26.783333333333328,-98.9836899942163,,Commercial services,Miscellaneous commercial services,US1630921096,0,0,111959000,United States,1280851.4698100002,USD
YRD,Yiren Digital Ltd.,1.23,USD,97821263,USD,9.821428571428559,13.88888888888888,-18,-39.408866995073886,-68.29896907216495,-67.37400530503979,-78.68284228769495,-69.25,,Technology services,Internet software/Services,US98585L1008,17.8571428571429,2,87340413,China,2996720.0691866665,USD
IAE,Voya Asia Pacific High Dividend Equity Income Fund ING Asia Pacific High Dividend Equity Income Fund,8.61,USD,95860080,USD,-1.0344827586206882,5.000000000000002,-0.6920415224913552,3.237410071942441,6.823821339950358,17.302452316076288,23.17596566523604,-2.931228861330325,3.338891689611044,Miscellaneous,Investment trusts,US92912J1025,8.96551724137931,8,11018400,United States,598576.8996666666,USD
RPT/PC,Rithm Property Trust Inc. 9.875% Series C Fixed-to-Floating Rate Cumulative Redeemable Preferred Stock,24.9,USD,95369363,USD,0.20120724346075317,-1.3861386138613918,0,-0.5984055824574244,0.1206272617611483,-1.2688342585249814,0.3631614798931057,1.4256619144602765,,Finance,Real estate investment trusts,US38983D8627,11.7359413202934,11,7772560,United States,76674.93439333333,USD
JLS,Nuveen Mortgage and Income Fund,17.28,USD,94800465.3,USD,-0.17331022530327894,-0.5753739930954999,-1.2006861063464684,-5.933587370713118,-7.54414125200642,-5.0027487630566245,-8.377518557794264,-18.259224219489116,9.949904992226639,Miscellaneous,Investment trusts,US6707351093,10.6412478336222,9,5476630,United States,441543.31958666653,USD
IGI,Western Asset Investment Grade Opportunity Trust Inc.,15.75,USD,94488946.35000001,USD,-0.09514747859182092,0.31847133757962237,-2.897657213316886,-2.5974025974026076,-4.89130434782608,-4.371584699453545,-4.603270745003037,-28.571428571428577,13.868098969798362,Miscellaneous,Investment trusts,US95790A1016,5.40437678401522,7,5993590,United States,162891.05770873328,USD
GDL,"GDL Fund, The",8.43,USD,94480314,USD,-0.11848341232227236,0.5366726296958847,-0.44874822862541636,-1.0563380281690125,-1.2880562060889864,-0.7067137809187337,0.7168458781362067,-6.850828729281778,12.270742358078602,Miscellaneous,Investment trusts,US3615701048,5.68720379146919,6,11194350,United States,58199.08442,USD
RPT,Rithm Property Trust Inc.,12.12,USD,94203478.36674817,USD,-1.222493887530565,-0.24691358024692292,-16.41379310344828,-19.57531519575316,-20.42022324359817,-26.41165755919854,-24.626865671641788,-84.4015444015444,,Finance,Real estate investment trusts,US38983D8544,11.7359413202934,11,7772560,United States,1973646.5136666666,USD
GCV,"Gabelli Convertible and Income Securities Fund, Inc. (The)",4.63,USD,93434398,USD,-0.64377682403434,3.3482142857142736,-0.4301075268817303,1.7582417582417598,3.1180400890868523,10.765550239234454,18.112244897959183,-28.10559006211181,4.585066349772232,Miscellaneous,Investment trusts,US36240B1098,0,10,20050300,United States,164401.4013333333,USD
MGF,Aberdeen Government Markets Income Fund,2.84,USD,92230266,USD,0.3533568904593564,0.3533568904593564,-0.3508771929824642,-1.730103806228383,-5.9228832648734695,-5.64784053156146,-7.491856677524431,-35.74660633484163,22.486144101346,Miscellaneous,Investment trusts,US5529391006,8.10706713780919,16,32590200.000000004,United States,197156.60066666667,USD
CMCM,Cheetah Mobile Inc.,3.252,USD,91458241,USD,9.127516778523482,18.686131386861298,2.9113924050632796,-40.21509329901645,-46.336633663366335,-45.890183028286195,-32.10855949895616,-67.15151515151516,,Technology services,Packaged software,US1630752038,0,0,10362098,China,39092.97424,USD
EVF,Eaton Vance Senior Income Trust,4.98,USD,90669797,USD,-0.20040080160320214,0.6060606060606111,-0.3999999999999915,0,-5.681818181818178,-5.860113421550087,-10.912343470482995,-26.656848306332837,23.804971319311665,Miscellaneous,Investment trusts,US27826S1033,9.05811623246493,9,18170300,United States,285480.744,USD
SRFM,Surf Air Mobility Inc.,0.8083,USD,90201912.13128626,USD,-2.2848162475822082,5.247395833333334,-15.784538445509478,-44.63698630136985,-59.98514851485149,-59.786069651741286,-81.02582159624413,-97.69057142857142,,Transportation,Airlines,US8689272032,0,0,111594600,United States,8473321.380646667,USD
CHMI/PB,Cherry Hill Mortgage Investment Corporation 8.250% Series B Fixed-to-Floating Rate Cumulative Redeemable Preferred Stock,23.9,USD,89644480,USD,-0.20835160063299196,-0.208768267223385,-0.41666666666667257,3.6494134484029748,1.875532821824372,1.745423584504045,-1.2641493844501401,-7.04006223259433,204.62328767123287,Finance,Real estate investment trusts,US1646513093,16.3934426229508,13,36739500,United States,55385.36297666666,USD
CHMI/PA,Cherry Hill Mortgage Investment Corporation 8.20% Series A Cumulative Redeemable Preferred Stock,22.19,USD,89644480,USD,-0.045045045045036085,0.2711251694532412,0.36182722749887763,5.165876777251184,5.792610250297972,6.442173933899362,7.146306132303238,-14.555256064690019,189.9828767123288,Finance,Real estate investment trusts,US1646512004,16.3934426229508,13,36739500,United States,66715.56690333334,USD
RFM,"RiverNorth Flexible Municipal Income Fund, Inc.",14.57,USD,88785429.48,USD,0.34435261707989473,-0.816882232811431,-2.2147651006711415,0.06868131868131722,-0.5460750853242325,3.8488952245188948,4.519368723099001,-39.76849937990906,177.0352369380316,Miscellaneous,Investment trusts,US76883H1041,5.82644628099174,6,6114699,United States,143068.62891666667,USD
CHMI,Cherry Hill Mortgage Investment Corporation,2.39,USD,87807502.95081969,USD,-2.049180327868845,6.696428571428567,4.36681222707424,-7.364341085271315,-7.003891050583647,-4.399999999999995,-15.845070422535201,-74.16216216216216,20.46232876712329,Finance,Real estate investment trusts,US1646511014,16.3934426229508,13,36739500,United States,535051.0900000001,USD
FMN,Federated Hermes Premier Municipal Income Fund,11.07,USD,87022142.13000001,USD,-0.5390835579514869,-1.160714285714277,-3.4873583260680063,-2.035398230088499,-1.687388987566603,-0.7174887892376688,3.6516853932584326,-29.355456285896615,9.70031545741325,Miscellaneous,Investment trusts,US31423P1084,4.85175202156334,18,7818701,United States,298620.8763333333,USD
SRL,Scully Royalty Ltd.,5.68,USD,86485671.43350604,USD,-1.8998272884283303,13.147410358565741,-8.387096774193555,-16.71554252199414,-36.748329621380854,-33.64485981308412,-0.11254924029263125,-54.72767781601217,,Non-energy minerals,Steel,KYG7T96K1077,0,3,15226400,China,155138.8121666667,USD
WBX,Wallbox N.V.,3.44,USD,84966615.8095238,USD,2.380952380952383,14.666666666666664,-37.56805807622504,21.554770318021195,34.90196078431374,42.73858921161825,-27.57894736842105,-98.2520325203252,,Electronic technology,Electronic equipment/Instruments,NL0015002J03,0,0,23536100,Spain,378466.5320000003,USD
BARK,"BARK, Inc.",9.16,USD,82746463.62540367,USD,-1.3993541442411088,4.446978335233758,-10.894941634241238,-2.136752136752129,-43.456790123456784,-21.305841924398628,-47.35632183908046,-94.43499392466586,,Process industries,Agricultural commodities/Milling,US68622E2037,0,0,9033460,United States,720549.6696666667,USD
VGI,Virtus Global Multi-Sector Income Fund,7.34,USD,82698761,USD,0.4103967168262689,1.1019283746556483,-2.133333333333335,-3.8007863695937094,-7.904642409033875,-6.852791878172589,-7.206068268015174,-39.08713692946059,,Miscellaneous,Investment trusts,US92829B1017,13.1326949384405,8,11313100,United States,287647.49149999995,USD
NRT,North European Oil Royality Trust,8.86,USD,81428629.23732717,USD,2.0737327188940062,-0.2252252252252404,28.03468208092485,7.524271844660184,-0.6726457399103195,31.649331352154512,57.65124555160141,20.87312414733969,8.672670321064995,Miscellaneous,Investment trusts,US6593101065,11.6359447004608,45,9190590,United States,391969.40300000005,USD
DTF,DTF Tax-Free Income 2028 Term Fund Inc.,11.47,USD,81121237.8,USD,-0.6065857885615122,0.0872600349040121,-0.08710801393728038,-0.17406440382941318,0.2622377622377722,0.7023705004389822,1.7746228926353245,-23.328877005347593,,Miscellaneous,Investment trusts,US23334J1079,3.37954939341421,9,7029570,United States,73198.35087333334,USD
ANVS,"Annovis Bio, Inc.",1.86,USD,79127871.3368984,USD,-0.5347593582887704,8.139534883720938,-5.102040816326523,-19.130434782608685,-26.771653543307085,-46.086956521739125,-32.60869565217391,-95.26837954718901,,Health technology,Pharmaceuticals: major,US03615A1088,0,0,42541900,United States,1459231.8193333328,USD
TISI,"Team, Inc.",17.01,USD,77759207.08260106,USD,-0.3514938488576375,-2.799999999999991,-2.799999999999991,-0.11743981209629814,18.4540389972145,20.382165605095544,0.0588235294117739,-63.57601713062098,,Commercial services,Miscellaneous commercial services,US8781553081,0,0,4571380,United States,102766.5916666667,USD
GDO,Western Asset Global Corporate Defined Opportunity Fund Inc.,10.29,USD,77449820,USD,-0.09708737864079188,0.5865102639296063,-4.01119402985076,-7.297297297297303,-10.52173913043479,-13.310867733782645,-12.870448772226938,-44.617868675995695,8.480303280039557,Miscellaneous,Investment trusts,US95790C1071,14.2135922330097,6,7519400,United States,404125.3893333333,USD
SWZ,Total Return Securities Fund,5.94,USD,77039018.2,USD,0.03368137420007861,0.8488964346349867,-0.8347245409014995,-2.622950819672119,-1.8181818181818088,-4.807692307692305,-3.2573289902280016,-39.57273652085452,4.335766423357664,Miscellaneous,Investment trusts,US8708751016,2.45537217918491,9,12973900,United States,215268.64003,USD
PEW,GrabAGun Digital Holdings Inc.,2.6,USD,76440190.79847908,USD,-1.1406844106463805,4.838709677419359,-10.806174957118351,-11.564625850340132,-10.034602076124568,-15.584415584415584,-61.13602391629297,-74.50980392156863,,Retail trade,Specialty stores,US38387Q1058,0,0,29400072,United States,2351726.489,USD
EEA,"The European Equity Fund, Inc.",11.16,USD,74707341.5,USD,0.0896860986547066,1.5727391874180912,0.90415913200723,3.1423290203327157,3.1423290203327157,6.999041227229151,8.478003071599364,-3.793103448275858,4.126913689815842,Miscellaneous,Investment trusts,US2987681028,1.74618834080718,9,6700210,United States,298570.17753333336,USD
NMS,Nuveen Minnesota Quality Municipal Income Fund,11.4844,USD,73518800.2,USD,0.1255448997384498,-3.5734676742233358,-6.326264274061981,-8.05124099279423,-4.930463576158934,-2.0102389078498275,0.5463141306251115,-26.89751750477403,234.37551020408165,Miscellaneous,Investment trusts,US6707341029,7.14036617262424,8,6409660,United States,239556.6375978001,USD
AVD,American Vanguard Corporation,2.57,USD,73517145.93359375,USD,0.3906249999999917,4.048582995951402,-17.363344051446948,-14.333333333333337,-48.9065606361829,-33.07291666666667,-43.51648351648352,-83.51507376523412,,Process industries,Chemicals: agricultural,US0303711081,0,0,28605900,United States,861191.3253333328,USD
PDCC,Pearl Diver Credit Company Inc.,8.9429,USD,72755395.51,USD,0.5950506186726578,-2.7945652173912983,-10.481481481481485,-19.068778280542993,-34.243382352941175,-36.78857191325737,-45.602798053527984,-55.2855,9.340818884478796,Miscellaneous,Investment trusts,US70476Q1004,28.6839145106862,2,6803959,United States,63825.66409666666,USD
SKIL,Skillsoft Corp.,8.04,USD,72098934.22116527,USD,-4.399524375743175,8.795669824086596,7.9194630872483085,-3.8277511961722523,2.681992337164739,-15.368421052631588,-45.26889040163377,-95.6774193548387,,Technology services,Packaged software,US83066P3091,0,0,8967530,United States,753806.9413333334,USD
GPMT/PA,Granite Point Mortgage Trust Inc. 7.00% Series A Fixed-to-Floating Rate Cumulative Redeemable Preferred Stock,17.6,USD,71879436,USD,-4.864864864864858,-4.813412655489438,-6.033101975440465,-11.735205616850552,-14.81122942884801,-13.000494315373203,-10.06642820643842,-29.571828731492584,,Finance,Real estate investment trusts,US38741L3050,13.3333333333333,9,47919600,United States,217133.29650000003,USD
PCM,"PCM Fund, Inc.",5.67,USD,70758624,USD,-1.0471204188481762,1.4311270125223627,-1.5624999999999976,-4.38448566610455,-6.280991735537188,-7.804878048780494,-11.128526645768025,-52.75,10.476718403547672,Miscellaneous,Investment trusts,US69323T1016,13.4534031413613,9,12348800,United States,288650.4481666667,USD
ICR/PA,"InPoint Commercial Real Estate Income, Inc. 6.75% Series A Cumulative Redeemable Preferred Stock",23.51,USD,70730380,USD,1.6648648648648716,8.191440404970093,5.996393146979268,12.434241989478723,8.842592592592592,17.374525084997927,23.802001053185908,-5.278001611603541,,Miscellaneous,Investment trusts,US45781T2050,15.138014527845,3,8563000,United States,78897.47131000001,USD
PGZ,Principal Real Estate Income Fund,10.24,USD,68614627.5,USD,-0.09756097560975402,0.5893909626719106,-0.485908649173945,2.1956087824351362,-0.2921129503407922,1.5873015873015888,-2.476190476190474,-33.2464146023468,10.439392394739524,Miscellaneous,Investment trusts,US74255X1046,12.2926829268293,7,6694110,United States,190290.11566666662,USD
IH,iHuman Inc.,1.335,USD,67724545,USD,0.7547169811320762,-3.610108303249101,-10.402684563758392,-21.001242677081486,-27.00530373448521,-36.42857142857143,-53.96551724137931,-83.16519546027743,6.9567483064095885,Technology services,Internet software/Services,US45175B1098,0,0,22312862.4,China,7644.2770533333305,USD
DMA,Destra Multi-Alternative Fund,7.64,USD,67403557.28,USD,1.5957446808510654,-2.1766965428937253,-0.6501950585175644,2.412868632707771,-13.476783691959234,-16.043956043956044,-12.585812356979412,-36.333333333333336,,Miscellaneous,Investment trusts,US25065A5020,14.7606382978723,4,8963239,United States,139279.53504000002,USD
ZEPP,Zepp Health Corporation,4.65,USD,67089316.99999999,USD,1.7505470459518613,2.876106194690283,-14.678899082568805,-68.79194630872483,-73.62450368689733,-83.0539358600583,-81.31028938906752,-89.62979482604817,,Consumer durables,Other consumer specialties,US98945L2043,0,0,8475519.75,Netherlands,211681.22733333346,USD
CATO,Cato Corporation (The),3.3,USD,65864231.457725935,USD,-3.790087463556861,-1.7857142857142874,-0.6024096385542175,13.013698630136982,9.634551495016613,5.76923076923076,13.013698630136982,-80.34544371649791,673.469387755102,Retail trade,Apparel/Footwear retail,US1492051065,0,0,18195200,United States,313203.9563333334,USD
CANG,Cango Inc.,1.59,USD,65224930.31249999,USD,-0.6250000000000006,1.2738853503184724,-30.263157894736832,-72.35744089012518,-84.25742574257426,-89.03448275862068,-90.6470588235294,-90.6470588235294,,Distribution services,Wholesale distributors,KYG1820C1107,0,0,39322000,China,192597.70434999996,USD
VLT,Invesco High Income Trust II,10.0405,USD,65175341.2,USD,0.10468594217348355,1.5217391304347743,-4.285033365109633,-4.376190476190478,-9.21790235081375,-10.111906893464639,-9.463480613165014,-33.374253483742535,14.08402300462898,Miscellaneous,Investment trusts,US46131F1012,11.3898305084746,11,6498040,United States,251314.22229000006,USD
CRT,Cross Timbers Royalty Trust,10.12,USD,60719999.99999999,USD,-0.4916420845624455,-0.5893909626719106,12.195121951219509,-4.438149197356002,20.190023752969115,26.18453865336658,17.67441860465116,-12.758620689655178,18.915887850467286,Miscellaneous,Investment trusts,US22757R1095,5.20967551622419,34,6000000,United States,135497.72233333328,USD
BGSF,"BGSF, Inc.",5.66,USD,60663735.4893617,USD,0.35460992907802236,6.591337099811687,-0.7017543859649129,7.809523809523812,1.9819819819819877,23.311546840958613,-17.73255813953488,-56.39445300462249,,Commercial services,Personnel services,US05601C1053,0,0,10718000,United States,46198.46966666667,USD
GPMT,Granite Point Mortgage Trust Inc.,1.25,USD,59899530,USD,-16.666666666666664,-4.580152671755729,-14.96598639455782,-18.300653594771244,-39.90384615384615,-47.69874476987448,-51.36186770428015,-91.1473087818697,,Finance,Real estate investment trusts,US38741L1070,13.3333333333333,9,47919600,United States,231288.51466666666,USD
CCIF,Carlyle Credit Income Fund Shares of Beneficial Interest,2.8,USD,59144155.38,USD,0.35842293906809275,2.564102564102558,-0.7092198581560291,-16.4179104477612,-32.6923076923077,-40.67796610169492,-49.367088607594944,-73.9049394221808,,Miscellaneous,Investment trusts,US92535C1045,38.7096774193548,14,21198622,United States,269291.9249999999,USD
MXE,"Mexico Equity and Income Fund, Inc. (The)",13.16,USD,57906763.6,USD,0,0.9667024704618646,0.45801526717557633,-3.8018727933275294,-3.2352941176470553,6.5587044534413,22.077922077922086,8.223684210526315,2.674742383284893,Miscellaneous,Investment trusts,US5928341057,1.7758358662614,2,4400210,United States,42343.05383666665,USD
LITB,"LightInTheBox Holding Co., Ltd.",3.15,USD,57340900,USD,-0.6309148264984233,7.508532423208182,6.418918918918917,24.015748031496056,15.808823529411754,34.042553191489354,145.42267238021034,-57.661290322580655,6.136762127410871,Retail trade,Apparel/Footwear retail,US53225G2012,0,0,18088611.583333,Singapore,15786.371166666677,USD
PVL,Permianville Royalty Trust,1.71,USD,56430000.994186044,USD,-0.5813953488372098,1.183431952662723,6.211180124223593,-8.556149732620328,-5.0000000000000036,-5.524861878453043,-4.469273743016764,-0.7948018796774406,11.43048128342246,Miscellaneous,Investment trusts,US71425H1005,11.1627906976744,15,33000000,United States,108342.99366666666,USD
RSF,RiverNorth Capital and Income Fund,14.55,USD,55881571.2,USD,-0.06868131868131722,-0.13726835964309933,-0.2741603838245315,-0.5468215994531789,0.6537304140292624,1.182197496522948,-1.0876954452753238,-25.954198473282432,13.030628694250403,Miscellaneous,Investment trusts,US76882B1089,11.2417582417582,8,3838020,United States,157138.94058333337,USD
JMM,Nuveen Multi-Market Income Fund (MA),5.8,USD,55027350.19,USD,-0.26481411424838397,1.04529616724738,-1.528013582342952,0.17271157167529858,-5.691056910569115,-3.814262023217254,-9.797822706065316,-23.022814445167032,11.46925054380067,Miscellaneous,Investment trusts,US67075J1079,5.9841111531451,9,9462350,United States,34645.067599999995,USD
STEM,"Stem, Inc.",5.75,USD,51502481.3362069,USD,-0.8620689655172384,15.92741935483871,-25.130208333333332,-34.73325766174802,-53.137734311328444,-63.093709884467266,-51.558550968828975,-98.94340316060273,,Technology services,Packaged software,US85859N3008,0,0,8956950,United States,713745.0543333329,USD
VOC,VOC Energy Trust,2.98,USD,50660001.01016949,USD,1.0169491525423662,-2.2950819672131098,1.7064846416382191,-5.696202531645574,4.195804195804199,11.194029850746261,4.561403508771926,-26.237623762376238,6.7727272727272725,Miscellaneous,Investment trusts,US91829B1035,19.4915254237288,15,17000000,United States,410955.2918333334,USD
FMY,First Trust Mortgage Income Fund,11.4401,USD,48343866.752,USD,-0.30066407543619217,-0.7797051170858638,-2.4714407502131386,-4.026006711409401,-5.061410788381754,-5.920230263157903,-7.066612510154355,-17.160753077480095,16.252450632192073,Miscellaneous,Investment trusts,US33734E1038,6.97192058982448,9,4213120,United States,30249.873099999986,USD
GROV,"Grove Collaborative Holdings, Inc.",1.12,USD,47071441.729729734,USD,0.9009009009009016,0.9009009009009016,-5.882352941176458,-11.811023622047237,-25.333333333333325,0.9009009009009016,-17.037037037037035,-97.71195097037796,,Consumer non-durables,Household/Personal care,US39957D2018,0,0,42028100,United States,44383.50266666664,USD
CLPR,Clipper Realty Inc.,2.8,USD,45241185.64102564,USD,2.564102564102558,-2.439024390243912,-1.75438596491229,-9.385113268608416,-19.075144508670526,-27.835051546391753,-22.00557103064067,-66.7458432304038,,Finance,Real estate investment trusts,US18885T3068,13.9194139194139,9,16157599.999999998,United States,346908.94766666665,USD
TGE,The Generation Essentials Group,0.9299,USD,45063948.79927083,USD,-3.1354166666666683,9.01524032825322,-4.183311883886542,-7.930693069306936,-23.250247606470786,-10.586538461538469,-81.837890625,-90.6070707070707,,Finance,Financial conglomerates,KYG382681016,0,0,44175160,France,47718.98776999997,USD
STG,Sunlands Technology Group,3.5501,USD,42723658,USD,11.288401253918497,1.7220630372492784,-11.689054726368148,10.193376167861697,-25.657026783657567,-41.99183006535948,-59.657954545454544,-55.75510204081632,0.9267496802151043,Commercial services,Miscellaneous commercial services,US86740P2074,0,0,5076094,China,55724.60172333301,USD
SPRU,Spruce Power Holding Corporation,2.3,USD,42249393.84937238,USD,-3.7656903765690504,16.161616161616156,-6.504065040650413,-33.52601156069365,-53.2520325203252,-55.16569200779727,93.27731092436974,-95.83936324167873,,Utilities,Electric utilities,US9837FR2091,0,0,18369300,United States,71665.12300000004,USD
SQNS,Sequans Communications S.A.,2.79,USD,42092131,USD,1.0869565217391397,12.500000000000004,-13.622291021671824,-17.210682492581604,-13.622291021671824,-39.347826086956516,-79.48529411764704,-97.97459165154265,,Electronic technology,Semiconductors,US8173234050,0,0,15250772.02,France,206734.71366666674,USD
LFT,"Lument Finance Trust, Inc.",0.6777,USD,35538225.05817174,USD,4.293628808864254,-8.418918918918923,-28.474934036939317,-41.06956521739131,-49.42537313432837,-52.27464788732394,-69.74553571428572,-83.22524752475248,,Finance,Real estate investment trusts,US55025L1089,24.6229609110496,13,52439500,United States,360949.7454366667,USD
LFT/PA,"Lument Finance Trust, Inc. 7.875% Series A Cumulative Redeemable Preferred Stock",17.25,USD,34075164,USD,-0.7468440373306912,-1.4285714285714286,-5.47945205479452,-13.425345043914682,-17.700381679389317,-15.44117647058823,-19.916434540389968,-32.135241677223405,,Finance,Real estate investment trusts,US55025L2079,24.6229609110496,13,52439500,United States,33546.67221666666,USD
KTH,Structures Products Cp 8% CorTS Issued by Peco Energy Cap Tr II Preferred Stock,28.48,USD,28981260,USD,-0.28011204481792124,-0.10452546142027672,-0.9046624913013154,1.5691868758915881,-0.7665505226480797,-0.3153646644568959,-0.419580419580423,-14.551455145514545,,Finance,Finance/Rental/Leasing,US22080R2067,,,,United States,33970.96305333333,USD
PRT,PermRock Royalty Trust Trust,2.25,USD,27372898.636363633,USD,2.2727272727272645,4.651162790697679,-1.315789473684202,-15.730337078651683,-33.23442136498517,-17.883211678832122,-44.02985074626865,-64,7.497500833055649,Miscellaneous,Investment trusts,US7142541090,10.6822272727273,8,12165700,United States,77443.71333333335,USD
NYC,American Strategic Investment Co.,8.65,USD,25257004.118316274,USD,-1.5927189988623298,-11.099691675231243,-5.875952121871591,8.942065491183879,-4.419889502762435,3.09892729439809,-32.456702013024525,-91.65057915057913,,Finance,Real estate investment trusts,US6494393043,0,0,2919880,United States,576067.2323333333,USD
LOCL,Local Bounti Corporation,0.98,USD,22340344.504854366,USD,-4.854368932038839,-3.921568627450984,-25.75757575757576,-37.17948717948718,-54.418604651162795,-54.418604651162795,-62.30769230769231,-99.2360668314616,,Finance,Financial conglomerates,US53960E2054,0,0,22796300,United States,27466.46933333333,USD
OPAD,Offerpad Solutions Inc.,4.53,USD,21892353.078091107,USD,-1.7353579175705003,12.406947890818858,-20.1058201058201,-36.18819552049584,-50.21978021978022,-64.609375,-57.66355140186915,-99.6944882957151,,Technology services,Internet software/Services,US67623L5057,0,0,4832750,United States,276253.4063333333,USD
CCM,Concord Medical Services Holdings Limited,4.96,USD,21100774,USD,2.0576131687242727,21.86732186732186,12.217194570135748,-6.238185255198489,29.84293193717278,31.91489361702128,-7.289719626168219,-82.77777777777777,,Health services,Medical/Nursing services,US2062772049,0,0,2815457.9000000004,China,280757.2818333333,USD
AHT,Ashford Hospitality Trust Inc,3.24,USD,20983831,USD,0,0.9345794392523442,3.184713375796181,4.854368932038847,-3.39316596099946,-23.673113618695375,-47.90996784565915,-97.75312066574202,,Finance,Real estate investment trusts,US0441037944,0,0,6476490,United States,79793.84200000002,USD
AHT/PG,Ashford Hospitality Trust Inc 7.375% Series G Cumulative Preferred Stock,4.82,USD,20983831,USD,-5.118110236220468,-10.242085661080072,-9.906542056074755,-20.59308072487644,-57.90393013100436,-65.60827684623618,-72.26697353279631,-81.46153846153847,,Finance,Real estate investment trusts,US0441037035,0,0,6476490,United States,35463.78490666665,USD
AHT/PF,Ashford Hospitality Trust Inc 7.375% Series F Cumulative Preferred Stock,6.37,USD,20983831,USD,0.15723270440251236,0.473186119873821,-0.31298904538340494,-3.044140030441403,-36.3,-54.172661870503596,-56.87028586130785,-75.19470404984423,,Finance,Real estate investment trusts,US0441036045,0,0,6476490,United States,140692.14268000005,USD
AHT/PI,Ashford Hospitality Trust Inc 7.50% Series I Cumulative Preferred Stock,5.015,USD,20983831,USD,-0.9871668311944859,-4.4761904761904825,-6.14414313252111,-16.41666666666667,-53.05054438900175,-63.790613718411564,-63.92086330935253,-80.71153846153847,,Finance,Real estate investment trusts,US0441038850,0,0,6476490,United States,40539.80402666667,USD
AHT/PH,Ashford Hospitality Trust Inc 7.50% Series H Cumulative Preferred Stock,5.0872,USD,20983831,USD,0.438302073050341,-1.5634674922600615,-5.089552238805973,-15.213333333333331,-55.29701230228471,-65.1761999945237,-64.04805653710247,-80.54608030592733,,Finance,Real estate investment trusts,US0441038025,0,0,6476490,United States,31540.337359999998,USD
AHT/PD,Ashford Hospitality Trust Inc 8.45% Series D Cumulative Preferred Stock,5.1192,USD,20983831,USD,-9.0728241563055,-3.9549718574108796,-12.28989976869699,-26.868571428571425,-60.06864274570983,-73.26872265098744,-70.9795918367347,-80.34856046065259,,Finance,Real estate investment trusts,US0441034065,0,0,6476490,United States,32099.518299999996,USD
BHV,BlackRock Virginia Municipal Bond Trust,12.66,USD,19932412,USD,0.8764940239043778,0.47619047619048016,0.47619047619048016,12.934879571810876,18.317757009345804,19.659735349716446,22.31884057971015,-28.474576271186436,,Miscellaneous,Investment trusts,US0924811005,4.7808764940239,10,1588240,United States,75552.2715,USD
GWH,"ESS Tech, Inc.",0.6752,USD,19843566.722633746,USD,-7.379972565157746,-5.434173669467779,-23.27272727272727,-35.695238095238096,-53.75342465753424,-67.06341463414634,-65.37435897435897,-99.5485122032765,,Producer manufacturing,Electrical products,US26916J2050,0,0,29389200,United States,661973.7678166667,USD
CFND,C1 Fund Inc.,2.91,USD,19399998.372483224,USD,-2.3489932885905986,-7.619047619047612,-7.619047619047612,-16.857142857142854,-29.879518072289162,-41.13482350561343,-70.15384615384616,-70.15384615384616,,Miscellaneous,Investment trusts,US12673Q1031,,,,United States,98964.08100000003,USD
FEDU,Four Seasons Education (Cayman) Inc.,8.2,USD,18747318,USD,-1.0856453558504207,-5.3117782909930815,-18.570009930486606,-18.811881188118814,-9.890109890109894,-29.879769458363985,-39.75018368846437,-48.1668773704172,4.334954535842672,Consumer services,Other consumer services,US35101A3095,0,0,2261437.5999999996,China,15552.850306666669,USD
FENG,Phoenix New Media Limited,1.48,USD,17535733,USD,1.3698630136986314,2.7777777777777803,-5.128205128205132,-12.941176470588234,-16.853932584269664,-17.777777777777782,-32.426262441786136,-82.25064677204026,9.61038961038961,Technology services,Internet software/Services,US71910C2026,0,0,5399830.770833,China,8524.422666666667,USD
SST,"System1, Inc.",1.66,USD,16610205.047619047,USD,-1.1904761904761916,-5.142857142857147,-39.63636363636364,-56.315789473684205,-56.20052770448549,-58.5,-69.37269372693727,-98.31472081218274,,Technology services,Packaged software,US87200P2083,0,0,8217390,United States,172865.622,USD
EQS,"Equus Total Return, Inc.",1.16,USD,16480706.000000002,USD,-1.6949152542372898,-3.3333333333333366,-2.5210084033613467,3.5714285714285543,-12.121212121212132,-13.432835820895532,-22.66666666666667,-57.037037037037045,,Miscellaneous,Investment trusts,US2947661003,0,0,13966700,United States,13655.828703333325,USD
MOGU,MOGU Inc.,1.87,USD,16429018,USD,-6.965174129353219,-6.965174129353219,-10.096153846153845,-21.09704641350211,-22.083333333333325,-13.02325581395348,-19.047619047619044,-87.12636157658149,,Retail trade,Apparel/Footwear retail,US6080123085,0,0,7162861,China,28303.377613333338,USD
CNF,CNFinance Holdings Limited,2.26,USD,15979643,USD,-3.0042918454935745,10.784313725490184,-20.70175438596492,-20.70175438596492,-61.49914821124362,-62.458471760797345,-71.39240506329114,-94.6696856057926,,Finance,Finance/Rental/Leasing,US18979T2042,0,0,6858216.2,China,79011.90187,USD
NTZ,"Natuzzi, S.p.A.",1.34,USD,14759576,USD,0.7518796992481209,9.836065573770501,-27.173913043478258,-50.185873605947954,-53.472222222222214,-44.8559670781893,-54.26621160409556,-91.75384615384615,,Consumer durables,Home furnishings,US63905A2006,0,0,11014609,Italy,4521.560283333335,USD
SOS,SOS Limited,0.8,USD,14536255.628547737,USD,2.047324446712164,-13.978494623655914,-25.925925925925927,-29.20353982300884,-38.46153846153846,-43.661971830985905,-68.62745098039215,-99.96135265700482,,Technology services,Internet software/Services,KYG8274W1042,0,0,13235900,China,24618.233809999998,USD
PSQH,"PSQ Holdings, Inc.",4.25,USD,14304578.313253012,USD,2.4096385542168584,8.418367346938778,-40.97222222222222,-62.35273274869342,-59.523809523809526,-73.76543209876543,-86.24595469255664,-97.04861111111111,,Finance,Financial conglomerates,US6936912061,0,0,3365780,United States,448470.381183332,USD
MTR,Mesa Royalty Trust,2.86,USD,5329866.898245614,USD,0.3508771929824486,-3.3783783783783816,-6.535947712418307,-33.64269141531322,-37.826086956521735,-32.78495887191539,-50.43327556325823,-49.46996466431095,13.816425120772948,Miscellaneous,Investment trusts,US5906601068,6.17157894736842,45,1863590,United States,21564.503143333346,USD
ECCC,Eagle Point Credit Company 6.50% Series C Term Preferred Stock due 2031,24.8317,USD,,,-0.5136238526596647,-0.2342306147046972,-0.3143315937374496,2.610330578512406,1.644289807613597,-0.27429718875500864,4.922084946000317,-2.7732967893500304,,Miscellaneous,Investment trusts,US2698097035,,,,United States,50761.090679999936,USD
CDR/PB,"Cedar Realty Trust, Inc. 7.25% Series B Cumulative Redeemable Preferred Stock",18.33,USD,,,1.8338990772170847,6.384213580963423,-2.5518341307815016,-17.395223073456524,-0.4345464421510149,1.326699834162512,0.30205528925076747,-29.118329466357313,227.41935483870964,Finance,Real estate investment trusts,US1506024074,,0,13718169,United States,53234.48579666669,USD
GAB/PH,"Gabelli Equity Trust, Inc. (The) Pfd Ser H",19.64,USD,,,-0.10172939979653903,-0.6072874493927175,-1.2072434607645797,-3.2988675529295826,-6.028708133971283,-5.394990366088637,-5.5769230769230775,-23.341139734582356,21.26461671719359,Miscellaneous,Investment trusts,US3623978612,10.3257443082312,13,311197000,United States,158703.3413,USD
GUT/PC,Gabelli Utility Trust (The) 5.375% Series C Cumulative Preferred Shares,21.225,USD,,,0.094317377976907,0.5447655139744292,-2.726856095325384,-5.287817938420343,-5.4565701559019955,-4.735188509874325,-5.792276964047934,-18.9885496183206,41.61764705882353,Miscellaneous,Investment trusts,US36240A4085,9.43396226415094,18,89599600,United States,50063.33528666667,USD
GAB/PK,"Gabelli Equity Trust, Inc. (The) 5.00% Series K Cumulative Preferred Stock",19.8,USD,,,0.40517035917668814,-0.25188916876574663,-0.6522829904666282,-3.555772040915735,-6.161137440758296,-4.624277456647403,-5.217353840851321,-25.953904435660302,21.43785188393244,Miscellaneous,Investment trusts,US3623978463,10.3257443082312,13,311197000,United States,92213.9222366667,USD
GJR,"Synthetic Fixed-Income Securities, Inc. STRATS Trust for Procter&Gamble Securities, Series 2006-1",24.8,USD,,,-0.4016064257028027,-1.5482334259626858,1.6243505056630982,1.2244897959183703,-0.040306328093502666,0.24252223120453628,-0.040306328093502666,8.486439195100617,,Finance,Finance/Rental/Leasing,US8631212086,,,,United States,33127.771013333324,USD
PDT,John Hancock Premium Dividend Fund,12.65,USD,,,-0.4720692368214044,-2.0139426800929496,-2.391975308641979,-2.9163468917881734,-4.3116490166414545,-0.47206923682140434,-6.087602078693394,-25.806451612903228,,Miscellaneous,Investment trusts,US41013T1051,,,,United States,1552129.2376666663,USD
FINS,Angel Oak Financial Strategies Income Term Trust,12.52,USD,,,0.1599999999999966,0.4009623095428944,-3.0209140201394313,-2.6438569206842915,-5.722891566265059,-5.722891566265059,-4.208110175975522,-31.01928374655647,,Miscellaneous,Investment trusts,US03464A1007,,,,United States,557939.7756666668,USD
GGT/PG,Gabelli Multi-Media Trust Inc. (The) 5.125% Series G Cumulative Preferred Shares,20.03,USD,,,0.15000000000000568,-0.19930244145490358,-0.19930244145490358,-2.492454483497227,-5.881136756634838,-5.874060150375939,-9.078529278256921,-24.755822689706985,18.949858088930938,Miscellaneous,Investment trusts,US36239Q6044,21.2048192771084,16,49436900,United States,61257.894243333336,USD
FSCO,FS Credit Opportunities Corp.,4.97,USD,,,0.811359026369169,0,1.2219959266802365,-3.4951456310679725,-14.604810996563582,-21.360759493670894,-33.82157123834887,-0.600000000000005,,Miscellaneous,Investment trusts,US30290Y1010,,,,United States,4379805.171666666,USD
IDE,"Voya Infrastructure, Industrials and Materials Fund",13.02,USD,,,-0.4587155963302791,1.0085337470907603,-5.720492396813909,-4.615384615384621,-2.6178010471204165,5.510534846029171,9.319899244332488,0.9302325581395288,,Miscellaneous,Investment trusts,US92912X1019,,,,United States,500671.4556000001,USD
GJO,"Synthetic Fixed-Income Securities, Inc. on behalf of STRATS(SM) Trust for Wal-Mart Stores, Inc. Securities, Series 2004-",24.72,USD,,,0,-0.48309178743961756,-0.040436716538623386,0.20186297638445422,-0.3627569528415956,0.2026753141467254,-0.7228915662650591,3.865546218487387,,Finance,Finance/Rental/Leasing,US86312E2000,,,,United States,48219.800939999994,USD
NEE/PW,"NextEra Energy Capital Holdings Inc. Series Z Junior Subordinated Debentures due April 15, 2086",23.92,USD,,,-0.08354218880534492,-0.41631973355536167,-4.8528241845664235,-5.041683207622071,-3.5872632003224387,-3.5872632003224387,-3.5872632003224387,-3.5872632003224387,,Finance,Finance/Rental/Leasing,US65339K8291,,,,United States,1515601.4334066666,USD
AHL/PD,Aspen Insurance Holdings Limited 5.625% Perpetual Non-Cumulative Preference Shares,18.855,USD,,,-0.7631578947368399,-0.7631578947368398,-0.7109004739336389,-11.395676691729326,-5.34638554216868,-4.0946083418107815,-8.024390243902436,-33.37455830388693,8.493243243243242,Finance,Multi-line insurance,BMG053841620,,0,91838360,Bermuda,733188.8833333331,USD
EP/PC,El Paso Corporation Preferred Stock,50.57,USD,,,0.7370517928286802,0.516795865633071,-0.5506391347099334,0.3173973417972698,0.7370517928286802,2.472137791286725,3.309499489274765,0.03956478733927424,,Finance,Finance/Rental/Leasing,US2836782092,,0,,United States,293109.99265000015,USD
ATH/PE,"Athene Holding Ltd. Depositary Shares, Each Representing a 1/1,000th Interest in a 7.750% Fixed-Rate Reset Perpetual Non-Cumulative Preference Share, Series E",25.18,USD,,,0.19896538002387867,-0.07936507936507768,-0.03969829297340835,-1.4481409001956986,-2.7047913446676946,-2.32738557020947,-4.2585551330798515,-0.27722772277227836,,Finance,Life/Health insurance,US04686J5074,,0,203805,United States,772789.0236700001,USD
GDV/PK,The Gabelli Dividend & Income Trust 4.250% Series K Cumulative Preferred Shares,16.85,USD,,,0.29761904761905184,-2.1486643437862805,-3.769274700171331,-6.2847608453837545,-7.671232876712321,-7.008830022075053,-9.1644204851752,-33.21442726912405,3.5405110102538244,Miscellaneous,Investment trusts,US36242H8640,5.56660039761431,11,87446300,United States,137652.8683366667,USD
PTA,Cohen & Steers Tax-Advantaged Preferred Securities and Income Fund,18.97,USD,,,0.3703703703703719,1.6068559185859514,-2.1155830753353984,-4.433249370277091,-3.6077235772357765,-2.367472979927951,-6.181998021760633,-26.12928348909658,,Miscellaneous,Investment trusts,US19249X1081,,,,United States,2001511.3083333336,USD
ANG/PD,"American National Group Inc. Depositary Shares, each representing a 1/1000th interest in a share of 7.375% Fixed-Rate Non-Cumulative Preferred Stock, Series D",23.625,USD,,,-0.31645569620252867,-0.6518082422203579,-1.0678391959798954,-4.853000402738616,-6.026252983293558,-5.913978494623654,-6.9881889763779474,-4.390934844192638,,Finance,Multi-line insurance,US0256768591,,0,10000,United States,601748.8905,USD
OPP/PB,"RiverNorth/DoubleLine Strategic Opportunity Fund, Inc. 4.75% Series B Cumulative Preferred Stock",16.77,USD,,,-0.5332178719921239,-1.4694390749760564,-3.8417431192660647,-8.059210526315784,-11.269841269841265,-8.759521218715992,-8.059210526315784,-32.92,21.964636542239685,Miscellaneous,Investment trusts,US76882G4047,11.1203822409609,9,23809600,United States,149109.79815000005,USD
TRTN/PF,Triton International Limited 7.625% Series F Cumulative Redeemable Perpetual Preference Shares,24.25,USD,,,-0.7774140752864209,0.04125412541254771,-1.1011419249592151,-2.6104417670682674,-3.6168521462639114,-3.6551450139054493,-3.7316395394998065,-3,6.440903054448871,Finance,Finance/Rental/Leasing,BMG9078F1648,,0,101158891,Bermuda,208523.04905666664,USD
HFRO/PA,Highland Opportunities and Income Fund 5.375% Series A Cumulative Preferred Shares,16.3,USD,,,0,0.5552128315854402,-0.9720534629404626,-1.451027811366375,1.1793916821849864,2.5157232704402537,-0.9720534629404626,-36.55118723238614,,Miscellaneous,Investment trusts,US43010E5033,6.28571428571429,8,55406500,United States,184912.90476,USD
EIIA,Eagle Point Institutional Income Fund 8.125% Series A Term Preferred Shares Due 2029,25.28,USD,,,0.11881188118812332,0.23790642347344282,-0.6289308176100634,0.3572846367606187,0.39714058776807554,0.3772086559460092,0.39714058776807554,2.5141930251419344,,Miscellaneous,Investment trusts,US2698192075,,,,United States,162845.12169666667,USD
KTN,Structured Products Corp 8.205% CorTS 8.205% Corporate Backed Trust Securities (CorTS),25.5,USD,,,0.4332414336352872,0.35458620458954826,0.39370078740158043,-2.345245936796315,-1.8475750577367223,0,-2.036112178255863,-22.208663819402076,,Finance,Finance/Rental/Leasing,US22532R1014,,,,United States,53920.56114333333,USD
FSSL,FS Specialty Lending Fund,11.28,USD,,,0.4452359750667759,1.8050541516245424,1.4388489208633106,-4.325699745547072,-14.739229024943318,-19.943222143364093,-20.11331444759207,-20.11331444759207,,Miscellaneous,Investment trusts,US6443231070,,,,United States,3904079.927666667,USD
JOF,Japan Smaller Capitalization Fund Inc,12.27,USD,,,2.506265664160392,9.066666666666663,3.6317567567567544,5.5030094582974955,4.336734693877549,10.242587601078156,23.192771084337338,37.402015677491605,,Miscellaneous,Investment trusts,US47109U1043,,,,United States,1005308.6333333332,USD
ECC/PD,Eagle Point Credit Company 6.75% Series D Preferred Stock,18.31,USD,,,0.21893814997262806,0.3287671232876642,-1.1872638963842548,-3.121693121693121,-5.618556701030927,-7.897384305835012,-6.724401426388183,-25.1736820596649,,Miscellaneous,Investment trusts,US2698098025,,,,United States,179667.33993666669,USD
SPE/PC,"Special Opportunities Fund Inc. 2.75% Convertible Preferred Stock, Series C",24.8499,USD,,,0.3023208879919398,0.20120967741935863,0.0599959734246056,-0.6083513318934375,-0.37404984123929275,0.1003021148036349,1.4281632653061291,-2.549411764705876,,Miscellaneous,Investment trusts,US84741T4013,,,,United States,62320.94036333332,USD
OPP/PA,"RiverNorth/DoubleLine Strategic Opportunity Fund, Inc. 4.375% Series A Cumulative Preferred Stock",15.5593,USD,,,0.3178594455190237,-3.0271112496104786,-3.776747062461356,-6.718824940047958,-7.933136094674547,-8.150531286894928,-8.85002929115407,-37.638076152304606,20.378912901113296,Miscellaneous,Investment trusts,US76882G2066,11.1203822409609,9,23809600,United States,81286.37230333335,USD
ATH/PD,"Athene Holding Ltd. Depositary Shares, Each Representing a 1/1,000th Interest in a 4.875% Fixed-Rate Perpetual Non-Cumulative Preference Share, Series D",15.86,USD,,,-0.3142677561282257,-1.1215780647011513,-1.734820322180924,-5.482717520858174,-4.74474474474474,-7.413893753648567,-8.217592592592602,-39.396255254107764,,Finance,Life/Health insurance,US04686J4085,,0,203805,United States,716087.3793666668,USD
TRTN/PB,Triton International Limited 8.00% Series B Cumulative Redeemable Perpetual Preference Shares,25.41,USD,,,0.5540166204986172,0.8333333333333367,0.039370078740163635,-0.27472527472527586,-0.07864726700746981,0.5289540003877191,-1.2052877138413636,-9.893617021276592,6.749003984063745,Finance,Finance/Rental/Leasing,BMG9078F1317,,0,101158891,Bermuda,192668.80135999998,USD
DDT,Dillard's Capital Trust I,26.38,USD,,,0.1898974553741007,0.840978593272167,0.4569687738004472,0.918133129303743,0.6870229007633577,0.7639419404125259,1.3835511145272845,-0.452830188679249,,Finance,Finance/Rental/Leasing,US25406P2002,,,,United States,229328.15468666662,USD
PRIF/PL,"Priority Income Fund, Inc. 6.375% Series L Term Preferred Stock Due 2029",24.4,USD,,,-0.16366612111294065,0.618556701030922,0.04100041000409188,-0.48939641109298937,0.618556701030922,1.6666666666666607,0.8264462809917327,-0.7726718178121239,,Miscellaneous,Investment trusts,US74274W7561,,,,United States,37647.02547999999,USD
SPE,"Special Opportunities Fund, Inc",13.37,USD,,,0,1.5186028853454767,-1.4011799410029593,-7.281553398058257,-10.388739946380701,-9.784075573549265,-12.039473684210527,-13.23815704088255,,Miscellaneous,Investment trusts,US84741T1043,,,,United States,437674.10966666666,USD
GDV/PH,The Gabelli Dividend & Income Trust 5.375% Series H Cumulative Preferred Shares,21.25,USD,,,0.28977846577876315,-0.09402914903619922,-1.1627906976744187,-4.106498194945849,-6.716417910447766,-5.133928571428566,-8.759124087591237,-23.257493680028894,4.46503614052782,Miscellaneous,Investment trusts,US36242H8806,5.56660039761431,11,87446300,United States,88653.57878999999,USD
GJS,"Goldman Sachs Group Securities STRATS Trust for Goldman Sachs Group Securities, Series 2006-2",23.12,USD,,,-0.2588438308886916,-1.7006802721088374,-1.5332197614991459,-1.8259023354564743,-1.0273972602739658,-0.6446067898581804,0.9166302924487161,10.19966539720974,,Finance,Finance/Rental/Leasing,US86311R3012,,,,United States,39987.90235,USD
HGLB,Highland Global Allocation Fund,7.5,USD,,,-0.13315579227696123,5.042016806722693,-1.315789473684206,-8.759124087591248,-13.793103448275856,-16.851441241685137,-9.638554216867478,-21.21848739495798,,Miscellaneous,Investment trusts,US43010T1043,,,,United States,656577.1876666668,USD
TRTN/PA,Triton International Limited 8.50% Series A Cumulative Redeemable Perpetual Preference Shares,26.18,USD,,,0.4604758250191903,1.159196290571873,0.11472275334608466,0.6342494714587705,1.8280824581874713,1.9470404984423677,0.11472275334608466,-6.998223801065715,6.953519256308101,Finance,Finance/Rental/Leasing,BMG9078F1234,,0,101158891,Bermuda,80436.12270733334,USD
OAK/PA,"Brookfield Oaktree Holdings, LLC 6.625% Series A Preferred",20.96,USD,,,-1.201979731322173,0.09551098376313072,-1.3647058823529372,1.2071463061323031,-3.1866197996295504,-0.2379819133745869,-3.0253679345236173,-24.60431654676259,9.357142857142856,Finance,Investment managers,US6740013007,,0,118832320,United States,225385.2767133333,USD
PRIF/PD,"Priority Income Fund, Inc. 7.00% Series D Term Preferred Stock due 2029",24.525,USD,,,0.22435543786089945,0.020391517128870332,0.22476501838986399,-2.056709265175721,-1.3078470824949813,-2.8520499108734496,-0.020383204239716908,-5.673076923076929,,Miscellaneous,Investment trusts,US74274W4006,,,,United States,47881.16890999999,USD
CMS/PB,CMS Energy Corporation Preferred Stock,75.36,USD,,,-0.8421052631578954,0.27944111776446273,-3.3846153846153855,-5.823544113971503,-4.286652331679268,-5.764661748155557,-2.3834196891191755,-31.948708687014626,,Utilities,Alternative power generation,US2105183048,,,,United States,37578.07259000001,USD
ETI/P,"Entergy Texas Inc 5.375% Series A Preferred Stock, Cumulative, No Par Value",23.53,USD,,,-0.9263157894736794,0.042517006802727735,-3.049031726411201,-2.3651452282157686,-0.12733446519523595,0.3411513859275132,1.3350559862187867,-13.809523809523807,,Utilities,Electric utilities,US29365T3023,,,,United States,56859.93300333335,USD
HEQ,John Hancock Diversified Income Fund,11.495,USD,,,-0.21701388888889198,1.0105448154657155,0.1306620209059128,-0.13032145960035246,3.279424977538171,6.73166202414113,10,-13.506395786305493,,Miscellaneous,Investment trusts,US47804L1026,,,,United States,282272.0005,USD
ACP/PA,abrdn Income Credit Strategies Fund 5.250% Series A Perpetual Preferred Stock,19.51,USD,,,-0.28111423460260526,-0.7124681933842087,-0.5099439061703104,-1.8611670020120596,-5.74879227053139,-1.3151239251390896,-5.428986912263682,-27.228646027601634,,Miscellaneous,Investment trusts,US0030572053,,,,United States,51950.571826666666,USD
RIV/PA,"RiverNorth Opportunities Fund, Inc. 6.00% Series A Perpetual Preferred Stock",21.9,USD,,,-0.9945750452079676,-2.493321460374008,-1.859735603853922,-3.140203449800977,-5.76592082616179,-4.78260869565218,-4.031551270815082,-11.942098914354652,11.711229946524062,Miscellaneous,Investment trusts,US76881Y2081,13.4085453759723,7,21698405.11784,United States,112598.49130999998,USD
NCZ/PA,Virtus Convertible & Income Fund II 5.50% Series A Cumulative Preferred Shares,20.05,USD,,,-0.4468718967229387,0.0499001996008062,-1.0365251727541995,-0.39741679085940534,-3.652090341182115,-2.195121951219509,-3.6983669548511027,-23.531655225019062,6.182547024360161,Miscellaneous,Investment trusts,US92838U7028,9.14866581956798,10,19028938,United States,90742.54708666664,USD
FTHY,First Trust High Yield Opportunities 2027 Term Fund,13.5,USD,,,0,-0.515843773028742,-0.5891016200294557,0.29717682020801744,-3.9145907473309656,-3.777619387027793,-7.723855092276151,-33.49753694581281,,Miscellaneous,Investment trusts,US33741Q1076,,,,United States,1181770.2469999997,USD
SEAL/PA,Seapeak LLC 9.00% Series A Cumulative Redeemable Perpetual Preferred,25.7405,USD,,,0.9431372549019641,0.943137254901964,0.5488281249999977,0.5095665755564287,1.1017282010997642,1.380464749901537,-0.036893203883491946,1.1017282010997642,51.93805488297014,Industrial services,Oil & gas pipelines,MHY8564M1131,,0,87006000,Canada,122122.1327,USD
BMEZ,BlackRock Health Sciences Term Trust,15.71,USD,,,0.5761843790012909,1.6828478964401397,-0.12714558169103352,11.181882519462137,5.2243804420629685,3.902116402116413,12.778176597272083,-47.26418261161463,,Miscellaneous,Investment trusts,US09260E1055,,,,United States,2330334.7443333347,USD
CDR/PC,"Cedar Realty Trust, Inc. 6.50% Series C Cumulative Redeemable Preferred Stock",17.75,USD,,,3.7405026300409148,9.23076923076923,6.192043075082262,-15.956439393939398,-0.5602240896358622,4.105571847507327,9.062980030721976,-31.228206121658268,220.22332506203472,Finance,Real estate investment trusts,US1506025063,,0,13718169,United States,88608.15866666667,USD
AHL/PF,"Aspen Insurance Holdings Limited Depositary Shares, each representing a 1/1,000th Interest in a 7.00% Perpetual Non-Cumulative Preference Share",23.71,USD,,,-0.0421585160202277,-0.08428150021070195,0,-4.510672573499789,-3.1454248366013053,-4.798233286488657,-4.202020202020199,-4.136949525334365,10.68018018018018,Finance,Multi-line insurance,BMG053841703,,0,91838360,Bermuda,363553.67111333343,USD
ECCU,Eagle Point Credit Company 7.75% Notes due 2030,25.18,USD,,,-0.27722772277227836,0,0.1591089896579123,-0.43495452748121566,-0.8661417322834601,-0.2377179080824038,1.043338683788114,1.9846091535034363,,Miscellaneous,Investment trusts,US2698094149,,,,United States,79088.80623333332,USD
WDI,Western Asset Diversified Income Fund,13.06,USD,,,0,0.7716049382716021,-4.810495626822158,-6.110711718188352,-7.046263345195731,-5.087209302325577,-12.81708945260347,-35.53800592300099,,Miscellaneous,Investment trusts,US95790K1097,,,,United States,2532459.1183333336,USD
GJP,"Synthetic Fixed-Income Securities, Inc. on behalf of STRATS (SM) Trust for Dominion Resources, Inc. Securities, Series 2",24.72,USD,,,0,2.190988011575021,1.021659174499387,1.021659174499387,-0.12121212121212581,-0.36797749412566205,-0.7228915662650591,-0.32258064516129775,,Finance,Finance/Rental/Leasing,US78478P8894,,,,United States,35750.01243000001,USD
GAM/PB,"General American Investors Company, Inc. Cumulative Preferred Stock",24.86,USD,,,0.04024144869214491,0.2419354838709626,0.2419354838709626,-0.04020908725372562,-1.1137629276054142,-0.7980845969672757,0.12082158679017777,-8.602941176470589,,Miscellaneous,Investment trusts,US3688024013,0.678835420123699,19,23439900,United States,235473.1910933334,USD
IPB,"Merrill Lynch & Co., Inc. 6.0518% Index Plus Trust Certificates Series 2003-1",25.6,USD,,,0.9861932938856016,-0.9671179883945841,-0.19493177387913124,-2.1032504780114616,-0.3115264797507722,-0.6596818005432602,0.5498821681068364,-15.567282321899732,,Finance,Finance/Rental/Leasing,US45408V2034,,,,United States,26011.31238999999,USD
ATH/PA,"Athene Holding Ltd. Depositary Shares, Each Representing a 1/1,000th Interest in a 6.35% Fixed-to-Floating Rate Perpetual Non-Cumulative Preference Share, Serie",23.805,USD,,,-0.14681208053691333,-0.10490977759126555,-2.0773344302756027,-2.9951100244498754,-2.7970600244997907,-3.388798701298705,-5.083732057416262,-20.25125628140704,,Finance,Life/Health insurance,US04686J8615,,0,203805,United States,1407902.1075399998,USD
OAK/PB,"Brookfield Oaktree Holdings, LLC 6.550% Series B Preferred",20.75,USD,,,-1.1904761904761905,0,-1.658767772511855,-0.4318618042226481,-4.772831574116563,-0.6701771182383943,-2.8558052434456904,-26.261549395877754,9.263392857142856,Finance,Investment managers,US6740014096,,0,118832320,United States,275421.64613666665,USD
CTA/PA,"EIDP, Inc. Preferred Stock $3.50 Series",53.35,USD,,,-0.5589945181631297,0.8125472411186692,0.6603773584905687,-1.568265682656829,-1.9841998897666697,-1.3854102163605904,-2.6459854014598463,-42.60966287614337,,Process industries,Chemicals: agricultural,US2635342080,,0,200,United States,45583.456893333336,USD
NPFD,Nuveen Variable Rate Preferred & Income Fund,18.43,USD,,,0.5455537370431066,1.5426997245179128,-1.3911182450508377,-4.7052740434333,-6.399187404774004,-3.203781512605039,-5.292908530318608,-26.28,,Miscellaneous,Investment trusts,US67080R1023,,,,United States,1144759.4336666665,USD
CFTR/PA,"Cantor Fitzgerald Income Trust, Inc. 9.50% Series A Cumulative Redeemable Preferred Stock",25.8,USD,,,0.3110419906687475,2.8708133971291963,-1.3006885998469773,3.8229376257545242,6.39175257731959,6.39175257731959,6.39175257731959,6.39175257731959,,Miscellaneous,Investment trusts,US1386158026,,,,United States,116982.72932333333,USD
SCE/PL,SCE TRUST VI,16.62,USD,,,-0.7761194029850687,-1.8890200708382543,-2.0047169811320744,-7.666666666666661,-10.016242555495387,-4.15224913494809,-2.062463170300518,-33.70562425209413,,Finance,Finance/Rental/Leasing,US78410V2007,,,,United States,1519658.1261666666,USD
SDHY,PGIM Short Duration High Yield Opportunities Fund,16.1,USD,,,-0.4944375772558609,0.7509386733416833,-1.4084507042253331,0.24906600249067687,-3.8231780167263865,-2.8364514182257023,-4.109589041095877,-17.21684045988358,,Miscellaneous,Investment trusts,US69355J1043,,,,United States,897349.8666666665,USD
TRTN/PC,Triton International Limited 7.375% Series C Cumulative Redeemable Perpetual Preference Shares,24.65,USD,,,-0.24281667341158344,0.20325203252031362,-0.20242914979757373,-2.1825396825396854,-1.4630636392708654,-1.9880715705765408,0,-10.55878084179971,6.547144754316069,Finance,Finance/Rental/Leasing,BMG9078F1499,,0,101158891,Bermuda,230470.65654333335,USD
PAXS,PIMCO Access Income Fund,14.27,USD,,,0.14035087719297948,1.8558172733761584,-3.254237288135596,-2.9251700680272092,-8.876117496807156,-7.156798959011059,-9.050350541746335,-28.65,,Miscellaneous,Investment trusts,US72203T1007,,,,United States,2372099.773666667,USD
ELC,"Entergy Louisiana, Inc. Collateral Trust Mortgage Bonds, 4.875 % Series due September 1, 2066",19.89,USD,,,-0.3507014028056126,-0.2507522567703145,-0.7980049875311728,-2.9282576866764174,-4.650047938638537,-3.2587548638132207,-6.444026340545631,-21.383399209486164,,Utilities,Electric utilities,US29364W1080,,,,United States,428954.2045,USD
PRIF/PK,"Priority Income Fund, Inc. 7.000% Series K Cumulative Preferred Stock",21.82,USD,,,-0.3197807217907733,0,-0.6827492034592562,-2.892745883400083,2.0102851799906483,-0.6375227686703122,-7.1090128097607845,-11.156351791530938,,Miscellaneous,Investment trusts,US74274W7645,,,,United States,30688.579670000017,USD
EICA,Eagle Point Income Company Inc. 5.00% Series A Term Preferred Stock due 2026,24.9999,USD,,,0.15985576923076675,0.20000000000000379,0.2803850782190153,0.07966373098478706,0.6842529198550219,1.4194726166328668,1.9571778140293665,1.625609756097556,,Miscellaneous,Investment trusts,US2698172010,14.4723618090452,7,23043800,United States,62535.07898999999,USD
GJH,Synthetic Fixed-Income Securities Inc 6.375% (STRATS) Cl A-1,9.35,USD,,,-0.5319148936170288,-0.4259850905218415,-1.5789473684210564,-3.2091097308488665,-2.604166666666667,-3.608247422680409,-0.6376195536663177,-11.875589066918,,Finance,Finance/Rental/Leasing,US86311Q2049,,,,United States,22997.19639,USD
CCID,Carlyle Credit Income Fund 7.375% Series D Term Preferred Shares due 2028,25.36,USD,,,0.6349206349206356,0.5830325625669236,0.6349206349206356,0.2371541501976234,1.0358565737051713,0.43564356435643337,1.6322882894436246,1.6322882894436246,,Miscellaneous,Investment trusts,US92535C6093,,,,United States,67481.79625333333,USD
PYT,PPlus Tr GSC-2 Tr Ctf Fltg Rate,23.61,USD,,,0.553662691652466,-0.42176296921130924,0.2973661852166537,1.3304721030042863,-0.4637436762225946,1.679586563307496,3.552631578947363,-2.0331950207468963,,Finance,Finance/Rental/Leasing,US73941X6849,,,,United States,46283.847790000014,USD
BPRE,Bluerock Private Real Estate Fund,12.77,USD,,,-4.630321135175511,5.363036303630365,-0.6225680933852146,-20.7324643078833,-22.79322853688029,-15.986842105263158,-8.785714285714288,-8.785714285714288,,Miscellaneous,Investment trusts,US09631P1021,,,,United States,12607278.23333333,USD
SCE/PM,SCE Trust VII 7.50% Trust Preference Securities,23.835,USD,,,0.27345393352966463,-0.6046705587989973,-1.3043478260869472,-4.161640530759952,-4.888268156424573,-5.715981012658228,1.6417910447761261,-5.603960396039601,,Finance,Finance/Rental/Leasing,US7838922018,,,,United States,2048982.7837833331,USD
SCE/PN,SCE Trust VIII 6.95% Trust Preference Securities,23.045,USD,,,0.1086012163336322,-0.23809523809523686,-0.23809523809523686,-3.738512949039263,-6.1685667752442885,-3.939141308878686,2.4222222222222296,-8.913043478260866,,Finance,Finance/Rental/Leasing,US80620A2087,,,,United States,697543.3208333333,USD
NPCT,Nuveen Core Plus Impact Fund,9.77,USD,,,-0.20429009193053704,0.3080082135523548,-2.689243027888442,-7.217473884140548,-6.417624521072797,-4.0275049115913575,-11.020036429872503,-50.631632137443155,,Miscellaneous,Investment trusts,US67080D1037,,,,United States,1207927.8893333336,USD
GJT,"Synthetic Fixed-Income Securities, Inc. Floating Rate Structured Repackaged Asset-Backed Trust Securities Certificates",23.55,USD,,,0,-0.5069708491761765,1.4168209810085726,2.39130434782609,1.3775290572535526,1.2467755803955252,3.5164835164835195,12.249761677788369,,Finance,Finance/Rental/Leasing,US86310N2027,,,,United States,54551.762766666674,USD
HFRO/PB,Highland Opportunities and Income Fund 5.375% Series B Cumulative Preferred Shares,16.26,USD,,,0.18484288354899037,-0.6112469437652681,-0.06146281499691463,-1.454545454545445,1.3084112149532763,1.3084112149532763,-0.5504587155963293,-4.352941176470579,,Miscellaneous,Investment trusts,US43010E6023,6.28571428571429,8,55406500,United States,214764.41153000007,USD
SEAL/PB,Seapeak LLC 8.50% Series B Fixed-to-Floating Rate Cumulative Redeemable Perpetual Preferred,25.7,USD,,,0.5477308294209725,1.1811023622047272,1.1811023622047272,0.46911649726349103,-0.7338740826574016,1.4206787687450648,0.20469831367579075,-5.166051660516613,51.85633575464084,Industrial services,Oil & gas pipelines,MHY8564M2048,,0,87006000,Canada,198915.1323033334,USD
GAB/PG,"Gabelli Equity Trust, Inc. (The) Series G Cumulative Preferred Stock",19.75,USD,,,-0.20212228398180468,-0.2525252525252561,-1.1016524787180715,-2.7093596059113336,-5.0485334205124035,-5.5023923444976015,-4.669965005430197,-23.419930205506006,21.38371589432655,Miscellaneous,Investment trusts,US3623971765,10.3257443082312,13,311197000,United States,75767.92437000004,USD
GUG,Guggenheim Active Allocation Fund,15.46,USD,,,0.3896103896103928,0.7166123778501707,-2.8284098051539868,-2.7672955974842735,-1.9657577679137523,0.2594033722438452,0.9797517962116287,-22.699999999999996,,Miscellaneous,Investment trusts,US40170T1060,,,,United States,1422686.3476666661,USD
BTX,BlackRock Technology and Private Equity Term Trust,8.41,USD,,,-1.291079812206566,8.656330749354005,-2.5492468134414903,3.3169533169533114,32.232704402515715,26.276276276276274,13.189771197846575,-56.71641791044776,,Miscellaneous,Investment trusts,US09260Q1085,,,,United States,5772149.511000002,USD
CTA/PB,"EIDP, Inc. Preferred Stock $4.50 Series",65.35,USD,,,-0.0611714329408262,0.06124636349715517,-2.0377937741907557,-5.1523947750363,-3.7838633686690333,-3.1995259961487346,-6.274650412334171,-42.029628315443986,,Process industries,Chemicals: agricultural,US2635343070,,0,200,United States,202697.25946666667,USD
SPMA,"Sound Point Meridian Capital, Inc. 8.00% Series A Preferred Shares Due 2029",25.06,USD,,,0.13986013986014045,0.23999999999999488,0.11985617259287888,-0.23885350318472243,-0.8702531645569715,-0.4765687053216878,-0.2785515320334273,1.375404530744336,,Miscellaneous,Investment trusts,US83617A2078,27.1946564885496,2,20537140,United States,87979.21982000001,USD
ATH/PB,"Athene Holding Ltd. Depositary Shares, Each Representing a 1/1,000th Interest in a 5.625% Fixed Rate Perpetual Non- Cumulative Preference Share, Series B, par v",18.31,USD,,,-0.5971769815418185,-0.8125677139761762,-2.813163481953297,-6.91408235892223,-7.1029934043632785,-9.13151364764268,-9.086395233366444,-33.57205309882201,,Finance,Life/Health insurance,US04686J2006,,0,203805,United States,490944.2067466666,USD
TRTN/PG,Triton International Limited 7.500% Series G Cumulative Redeemable Perpetual Preference Shares,23.62,USD,,,-0.12684989429174456,0.14839940640237498,0.25424340304159365,-3.5918367346938735,-5.519999999999995,-4.719645018152473,-4.719645018152473,-4.719645018152473,6.273572377158034,Finance,Finance/Rental/Leasing,BMG9078F3057,,0,101158891,Bermuda,450420.50931666675,USD
TY/P,Tri Continental Corporation Preferred Stock,41.79,USD,,,-0.5710206995003616,0.5858481801158246,-0.8776091081593868,-4.65434633812457,-5.022727272727274,-4.54545454545455,-5.878378378378377,-27.948275862068964,8.734455010972933,Miscellaneous,Investment trusts,US8954362021,3.09859550561798,8,53233400,United States,76390.64117333332,USD
GNT/PA,"GAMCO Natural Resources, Gold & Income Tust 5.20% Series A Cumulative Preferred Shares (Liquidation Preference $25.00 per share)",20.1,USD,,,-0.12372732286867916,-0.34705007436787444,-1.1318193220889232,-2.380270129819662,-5.099150141643052,-4.3767840152235875,-5.942910622367803,-22.51349267540478,7.206884187880961,Miscellaneous,Investment trusts,US36465E2000,6.10778443113773,15,16708600,United States,41918.83261999999,USD
GLOP/PA,GasLog Partners LP 8.625% Series A Cumulative Redeemable Perpetual Fixed to Floating Rate Preference,25.6399,USD,,,0.5092120736965865,0.9047619047619073,0.0386266094420671,0.07767369242779003,-0.6205426356589143,-0.23385214007781513,-1.3470565602154585,1.7860262008733605,,Industrial services,Oil & gas pipelines,MHY2687W1167,,0,16036601.999999998,Greece,80871.51377,USD
BEPH,Brookfield BRP Holdings (Canada) Inc. 4.625% Perpetual Subordinated Notes,15.08,USD,,,-0.26455026455025893,-0.132450331125825,2.724795640326978,1.2080536912751658,0.19933554817275323,-2.0779220779220795,-3.457106274007677,-40.48934490923441,,Finance,Real estate development,US11259P1093,,,,Canada,589684.1471633334,USD
MCI,Barings Corporate Investors,16.69,USD,,,1.7062766605728283,-1.0669828097213971,-4.57404230989135,-3.8594470046082843,-17.90457452041317,-8.397365532381986,-18.466047874938926,9.299279633267856,,Finance,Investment managers,US06759X1072,,,,United States,456066.12296666676,USD
TRTN/PE,Triton International Limited 5.75% Series E Cumulative Redeemable Perpetual Preference Shares,18.7757,USD,,,-0.288369622942102,0.13706666666666933,1.1621767241379406,-4.058763413387838,-6.355610972568579,-3.1181630546955548,-4.836796756208819,-25.047105788423156,4.986905710491368,Finance,Finance/Rental/Leasing,BMG9078F1564,,0,101158891,Bermuda,212736.33452666661,USD
PDX,PIMCO Dynamic Income Strategy Fund,21.6,USD,,,0.6993006993007093,2.8081865778200847,2.857142857142864,2.857142857142864,8.000000000000007,13.564668769716098,-12.69199676637024,88.48167539267016,,Miscellaneous,Investment trusts,US69346N1072,,,,United States,1953000.6043333334,USD
MHNC,"Maiden Holdings North America, Ltd. 7.75% Notes due 2043",12.008,USD,,,0.06666666666665932,5.333333333333322,2.632478632478631,-10.186985789080031,-23.61323155216286,-24.239747634069403,-30.66974595842957,-49.75732217573222,,Finance,Life/Health insurance,US56029Q4082,,,,United States,66758.66351333333,USD
GGT/PE,Gabelli Multi-Media Trust Inc. (The) 5.125% Series E Cumulative Preferred Stock,20.0001,USD,,,-0.7064699340694196,-0.14927608587120003,-2.414735301293004,-1.7194103194103274,-6.585240541802897,-5.302556818181824,-10.51409395973155,-23.01732101616628,18.921570482497636,Miscellaneous,Investment trusts,US36239Q5053,21.2048192771084,16,49436900,United States,51437.34384666666,USD
NCV/PA,Virtus Convertible & Income Fund 5.625% Series A Cumulative Preferred Shares,20.52,USD,,,0.09756097560975402,0.14641288433382693,-0.5582693649686047,-1.3461538461538516,-3.616721465476748,-4.022450888681008,-5.546605293440745,-22.447807223087267,5.905035971223021,Miscellaneous,Investment trusts,US92838X7066,9.49941792782305,4,22593391,United States,112468.58413666666,USD
NBXG,Neuberger Next Generation Connectivity Fund Inc.,15.04,USD,,,-1.1826544021025065,4.808362369337975,-6.873065015479873,-1.6350555918901244,13.167795334838225,2.802460697197528,3.367697594501707,-25.7283950617284,,Miscellaneous,Investment trusts,US64133Q1085,,,,United States,3929773.188666667,USD
BEPI,Brookfield BRP Holdings (Canada) Inc. 4.875% Perpetual Subordinated Notes,16.065,USD,,,-0.5263157894736675,-0.15537600994405582,3.8461538461538503,3.311897106109328,-0.09328358208953369,-0.833333333333321,-3.629274145170968,-35.61122244488977,,Finance,Real estate development,US11259P2083,,,,Canada,651029.2356066667,USD
RMMZ,"RiverNorth Managed Duration Municipal Income Fund II, Inc.",14.7106,USD,,,-0.4358714043993293,-0.19945725915875684,-2.578807947019869,-1.798397863818431,-3.0922266139657464,0.8957475994512989,3.9119009945750376,-26.077386934673367,,Miscellaneous,Investment trusts,US76882M1045,,,,United States,211343.44005000003,USD
DLY,DoubleLine Yield Opportunities Fund,14.07,USD,,,0.14234875444839554,1.661849710982662,0,-1.054852320675108,-5.252525252525249,-3.827751196172252,-8.873056994818647,-29.367469879518076,,Miscellaneous,Investment trusts,US25862D1054,,,,United States,2427025.9486666666,USD
ECAT,BlackRock ESG Capital Allocation Term Trust,15.52,USD,,,0.12903225806451338,4.021447721179622,-1.8342820999367546,2.5099075297225824,2.3071852340145,-0.19292604501608449,-5.3658536585365795,-22.400000000000002,,Miscellaneous,Investment trusts,US09262F1003,,,,United States,7718324.509333333,USD
EFR,Eaton Vance Senior Floating-Rate Fund,10.68,USD,,,0.09372071227741131,0.7547169811320762,0.564971751412434,1.136363636363629,-3.173164097914775,-4.64285714285714,-9.106382978723406,-24.147727272727277,,Miscellaneous,Investment trusts,US27828Q1058,,,,United States,1104279.8553333331,USD
ASGI,abrdn Global Infrastructure Income Fund,23.86,USD,,,-0.41736227045075713,1.9222554463904284,3.6940460669274136,-2.0123203285421023,1.9222554463904284,5.903240124278732,11.808809746954074,13.727359389895133,,Miscellaneous,Investment trusts,US00326W1062,,,,United States,4565491.321999999,USD
GLOP/PC,GasLog Partners LP 8.500% Series C Cumulative Redeemable Perpetual Fixed to Floating Rate Preference,25.6,USD,,,-0.4859086491739553,-0.03904724716906681,0.589390962671914,-0.3503308680420391,0,0.5498821681068364,-1.538461538461533,2.64635124298316,,Industrial services,Oil & gas pipelines,MHY2687W1324,,0,16036601.999999998,Greece,29501.22972,USD
GLOP/PB,GasLog Partners LP 8.200% Series B Cumulative Redeemable Perpetual Fixed to Floating Rate Preference,25.92,USD,,,0.07722007722008929,0.07722007722008929,-0.9552923194497516,0.6601941747572881,1.0526315789473806,1.0526315789473806,-1.448614121136066,8.315921437526127,,Industrial services,Oil & gas pipelines,MHY2687W1241,,0,16036601.999999998,Greece,49892.64420333333,USD
AHL/PE,"Aspen Insurance Holdings Limited Depositary Shares, each representing a 1/1000th interest in a share of 5.625% Perpetual Non-Cumulative Preference Shares",18.78,USD,,,-0.47694753577106436,0.3741314804917172,-1.3655462184873846,-10.315186246418337,-4.670050761421311,-5.675539929683571,-8.031341821743391,-31.158357771260995,8.45945945945946,Finance,Multi-line insurance,BMG053842040,,0,91838360,Bermuda,406531.14411666675,USD
RLTY,Cohen & Steers Real Estate Opportunities and Income Fund,15.76,USD,,,-0.37926675094817003,-2.6559604694255805,-1.0671688637790329,-0.5678233438485796,4.301786896095303,7.210884353741501,1.2853470437017949,-21.2,,Miscellaneous,Investment trusts,US19249Q1031,,,,United States,1066314.4450000003,USD
SPME,"Sound Point Meridian Capital, Inc. 7.875% Series B Preferred Shares due 2030",25.18,USD,,,-0.03969829297340835,-0.2377179080824038,-0.041682380262402084,0.11928429423459697,-0.31670625494854254,-0.27722772277227836,0.4387714399680871,0.9218436873747512,,Miscellaneous,Investment trusts,US83617A3068,27.1946564885496,2,20537140,United States,41451.00583666667,USD
TRTN/PD,Triton International Limited 6.875% Series D Cumulative Redeemable Perpetual Preference Shares,22.73,USD,,,0.13215859030837504,1.0222222222222241,-0.742358078602612,-3.5229202037351373,-4.6560402684563735,-1.8990073370738076,-1.8990073370738076,-16.372332597498158,6.037184594953519,Finance,Finance/Rental/Leasing,BMG9078F2067,,0,101158891,Bermuda,161746.94975333332,USD