Symbol,Description,"Open, 1 day","Open, 1 day - Currency","High, 1 day","High, 1 day - Currency","Low, 1 day","Low, 1 day - Currency",Price,Price - Currency,"Volume, 1 day"
VOO,Vanguard S&P 500 ETF,704.58,USD,707.2,USD,700.56,USD,700.86,USD,9876125
IVV,iShares Core S&P 500 ETF,769.82,USD,772.78,USD,765.5,USD,765.85,USD,7139263
SPY,SPDR S&P 500 ETF TRUST,766.45,USD,769.41,USD,762.18,USD,762.63,USD,62110041
VTI,Vanguard Morningstar Total Stock Market ETF,376.31,USD,377.685,USD,374.19,USD,374.24,USD,4450586
QQQ,"Invesco QQQ Trust, Series 1",740.19,USD,745.1,USD,739.46,USD,739.77,USD,29820353
VEA,Vanguard FTSE Developed Markets ETF,71.38,USD,71.3844,USD,70.556088,USD,70.61,USD,11431297
VUG,Vanguard Morningstar Growth ETF,90.225,USD,91.005,USD,90.06,USD,90.11,USD,7444895
IEFA,iShares Core MSCI EAFE ETF,97.93,USD,97.949,USD,96.815,USD,96.88,USD,27255317
VTV,Vanguard Morningstar Value ETF,218.23,USD,218.23,USD,216.03,USD,216.08,USD,4173608
SPYM,State Street SPDR Portfolio S&P 500 ETF,90.21,USD,90.55,USD,89.71,USD,89.76,USD,18172445
VXUS,Vanguard Total International Stock ETF,85.72,USD,85.75,USD,84.89,USD,84.96,USD,4727911
BND,Vanguard Total Bond Market ETF,69.901498,USD,69.901498,USD,69.901498,USD,69.901498,USD,8941
IEMG,iShares Core MSCI Emerging Markets ETF,81.56,USD,81.645,USD,80.99,USD,81.16,USD,19214822
CSTNL,IShares VII PLC,829.1254,USD,835.5679,USD,824.5127,USD,824.5343,USD,10242
VGT,Vanguard Information Tech ETF,125.52,USD,126.6499,USD,125.41,USD,125.67,USD,4271489
IRRRF,Ishares III Plc,147.0033,USD,147.0033,USD,146.9941,USD,147,USD,2649
GLD,SPDR Gold Shares,384.39,USD,384.59,USD,380.18,USD,380.84,USD,7016183
AGG,iShares Core U.S. Aggregate Bond ETF,94.74,USD,94.75,USD,94.35,USD,94.54,USD,17334021
IWF,iShares Russell 1000 Growth Fund,125.84,USD,126.51,USD,125.23,USD,125.26,USD,3861191
XLK,State Street Technology Select Sector SPDR ETF,195.47,USD,197.06,USD,195.26,USD,195.75,USD,9114202
VWO,Vanguard FTSE Emerging Markets ETF,59.515,USD,59.57,USD,59.235,USD,59.31,USD,8804291
IJH,iShares Core S&P Mid-Cap ETF,72.57,USD,72.59,USD,71.95,USD,71.95,USD,9601767
SGOV,iShares 0-3 Month Treasury Bond ETF,100.68,USD,100.69,USD,100.68,USD,100.68,USD,31213669
VIG,Vanguard Div Appreciation ETF,235.63,USD,235.63,USD,233.18,USD,233.31,USD,1617762
QQQM,Invesco NASDAQ 100 ETF,304.655,USD,306.77,USD,304.5,USD,304.64,USD,2943678
SCHD,Schwab US Dividend Equity ETF,32.97,USD,32.97,USD,32.53,USD,32.53,USD,21092631
VO,Vanguard Morningstar Mid-Cap ETF,79.37,USD,79.38,USD,78.42,USD,78.42,USD,3050434
IJR,iShares Core S&P Small-Cap ETF,137.44,USD,137.44,USD,136.01,USD,136.04,USD,5277982
ITOT,iShares Core S&P Total U.S. Stock Market ETF,167.12,USD,167.74,USD,166.215,USD,166.28,USD,1620740
RSP,Invesco S&P 500 Equal Weight ETF,209.9,USD,210.0189,USD,207.97,USD,208.02,USD,7361241
BNDX,Vanguard Total International Bond ETF,46.756,USD,46.756,USD,46.756,USD,46.756,USD,1134
VT,Vanguard Total World Stock Index ETF,158.825,USD,159.16,USD,157.83,USD,157.85,USD,5849308
IWD,iShares Russell 1000 Value ETF,249.57,USD,250.19,USD,247.92,USD,247.93,USD,3266388
VYM,Vanguard High Dividend Yield ETF,156.75,USD,157.03,USD,155.18,USD,155.2,USD,1134900
IWM,iShares Russell 2000 Index Fund,280.17,USD,280.475,USD,277.86,USD,277.89,USD,21123765
IVW,iShares S&P 500 Growth ETF,142.9,USD,143.7,USD,142.18,USD,142.26,USD,1715359
EFA,iShares MSCI EAFE ETF,104.9,USD,104.95,USD,103.78,USD,103.89,USD,37067499
VB,Vanguard Morningstar Small-Cap ETF,287.3,USD,287.38,USD,284.48,USD,284.49,USD,531971
SMH,VanEck Semiconductor ETF,609.76,USD,611.9499,USD,606.01,USD,609,USD,4423627
SCHX,Schwab U.S. Large-Cap ETF,30.16,USD,30.28,USD,30,USD,30,USD,16641258
VEU,Vanguard FTSE All World Ex US ETF,83.71,USD,83.71,USD,82.9,USD,82.97,USD,2971480
SCHF,Schwab International Equity ETF,27.7,USD,27.74,USD,27.405,USD,27.47,USD,13256503
VCIT,Vanguard Intermediate-Term Corporate Bond ETF,78.53,USD,78.54,USD,78.2,USD,78.31,USD,14836169
SCHG,Schwab U.S. Large-Cap Growth ETF,36.04,USD,36.3,USD,35.91,USD,35.93,USD,8001963
IAU,iShares Gold Trust Shares,78.8,USD,78.85,USD,77.955,USD,78.1,USD,3889374
VFAWF,Vanguard Funds PLC,192.45,USD,192.45,USD,192.45,USD,192.45,USD,1065
IXUS,iShares Core MSCI Total International Stock ETF,95.89,USD,95.89,USD,94.94,USD,94.99,USD,4946220
SPYG,State Street SPDR Portfolio S&P 500 Growth ETF,123.71,USD,124.415,USD,123.08,USD,123.08,USD,2021666
IWR,iShares Russell Mid-Cap ETF,107.66,USD,107.66,USD,106.69,USD,106.71,USD,1118919
VV,Vanguard Morningstar Large-Cap ETF,353.73,USD,354.93,USD,351.735,USD,351.85,USD,306900
VNGDF,Vanguard Funds PLC,146.3974,USD,146.3974,USD,146.2667,USD,146.2667,USD,1515
XLF,State Street Financial Select Sector SPDR ETF,53.99,USD,54.025,USD,53.37,USD,53.4,USD,55811660
BIL,State Street SPDR Bloomberg 1-3 Month T-Bill ETF,91.64,USD,91.65,USD,91.64,USD,91.64,USD,18277474
IWB,iShares Russell 1000 ETF,418.5,USD,419.82,USD,416,USD,416.13,USD,739572
DFAC,Dimensional U.S. Core Equity 2 ETF,44.76,USD,44.87,USD,44.45,USD,44.45,USD,2405920
VTEB,Vanguard Tax-Exempt Bond ETF,47.19,USD,47.4799,USD,47.185,USD,47.36,USD,49274742
IVE,iShares S&P 500 Value ETF,229.59,USD,230.24,USD,228.17,USD,228.28,USD,863913
SOXX,iShares PHLX SOX Semiconductor Sector Index Fund,568.725,USD,572.32,USD,564.01,USD,568.64,USD,4481465
IUSB,iShares Core Universal USD Bond ETF,43.935566,USD,43.935566,USD,43.935566,USD,43.935566,USD,451
QUAL,iShares MSCI USA Quality Factor ETF,223.55,USD,224.361,USD,222.24,USD,222.24,USD,1545084
VONG,Vanguard Russell 1000 Growth ETF,129.32,USD,130.22,USD,128.93,USD,128.93,USD,1022403
TLT,iShares 20+ Year Treasury Bond ETF,78.16,USD,78.21,USD,77.55,USD,77.78,USD,73132610
MUB,iShares National Muni Bond ETF,100.66,USD,101.32,USD,100.6,USD,101.1,USD,23928678
JEPI,JPMorgan Equity Premium Income ETF,56.602,USD,56.66,USD,56.21,USD,56.22,USD,4308611
BSV,Vanguard Short-Term Bond ETF,76.45,USD,76.49,USD,76.3433,USD,76.4,USD,3447332
ISAPF,IShares Plc.,54.9275,USD,54.9275,USD,54.6895,USD,54.7923,USD,26899
SCHB,Schwab U.S. Broad Market ETF,29.49,USD,29.575,USD,29.305,USD,29.31,USD,12666725
JEPQ,JPMorgan Nasdaq Equity Premium Income ETF,60.69313,USD,60.69313,USD,60.69313,USD,60.69313,USD,300863
DIA,State Street SPDR Dow Jones Industrial Average ETF Trust,513.99,USD,514.16,USD,508.34,USD,508.55,USD,2695336
XLV,State Street Health Care Select Sector SPDR ETF,170.155,USD,170.535,USD,168.39,USD,168.42,USD,12134481
VCSH,Vanguard Short-Term Corporate Bond ETF,76.9547,USD,76.9547,USD,76.9547,USD,76.9547,USD,1767
INVMF,Invesco Markets plc,15.59,USD,15.59,USD,15.59,USD,15.59,USD,3256
DGRO,iShares Core Dividend Growth ETF,76.15,USD,76.2,USD,75.3601,USD,75.39,USD,1246948
JPST,JPMorgan Ultra-Short Income ETF,50.39,USD,50.39,USD,50.37,USD,50.37,USD,7839148
DYNF,iShares U.S. Equity Factor Rotation Active ETF,69.5,USD,69.855,USD,69.23,USD,69.26,USD,3829295
IEF,iShares 7-10 Year Treasury Bond ETF,89.003076,USD,89.003076,USD,89.003076,USD,89.003076,USD,38689
GOVT,iShares U.S. Treasury Bond ETF,21.91,USD,21.91,USD,21.84,USD,21.87,USD,13283516
SPDW,State Street SPDR Portfolio Developed World ex-US ETF,50.71,USD,50.71,USD,50.145,USD,50.21,USD,3229754
VGIT,Vanguard Intermediate-Term Treasury ETF,56.4706,USD,56.4706,USD,56.4706,USD,56.4706,USD,50401
XLE,State Street Energy Select Sector SPDR ETF,61.82,USD,62.1,USD,61.41,USD,61.5,USD,24877088
CGDV,Capital Group Dividend Value ETF,49.15,USD,49.28,USD,48.84,USD,48.85,USD,3168795
PHYMF,iShares Physical Metals PLC,80.7697,USD,80.7697,USD,80.6679,USD,80.6679,USD,13169
ISVVF,ISHARES V PLC,123.5918,USD,123.7872,USD,122.7101,USD,122.7101,USD,6215
VGFPF,Vanguard Funds PLC,149.04,USD,149.04,USD,149.04,USD,149.04,USD,921
VNQ,Vanguard Real Estate ETF,90.93,USD,91.11,USD,89.57,USD,89.63,USD,4705939
MBB,iShares MBS ETF,89.253815,USD,89.253815,USD,89.253815,USD,89.253815,USD,344
SPYV,State Street SPDR Portfolio S&P 500 Value ETF,61.52,USD,61.65,USD,61.11,USD,61.13,USD,1401938
VBR,Vanguard Morningstar Small-Cap Value ETF,233.28,USD,233.5027,USD,230.94,USD,231.03,USD,353241
VGSH,Vanguard Short-Term Treasury ETF,57.3775,USD,57.3775,USD,57.3775,USD,57.3775,USD,39880
MGK,Vanguard Morningstar Mega Cap Growth ETF,92.68,USD,93.55,USD,92.62,USD,92.65,USD,2128143
IUSG,iShares Core S&P U.S. Growth ETF,194.61,USD,195.61,USD,193.7,USD,193.75,USD,365197
ACWI,iShares MSCI ACWI ETF,159.94,USD,160.12,USD,158.71,USD,158.765,USD,5036110
IDEV,iShares Core MSCI International Developed Markets ETF,90.32,USD,90.335,USD,89.385,USD,89.48,USD,2593919
JAAA,Janus Henderson AAA CLO ETF,50.48,USD,50.49,USD,50.45,USD,50.47,USD,12837504
EEM,iShares MSCI Emerging Index Fund,67.12,USD,67.155,USD,66.59,USD,66.79,USD,21443423
EFV,iShares MSCI EAFE Value ETF,80.09,USD,80.09,USD,79.065,USD,79.14,USD,3140816
IPHSF,INVESCO PHYSICAL MKTS PUB LTD CO.,401.02,USD,401.02,USD,401.02,USD,401.02,USD,75
AVUV,Avantis U.S. Small Cap Value ETF,119.29,USD,119.3149,USD,117.77,USD,117.77,USD,1624756
GLDM,SPDR Gold MiniShares Trust,82.95,USD,82.995,USD,82.044,USD,82.18,USD,5991720
VXF,Vanguard Extended Market ETF,233.45,USD,233.45,USD,231.6,USD,231.63,USD,470166
XLI,State Street Industrial Select Sector SPDR ETF,169.57,USD,169.79,USD,166.93,USD,166.98,USD,7543586
SLV,iShares Silver Trust,55.11,USD,55.235,USD,54.225,USD,54.51,USD,17069844
VGK,Vanguard FTSEEuropean ETF,87.69,USD,87.865,USD,86.725,USD,86.8,USD,6522444
ISVAF,IShares VII PLC,1753.4763,USD,1763.7934,USD,1744.5956,USD,1744.5956,USD,456
AVEM,Avantis Emerging Markets Equity ETF,94.54,USD,94.65,USD,93.885,USD,94.02,USD,1403613
LQD,iShares iBoxx $ Investment Grade Corporate Bond ETF,102.52,USD,102.56,USD,102.055,USD,102.18,USD,45999669
BIV,Vanguard Intermediate-Term Bond ETF,73.03,USD,73.1,USD,72.7542,USD,72.86,USD,2397842
FBND,Fidelity Total Bond ETF,43.41,USD,43.4334,USD,43.22,USD,43.3,USD,4064910
VOOG,Vanguard S&P 500 Growth ETF,85.84,USD,86.37,USD,85.45,USD,85.48,USD,2619730
FNDX,Schwab Fundamental U.S. Large Company ETF,31.71,USD,31.7501,USD,31.465,USD,31.47,USD,3905179
IUSV,iShares Core S&P U.S. Value ETF,111.09,USD,111.245,USD,110.28,USD,110.28,USD,533830
VFPEF,Vanguard Funds PLC,186.65,USD,186.65,USD,186.41,USD,186.41,USD,13602
EWY,iShares MSCI South Korea ETF,185.24,USD,185.67,USD,181.76,USD,182.78,USD,16403009
GDX,VanEck Gold Miners ETF,89.72,USD,89.755,USD,87.8,USD,87.8,USD,17088244
IYW,iShares U.S. Technology ETF,264.53,USD,267.24,USD,264.53,USD,264.9,USD,345554
SHY,iShares 1-3 Year Treasury Bond ETF,80.958999,USD,80.958999,USD,80.958999,USD,80.958999,USD,19281
CGGR,Capital Group Growth ETF,47.76,USD,47.835,USD,47.41,USD,47.43,USD,2774989
USHY,iShares Broad USD High Yield Corporate Bond ETF,35.85,USD,35.895,USD,35.72,USD,35.72,USD,25114955
DRAM,Roundhill Memory ETF,61.04,USD,61.35,USD,60.06,USD,60.36,USD,27093299
EMXC,iShares MSCI Emerging Markets ex China ETF,99.71,USD,99.8,USD,98.885,USD,99.08,USD,2646298
FNDF,Schwab Fundamental International Equity ETF,54.29,USD,54.295,USD,53.72,USD,53.75,USD,2489529
MDY,State Street SPDR S&P MIDCAP 400 ETF Trust,662.4,USD,662.498,USD,656.54,USD,656.71,USD,494860
RDVY,First Trust Rising Dividend Achievers ETF,79.08,USD,79.08,USD,78.27,USD,78.29,USD,1149547
IRSHF,BLACKROCK ASSET MANAGEMENT CA LTD ISHARES CORE S&P/TSX CAPPED COMPOSITE IN,40.9508,USD,40.9508,USD,40.9508,USD,40.9508,USD,100
EWJ,iShares MSCI Japan Index Fund,98.27,USD,98.65,USD,97.235,USD,97.46,USD,6078831
IGSB,iShares 1-5 Year Investment Grade Corporate Bond ETF,51.026312,USD,51.026312,USD,51.026312,USD,51.026312,USD,128
USMV,iShares MSCI USA Min Vol Factor ETF,97.9,USD,98.11,USD,97.395,USD,97.44,USD,1735310
SPMO,Invesco S&P 500 Momentum ETF,152,USD,152.53,USD,151.46,USD,151.58,USD,1629435
VOE,Vanguard Morningstar Mid-Cap Value ETF,197.81,USD,197.8138,USD,195.53,USD,195.53,USD,507181
IHPCF,IShares Plc.,76.6934,USD,76.7966,USD,76.6934,USD,76.7966,USD,1338
VBK,Vanguard Morningstar Small-Cap Growth ETF,339.59,USD,340.35,USD,337.68,USD,337.83,USD,210566
SHV,iShares 0-1 Year Treasury Bond ETF,110.3,USD,110.32,USD,110.3,USD,110.32,USD,7517500
XLC,State Street Communication Services Select Sector SPDR ETF,111.47,USD,112.53,USD,110.96,USD,110.97,USD,10343754
DVY,iShares Select Dividend ETF,153.56,USD,153.81,USD,152.05,USD,152.07,USD,305160
FTEC,Fidelity MSCI Information Technology Index ETF,299.7,USD,302.17,USD,299.5,USD,300.06,USD,267768
SCHA,Schwab U.S. Small-Cap ETF,32.9,USD,32.95,USD,32.605,USD,32.63,USD,4928953
VONV,Vanguard Russell 1000 Value ETF,109.31,USD,109.71,USD,108.7,USD,108.7,USD,846696
DFIV,Dimensional International Value ETF,56.4,USD,56.405,USD,55.8219,USD,55.86,USD,1554516
VYMI,Vanguard International High Dividend Yield ETF,101.88,USD,101.92,USD,100.99,USD,101.13,USD,695125
XLU,State Street Utilities Select Sector SPDR ETF,39.83,USD,39.935,USD,39.42,USD,39.44,USD,55592878
AVLV,Avantis U.S. Large Cap Value ETF,91.28,USD,91.29,USD,90.43,USD,90.44,USD,1368936
DFUS,Dimensional U.S. Equity Market ETF,83.47,USD,83.805,USD,83.02,USD,83.03,USD,3446499
XLY,State Street Consumer Discretionary Select Sector SPDR ETF,109.26,USD,109.7,USD,108.61,USD,108.84,USD,5636003
SSSPF,SSGA SPDR ETFS Europe I PLC,770.385,USD,770.385,USD,770.385,USD,770.385,USD,390
VTIP,Vanguard Short-Term Inflation-Protected Securities Index Fund ETF Shares,48.2867,USD,48.2867,USD,48.2867,USD,48.2867,USD,4590
SDY,State Street SPDR S&P Dividend ETF,148.11,USD,148.11,USD,146.48,USD,146.48,USD,284669
ISRCF,ISHARES V PLC,53.963,USD,54.1842,USD,53.913,USD,54.1842,USD,2870
AVDV,Avantis International Small Cap Value ETF,110.2,USD,110.5,USD,109.28,USD,109.38,USD,510276
OEF,iShares S&P 100 Fund,383.11,USD,385.45,USD,381.57,USD,382.08,USD,186675
MTUM,iShares MSCI USA Momentum Factor ETF,318.32,USD,319.07,USD,316.93,USD,317.34,USD,1097686
IQMM,ProShares GENIUS Money Market ETF,100.07,USD,100.07,USD,100.06,USD,100.06,USD,26926
IWV,iShares Russell 3000 Fund,434.23,USD,435.38,USD,431.56,USD,431.66,USD,400798
ISHUF,IShares Plc.,121.879,USD,122,USD,121.7206,USD,121.81,USD,16683
ACWEF,SSGA SPDR ETFS Europe I PLC,334.3982,USD,334.3982,USD,334.3982,USD,334.3982,USD,4
USFR,WisdomTree Floating Rate Treasury Fund,50.39,USD,50.39,USD,50.38,USD,50.39,USD,9636743
BBJP,JPMorgan BetaBuilders Japan ETF,79.19,USD,79.5,USD,78.4,USD,78.5,USD,2328038
PULS,PGIM Ultra Short Bond ETF,49.46,USD,49.46,USD,49.45,USD,49.46,USD,4418288
IWP,iShares Russell Midcap Growth ETF,138.65,USD,138.73,USD,137.68,USD,137.68,USD,763116
VHT,Vanguard Health Care ETF,319.37,USD,320.01,USD,316.08,USD,316.08,USD,231177
VOT,Vanguard Morningstar Mid-Cap Growth ETF,295.88,USD,295.88,USD,292.1,USD,292.1,USD,223585
SEURF,SSGA SPDR ETFS Europe I PLC,19.1746,USD,19.1746,USD,19.1601,USD,19.1601,USD,6972
AVDE,Avantis International Equity ETF,91.06,USD,91.08,USD,90.075,USD,90.11,USD,4103135
BLKXF,ISHARES IV PLC,16.1181,USD,16.1181,USD,16.1181,USD,16.1181,USD,9476
SPHQ,Invesco S&P 500 Quality ETF,84.76,USD,84.831,USD,84.08,USD,84.08,USD,824756
COWZ,Pacer US Cash Cows 100 ETF,67.24,USD,67.365,USD,66.76,USD,66.76,USD,724498
IGIB,iShares 5-10 Year Investment Grade Corporate Bond ETF,50.129405,USD,50.129405,USD,50.129405,USD,50.129405,USD,181
MINT,PIMCO Enhanced Short Maturity Active Exchange-Traded Fund,100.58,USD,100.59,USD,100.55,USD,100.55,USD,3205472
SPMD,State Street SPDR Portfolio S&P 400 Mid Cap ETF,63.57,USD,63.57,USD,63.04,USD,63.04,USD,2048484
ISACF,Ishares III Plc,116.743,USD,116.743,USD,116.743,USD,116.743,USD,680
ESGU,iShares ESG Aware MSCI USA ETF,167.55,USD,168.27,USD,166.76,USD,166.8,USD,367389
DFAI,Dimensional International Core Equity Market ETF,41.83,USD,41.83,USD,41.4,USD,41.43,USD,1912054
USIG,iShares Broad USD Investment Grade Corporate Bond ETF,48.503784,USD,48.503784,USD,48.503784,USD,48.503784,USD,14
SPEM,State Street SPDR Portfolio Emerging Markets ETF,51.95,USD,51.975,USD,51.7,USD,51.76,USD,1732243
ACWX,iShares MSCI ACWI ex U.S. ETF,76.28,USD,76.28,USD,75.535,USD,75.62,USD,3324333
CIBR,First Trust NASDAQ Cybersecurity ETF,102.43,USD,104.1595,USD,102.02,USD,103.09,USD,2127527
DGRW,WisdomTree U.S. Quality Dividend Growth Fund,97.97,USD,98.17,USD,97.2,USD,97.24,USD,420209
IEI,iShares 3-7 Year Treasury Bond ETF,113.071666,USD,113.071666,USD,113.071666,USD,113.071666,USD,19498
HYG,iShares iBoxx $ High Yield Corporate Bond ETF,77.47,USD,77.595,USD,77.17,USD,77.21,USD,83242964
VTWO,Vanguard Russell 2000 ETF,113.12,USD,113.27,USD,112.24,USD,112.24,USD,1293039
BINC,iShares Flexible Income Active ETF,50.85,USD,50.88,USD,50.79,USD,50.79,USD,2538335
IWY,iShares Russell Top 200 Growth ETF,296.04,USD,297.7999,USD,294.77,USD,294.91,USD,226409
STIP,iShares 0-5 Year TIPS Bond ETF,99.83,USD,99.86,USD,99.7,USD,99.7,USD,2683291
SCHP,Schwab U.S. TIPS ETF,25.18,USD,25.2,USD,25.1,USD,25.13,USD,8645773
PYLD,PIMCO Multisector Bond Active Exchange-Traded Fund,25.44,USD,25.46,USD,25.3501,USD,25.39,USD,6596924
SPSM,State Street SPDR Portfolio S&P 600 Small Cap ETF,53.43,USD,53.43,USD,52.86,USD,52.86,USD,2106332
IFHDF,ISHARES VII PLC ISHARES S&P 500 SWAP UCITS ETF,12.9465,USD,12.9765,USD,12.9465,USD,12.9505,USD,5653
VMBS,Vanguard Mortgage-Backed Securities ETF,44.2468,USD,44.2468,USD,44.2468,USD,44.2468,USD,30
SCHO,Schwab Short-Term U.S. Treasury ETF,23.88,USD,23.89,USD,23.86,USD,23.86,USD,3495259
DFUV,Dimensional US Marketwide Value ETF,55.45,USD,55.455,USD,54.97,USD,55,USD,322870
SCHV,Schwab U.S. Large-Cap Value ETF,33.56,USD,33.62,USD,33.29,USD,33.31,USD,4090264
EFG,iShares MSCI EAFE Growth ETF,120.88,USD,121.05,USD,119.79,USD,119.83,USD,1967406
DFIC,Dimensional International Core Equity 2 ETF,37.91,USD,38.0097,USD,37.605,USD,37.61,USD,2151976
GSLC,Goldman Sachs ActiveBeta U.S. Large Cap Equity ETF,145.84,USD,146.39,USD,145.035,USD,145.04,USD,268105
PVAL,Putnam Focused Large Cap Value ETF,52.98,USD,53.14,USD,52.62,USD,52.62,USD,3089702
DFAS,Dimensional U.S. Small Cap ETF,78.05,USD,78.06,USD,77.38,USD,77.42,USD,696254
IWS,iShares Russell Mid-Cap Value ETF,162.4,USD,162.4,USD,160.74,USD,160.74,USD,373217
QQQI,NEOS Nasdaq 100 High Income ETF,55.585,USD,55.83,USD,55.53,USD,55.55,USD,2959727
HDV,iShares Core High Dividend ETF,28.3299,USD,28.33,USD,27.96,USD,27.96,USD,2782285
AVUS,Avantis U.S. Equity ETF,128.99,USD,129.215,USD,128.08,USD,128.09,USD,398560
BAI,iShares A.I. Innovation and Tech Active ETF,47.28,USD,47.5,USD,47.07,USD,47.19,USD,2663975
SCHM,Schwab U.S. Mid Cap ETF,34.32,USD,34.39,USD,34.02,USD,34.02,USD,3096703
PWQQF,Invesco Markets III plc,749.3598,USD,749.7129,USD,749.3598,USD,749.6827,USD,41
TIP,iShares TIPS Bond ETF,104.22,USD,104.255,USD,103.8088,USD,104.04,USD,2391885
XMMEF,XTRACKERS IE PLC,94.9751,USD,94.9751,USD,94.9751,USD,94.9751,USD,20667
IWO,iShares Russell 2000 Growth Fund,359.07,USD,360.03,USD,356.64,USD,356.9,USD,379163
SPTM,State Street SPDR Portfolio S&P 1500 Composite Stock Market ETF,92.63,USD,92.91,USD,92.05,USD,92.05,USD,525088
PAAA,PGIM AAA CLO ETF,51.31,USD,51.31,USD,51.27,USD,51.29,USD,3077988
IWN,iShares Russell 2000 Value ETF,211.58,USD,211.58,USD,209.45,USD,209.45,USD,501150
DFAT,Dimensional U.S. Targeted Value ETF,67.16,USD,67.23,USD,66.42,USD,66.44,USD,385016
IGV,iShares Expanded Tech-Software Sector ETF,105.61,USD,107.43,USD,105.24,USD,106.48,USD,7986894
IQLT,iShares MSCI Intl Quality Factor ETF,49.89,USD,49.92,USD,49.4,USD,49.47,USD,3425345
XLP,State Street Consumer Staples Select Sector SPDR ETF,82.16,USD,82.3,USD,80.57,USD,80.6,USD,11463111
MGV,Vanguard Morningstar Mega Cap Value ETF,162.77,USD,162.77,USD,161.06,USD,161.09,USD,231008
PAVE,Global X U.S. Infrastructure Development ETF,53.01,USD,53.05,USD,52.44,USD,52.5,USD,1284316
ESGV,Vanguard ESG U.S. Stock ETF,136.3,USD,136.745,USD,135.53,USD,135.53,USD,144035
SCHR,Schwab Intermediate-Term U.S. Treasury ETF,23.75,USD,23.76,USD,23.68,USD,23.7,USD,3477175
EMB,iShares J.P. Morgan USD Emerging Markets Bond ETF,90.396424,USD,90.396424,USD,90.396424,USD,90.396424,USD,46
CORO,iShares International Country Rotation Active ETF,36.71,USD,36.71,USD,36.28,USD,36.35,USD,4215609
VFH,Vanguard Financials ETF,131.62,USD,131.62,USD,130.09,USD,130.09,USD,743601
DFAU,Dimensional US Core Equity Market ETF,52.66,USD,52.82,USD,52.36,USD,52.36,USD,546631
CPTFF,XTRACKERS IE PLC,116.9985,USD,116.9985,USD,116.8715,USD,116.9415,USD,22698
SCZ,iShares MSCI EAFE Small-Cap ETF,84.81,USD,85.13,USD,84.265,USD,84.42,USD,2023549
DUHP,Dimensional US High Profitability ETF,42.23,USD,42.36,USD,41.91,USD,41.91,USD,1050510
SCHE,Schwab Emerging Markets Equity ETF,36.59,USD,36.5925,USD,36.395,USD,36.45,USD,5914271
VBIL,Vanguard 0-3 Month Treasury Bill ETF,75.71,USD,75.72,USD,75.7,USD,75.72,USD,4182828
AMLP,Alerian MLP ETF,52.52,USD,52.73,USD,51.72,USD,51.87,USD,1842338
EWT,iShares MSCI Taiwan ETF,113.55,USD,113.68,USD,112.55,USD,112.9,USD,3168605
DFAX,Dimensional World ex U.S. Core Equity 2 ETF,37.43,USD,37.5168,USD,37.02,USD,37.02,USD,715362
VEQTF,VANGUARD INVESTMENTS CANADA INC,44.6387,USD,44.6387,USD,44.6387,USD,44.6387,USD,200
PFF,iShares Preferred and Income Securities ETF,29.340587,USD,29.340587,USD,29.340587,USD,29.340587,USD,907
SPYI,NEOS S&P 500 High Income ETF,53.42,USD,53.5679,USD,53.145,USD,53.17,USD,2605479
ITA,iShares U.S. Aerospace & Defense ETF,209.75,USD,209.86,USD,206.89,USD,207.18,USD,734819
CGGO,Capital Group Global Growth Equity ETF,40.1,USD,40.14,USD,39.75,USD,39.78,USD,860479
ESGD,iShares ESG Aware MSCI EAFE ETF,104,USD,104.15,USD,102.925,USD,103.05,USD,1573647
CGUS,Capital Group Core Equity ETF,44.77,USD,44.9259,USD,44.495,USD,44.5,USD,982901
IMSEF,iShares II plc.,45.0225,USD,45.0225,USD,44.832,USD,44.832,USD,583
GRID,First Trust NASDAQ Clean Edge Smart Grid Infrastructure Index Fund,178.56,USD,178.5696,USD,177.01,USD,177.11,USD,335469
SUB,iShares Short-Term National Muni Bond ETF,104.23,USD,104.57,USD,104.23,USD,104.54,USD,2444643
IAGG,iShares International Aggregate Bond Fund,49.22,USD,49.2557,USD,49.16,USD,49.2,USD,1739202
SPHY,State Street SPDR Portfolio High Yield Bond ETF,22.67,USD,22.71,USD,22.58,USD,22.59,USD,12063950
VSS,Vanguard FTSE All-Wld ex-US SmCp Idx ETF,156.45,USD,156.47,USD,155.0701,USD,155.25,USD,551350
XLG,Invesco S&P 500 Top 50 ETF,63.79,USD,64.26,USD,63.57,USD,63.61,USD,1223101
FENI,Fidelity Enhanced International ETF,40.25,USD,40.2775,USD,39.865,USD,39.91,USD,1323886
DFCF,Dimensional Core Fixed Income ETF,40.19,USD,40.2,USD,40.0312,USD,40.12,USD,2354652
PBUS,Invesco MSCI USA ETF,76.89,USD,77.15,USD,76.47,USD,76.55,USD,871773
IGM,iShares Expanded Tech Sector ETF,169.07,USD,170.335,USD,168.95,USD,169.04,USD,423386
MOAT,VanEck Morningstar Wide Moat ETF,106.52,USD,106.58,USD,105.7,USD,105.71,USD,330611
SPIB,State Street SPDR Portfolio Intermediate Term Corporate Bond ETF,32.35,USD,32.36,USD,32.26,USD,32.28,USD,13217407
IBB,iShares Biotechnology ETF,210.89,USD,212.62,USD,209.84,USD,210.53,USD,1939806
FLOT,iShares Floating Rate Bond ETF,51.04,USD,51.05,USD,51.02,USD,51.05,USD,2624170
TKCPF,VANECK ETFS N.V.,61.5983,USD,61.5983,USD,61.5983,USD,61.5983,USD,808
SPSB,State Street SPDR Portfolio Short Term Corporate Bond ETF,29.62,USD,29.64,USD,29.59,USD,29.59,USD,3845311
NOBL,ProShares S&P 500 Dividend Aristocrats ETF,54.87,USD,54.87,USD,54.1,USD,54.1,USD,1057679
BBCA,JPMorgan BetaBuilders Canada ETF,101.73,USD,101.73,USD,100.3,USD,100.36,USD,406636
JIRE,JPMorgan International Research Enhanced Equity ETF,82.89,USD,82.915,USD,82.05,USD,82.16,USD,744501
VFLO,VictoryShares Free Cash Flow ETF,51.21,USD,51.478625,USD,51.0038,USD,51.19,USD,2039023
ONEQ,Fidelity Nasdaq Composite Index ETF,105.84,USD,106.76,USD,105.82,USD,105.84,USD,160173
JPIE,JPMorgan Income ETF,44.96,USD,45,USD,44.875,USD,44.89,USD,1899415
SDVY,First Trust SMID Cap Rising Dividend Achievers ETF,41.02,USD,41.02,USD,40.56,USD,40.58,USD,1117822
SCHI,Schwab 5-10 Year Corporate Bond ETF,21.49,USD,21.509,USD,21.41,USD,21.44,USD,2891314
DJXXF,BLACKROCK AST MGT (DEUTSCHLAND) AG ISHARES STOXX EUROPE 600 (DE) EUR DIS,74.8662,USD,74.8662,USD,74.8662,USD,74.8662,USD,649
TLH,iShares 10-20 Year Treasury Bond ETF,92.51,USD,92.52,USD,91.9,USD,92.17,USD,5057893
SPTL,State Street SPDR Portfolio Long Term Treasury ETF,23.96,USD,23.96,USD,23.78,USD,23.85,USD,23475276
SCHH,Schwab U.S. REIT ETF,22.32,USD,22.38,USD,22,USD,22.04,USD,13496619
IZIZF,Ishares III Plc,64.5123,USD,64.5123,USD,64.4083,USD,64.4083,USD,12020
SCHZ,Schwab US Aggregate Bond ETF,22.14,USD,22.2,USD,22.045,USD,22.1,USD,4990758
VGLT,Vanguard Long-Term Treasury ETF,49.9348,USD,49.9348,USD,49.9348,USD,49.9348,USD,37313
VDE,Vanguard Energy ETF,173.1,USD,173.89,USD,172.07,USD,172.16,USD,361994
SPTI,State Street SPDR Portfolio Intermediate Term Treasury ETF,27.34,USD,27.34,USD,27.2401,USD,27.28,USD,5696500
IJK,iShares S&P Mid-Cap 400 Growth ETF,110.16,USD,110.16,USD,109.47,USD,109.61,USD,451412
MGC,Vanguard Morningstar Mega Cap ETF,283.67,USD,285.0467,USD,282.31,USD,282.31,USD,163671
XBI,State Street SPDR S&P Biotech ETF,157.84,USD,159.98,USD,156.48,USD,157.68,USD,6869547
AIQ,Global X Artificial Intelligence & Technology ETF,65.05,USD,65.53,USD,65.05,USD,65.16,USD,1211388
FNDE,Schwab Fundamental Emerging Markets Equity ETF,42,USD,42.08,USD,41.865,USD,41.87,USD,1595543
FDVV,Fidelity High Dividend ETF,61.32,USD,61.385,USD,60.7,USD,60.73,USD,633865
IREMF,IShares Plc.,66.4305,USD,66.454,USD,66.4305,USD,66.454,USD,6797
JGRO,JPMorgan Active Growth ETF,96.96,USD,97.57,USD,96.55,USD,96.58,USD,947680
IGF,iShares Global Infrastructure ETF,62.14,USD,62.22,USD,61.48,USD,61.56,USD,2841623
DFAE,Dimensional Emerging Core Equity Market ETF,39.5,USD,39.55,USD,39.23,USD,39.31,USD,774983
SPAB,State Street SPDR Portfolio Aggregate Bond ETF,24.41,USD,24.46,USD,24.315,USD,24.36,USD,3476931
VUSB,Vanguard Ultra-Short Bond ETF,49.55,USD,49.57,USD,49.54,USD,49.55,USD,1246142
PRF,Invesco RAFI US 1000 ETF,54.84,USD,54.93,USD,54.43,USD,54.43,USD,302614
RWL,Invesco S&P 500 Revenue ETF,129.92,USD,129.92,USD,128.62,USD,128.68,USD,342001
IXN,iShares Global Tech ETF,148.23,USD,149.25,USD,148.135,USD,148.22,USD,149419
IXSHF,BLACKROCK ASSET MANAGEMENT CA LTD,47.5894,USD,47.5894,USD,47.5894,USD,47.5894,USD,422
ISVTF,ISHARES IV PLC,13.85,USD,13.85,USD,13.85,USD,13.85,USD,26000
VVSMF,VANECK UCITS ETFS PLC VANECK SEMICONDUCTOR UCITS ETF A USD ACC,114.7826,USD,114.7826,USD,114.7191,USD,114.7191,USD,620
EZU,iShares MSCI Eurozone ETF,68.3,USD,68.3,USD,67.28,USD,67.33,USD,2438896
DFEM,Dimensional Emerging Markets Core Equity 2 ETF,39.91,USD,39.9528,USD,39.65,USD,39.72,USD,594062
IIREF,IShares Plc.,105.3427,USD,105.3427,USD,105.3427,USD,105.3427,USD,180
VLUE,iShares MSCI USA Value Factor ETF,200.26,USD,200.26,USD,197.9,USD,198,USD,1061830
XAIXF,XTRACKERS IE PLC,248.8278,USD,248.8278,USD,248.8278,USD,248.8278,USD,400
IEUR,iShares Core MSCI Europe ETF,74.44,USD,74.4601,USD,73.635,USD,73.7,USD,769599
BBUS,JPMorgan BetaBuilders U.S. Equity ETF,138.36,USD,138.91,USD,137.58,USD,137.58,USD,858135
TCAF,T. Rowe Price Capital Appreciation Equity ETF,42.49,USD,42.63,USD,42.25,USD,42.27,USD,486547
DBEF,Xtrackers MSCI EAFE Hedged Equity ETF,55.19,USD,55.3436,USD,54.75,USD,54.95,USD,771400
BLCR,iShares Large Cap Core Active ETF,49.26,USD,49.38,USD,48.95,USD,48.96,USD,1203855
IOO,iShares Global 100 ETF,144.61,USD,145.65,USD,144.01,USD,144.01,USD,214282
BBEU,JPMorgan BetaBuilders Europe ETF,76.43,USD,76.5,USD,75.635,USD,75.69,USD,284909
AIRR,First Trust RBA American Industrial Renaissance ETF,104.56,USD,104.73,USD,103.23,USD,103.24,USD,798730
VPL,Vanguard FTSE Pacific ETF,117.1,USD,117.21,USD,115.68,USD,115.81,USD,303149
JQUA,JPMorgan U.S. Quality Factor ETF,74.1,USD,74.3299,USD,73.78,USD,73.8,USD,590245
VONE,Vanguard Russell 1000 ETF,346.52,USD,347.0889,USD,344,USD,344,USD,135254
VIGI,Vanguard International Dividend Appreciation ETF,95.25,USD,95.29,USD,94.265,USD,94.42,USD,172846
SGACF,SSGA SPDR ETFS Europe I PLC,13.3033,USD,13.3133,USD,13.3033,USD,13.3133,USD,1793
IMWSF,Ishares III Plc,10.3172,USD,10.3172,USD,10.3172,USD,10.3172,USD,8437
ICSH,iShares Ultra Short Duration Bond Active ETF,50.4,USD,50.41,USD,50.3999,USD,50.4,USD,1345324
IVVPF,IShares VII PLC,278.0609,USD,278.2391,USD,277.6611,USD,278.1891,USD,498
DXMEF,Xtrackers ,136.7516,USD,136.7516,USD,136.7516,USD,136.7516,USD,853
JBND,JPMorgan Active Bond ETF,51.23,USD,51.23,USD,51.02,USD,51.12,USD,2915200
FNDA,Schwab Fundamental U.S. Small Company ETF,35.3,USD,35.3,USD,35,USD,35,USD,2781753
CETFF,IShares VII PLC,302.6413,USD,302.6413,USD,302.6413,USD,302.6413,USD,16
FELC,Fidelity Enhanced Large Cap Core ETF,43.52,USD,43.708,USD,43.31,USD,43.32,USD,646032
BOND,PIMCO Active Bond Exchange-Traded Fund Exchange-Traded Fund,87.2,USD,87.25,USD,86.8,USD,86.99,USD,1484493
GDXJ,VanEck Junior Gold Miners ETF,116.74,USD,116.74,USD,113.84,USD,113.95,USD,2197316
MXCUF,Invesco Markets plc,228.69,USD,228.69,USD,228.69,USD,228.69,USD,504
QYLD,Global X NASDAQ 100 Covered Call ETF,18.57,USD,18.59,USD,18.55,USD,18.55,USD,3046818
IHREF,Ishares III Plc,84.68,USD,84.68,USD,84.68,USD,84.68,USD,2584
EWZ,iShares MSCI Brazil ETF,36.99,USD,37.4782,USD,36.73,USD,37.25,USD,31140493
IJJ,iShares S&P Mid-Cap 400 Value ETF,139.36,USD,139.385,USD,137.71,USD,137.71,USD,251087
CGCP,Capital Group Core Plus Income ETF,21.22,USD,21.23,USD,21.13,USD,21.17,USD,3041511
IDV,iShares International Select Dividend ETF,42.6,USD,42.6,USD,42.12,USD,42.19,USD,627581
URTH,iShares MSCI World ETF,207.26,USD,207.855,USD,206.01,USD,206.23,USD,865230
ICVT,iShares Convertible Bond ETF,113.62,USD,113.85,USD,112.935,USD,112.935,USD,420552
DFSV,Dimensional US Small Cap Value ETF,37.98,USD,38,USD,37.47,USD,37.47,USD,1496939
FMDE,Fidelity Enhanced Mid Cap Core ETF,40.63,USD,40.71,USD,40.375,USD,40.38,USD,1217646
VIS,Vanguard Industrials ETF,325.02,USD,325.02,USD,320.36,USD,320.51,USD,67945
VCLT,Vanguard Long-Term Corporate Bond ETF,68.83,USD,68.86,USD,68.355,USD,68.5,USD,23857877
ISZXF,IShares VII PLC,139.83,USD,139.88,USD,139.2319,USD,139.2319,USD,30545
ARKK,ARK Innovation ETF,90.08,USD,90.33,USD,88.97,USD,89.1,USD,3882466
IAUM,iShares Gold Trust Micro Shares,41.77,USD,41.8,USD,41.32,USD,41.42,USD,3751476
GBIL,Goldman Sachs Access Treasury 0-1 Year ETF,100.1,USD,100.11,USD,100.09,USD,100.11,USD,1088312
XLB,State Street Materials Select Sector SPDR ETF,49.29,USD,49.43,USD,48.69,USD,48.7,USD,11244186
XTMWF,XTRACKERS IE PLC,45.6024,USD,45.6024,USD,45.1325,USD,45.2054,USD,20279
DIVO,Amplify CWP Enhanced Dividend Income ETF,46.83,USD,46.92,USD,46.48,USD,46.49,USD,1003967
VPU,Vanguard Utilities ETF,172.66,USD,172.99,USD,170.97,USD,171,USD,562691
XLRE,State Street Real Estate Select Sector SPDR ETF,41.52,USD,41.56,USD,40.87,USD,40.91,USD,7956033
IJT,iShares S&P SmallCap 600 Growth ETF,161.87,USD,161.9,USD,160.33,USD,160.33,USD,178260
IJS,iShares S&P SmallCap 600 Value ETF,129.41,USD,129.41,USD,128.04,USD,128.1,USD,229949
SHYG,iShares 0-5 Year High Yield Corporate Bond ETF,41.37,USD,41.405,USD,41.225,USD,41.25,USD,2222302
FBCG,Fidelity Blue Chip Growth ETF,63.57,USD,63.87,USD,63.21,USD,63.21,USD,1384720
PDBC,Invesco Optimum Yield Diversified Commodity Strategy No K-1 ETF,19.44,USD,19.445,USD,19.26,USD,19.3,USD,11043268
FVD,First Trust VL Dividend,47.39,USD,47.448,USD,46.9,USD,46.91,USD,656858
FDL,First Trust Morningstar ETF,49.59,USD,49.69,USD,49.1,USD,49.11,USD,1322472
VCRB,Vanguard Core Bond ETF,73.76,USD,73.76,USD,73.52,USD,73.62,USD,938811
ISTXF,IShares Plc.,5.938,USD,5.9562,USD,5.9352,USD,5.9562,USD,976601
HEFA,iShares Currency Hedged MSCI EAFE ETF,46.69,USD,46.7699,USD,46.39,USD,46.39,USD,1123510
VDC,Vanguard Consumer Staples ETF,222.27,USD,222.5,USD,218.18,USD,218.21,USD,119866
FTCS,First Trust Capital Strength ETF,94.83,USD,94.9,USD,93.825,USD,93.85,USD,297320
PPA,Invesco Aerospace & Defense ETF,156.23,USD,156.34,USD,154.43,USD,154.62,USD,228026
TBIL,F/m US Treasury 3 Month Bill Fund,49.84,USD,49.85,USD,49.84,USD,49.85,USD,2392897
ISMVF,ISHARES IV PLC,81.46,USD,81.46,USD,81.46,USD,81.46,USD,941
COPX,Global X Copper Miners ETF,86.44,USD,86.85,USD,84.55,USD,84.7,USD,2485047
DFSD,Dimensional Short-Duration Fixed Income ETF,46.51,USD,46.54,USD,46.44,USD,46.472,USD,785375
SPTS,State Street SPDR Portfolio Short Term Treasury ETF,28.7,USD,28.7,USD,28.66,USD,28.67,USD,1953952
SGOL,abrdn Physical Gold Shares ETF,39.9,USD,39.93,USD,39.475,USD,39.56,USD,3531237
SPYD,State Street SPDR Portfolio S&P 500 High Dividend ETF,45.88,USD,45.927,USD,45.36,USD,45.37,USD,909491
EWC,iShares MSCI Canada Index Fund,59.12,USD,59.17,USD,58.3305,USD,58.38,USD,1989518
DBXRF,Xtrackers ,123.4482,USD,123.4482,USD,123.4482,USD,123.4482,USD,107
JAVA,JPMorgan Active Value ETF,80.22,USD,80.405456,USD,79.7,USD,79.72,USD,944475
XMMO,Invesco S&P MidCap Momentum ETF,147.41,USD,147.41,USD,145.87,USD,146.75,USD,325183
XMTIF,IShares VII PLC,277.2886,USD,277.2886,USD,273.8243,USD,273.8243,USD,1147
SPLV,Invesco S&P 500 Low Volatility ETF,71.31,USD,71.34,USD,70.49,USD,70.51,USD,2020763
DFLV,Dimensional US Large Cap Value ETF,40.51,USD,40.51,USD,40.16,USD,40.17,USD,616403
ESGE,iShares ESG Aware MSCI EM ETF,54.44,USD,54.46,USD,54.025,USD,54.16,USD,1249899
DXJ,WisdomTree Japan Hedged Equity Fund,181.25,USD,181.93,USD,179.83,USD,180.55,USD,150240
ITRBF,IShares Plc.,524.7529,USD,524.7529,USD,524.7529,USD,524.7529,USD,2221
TFLO,iShares Treasury Floating Rate Bond ETF,50.668,USD,50.67,USD,50.66,USD,50.67,USD,3004594
CGXU,Capital Group International Focus Equity ETF,34.82,USD,34.855,USD,34.085,USD,34.29,USD,2894510
GUNR,Northern Trust Morningstar Global Upstream Natural Resources ETF,53.34,USD,53.4,USD,52.74,USD,52.74,USD,403485
VNCUF,VANECK UCITS ETFS PLC DEFENSE UCITS ETF A USD,59.3782,USD,59.3782,USD,59.3782,USD,59.3782,USD,1589
THRO,iShares U.S. Thematic Rotation Active ETF,44.16,USD,44.3859,USD,43.96,USD,43.98,USD,949877
VGDDF,Vanguard Funds PLC,155.342,USD,155.342,USD,155.342,USD,155.342,USD,712
SPMB,State Street SPDR Portfolio Mortgage Backed Bond ETF,21.2,USD,21.2,USD,21.0601,USD,21.14,USD,2337637
VSGX,Vanguard ESG International Stock ETF,81.68,USD,81.8,USD,80.86,USD,81.07,USD,197189
JMTG,JPMorgan Mortgage-Backed Securities ETF,48.45,USD,48.475,USD,48.28,USD,48.34,USD,746761
CGMU,Capital Group Municipal Income ETF,25.87,USD,25.99,USD,25.87,USD,25.94,USD,5593663
FTSM,First Trust Enhanced Short Maturity ETF,59.52,USD,59.525,USD,59.5,USD,59.51,USD,731804
VOOV,Vanguard S&P 500 Value ETF,221.76,USD,222.24,USD,220.3,USD,220.34,USD,52213
BBAX,JPMorgan BetaBuilders Developed Asia Pacific-ex Japan ETF,61.97,USD,62.14,USD,61.64,USD,61.7,USD,201328
BBIN,JPMorgan BetaBuilders International Equity ETF,78.69,USD,78.69,USD,77.8799,USD,77.98,USD,851467
IGBSF,ISHARES IV PLC,21.3293,USD,21.3349,USD,21.3293,USD,21.3349,USD,7533
SHLD,Global X Defense Tech ETF,60.41,USD,60.5653,USD,59.98,USD,60.08,USD,1330291
JNK,State Street SPDR Bloomberg High Yield Bond ETF,93.08,USD,93.2,USD,92.745,USD,92.75,USD,10527375
BKLN,Invesco Senior Loan ETF,20.48,USD,20.48,USD,20.43,USD,20.43,USD,10547395
ISVQF,ISHARES IV PLC,6.3412,USD,6.35,USD,6.3011,USD,6.3282,USD,505732
CGCB,Capital Group Core Bond ETF,25.01,USD,25.03,USD,24.9126,USD,24.98,USD,1689494
XTKRF,XTRACKERS IE PHYSICAL,64.2872,USD,64.2872,USD,64.2872,USD,64.2872,USD,226
LMBS,First Trust Low Duration Opportunities ETF,48.58,USD,48.653,USD,48.42,USD,48.46,USD,1245985
JGLO,JPMorgan Global Select Equity ETF,72.9,USD,73.13,USD,72.43,USD,72.5,USD,1341056
FESM,Fidelity Enhanced Small Cap Core ETF,45.24,USD,45.315,USD,44.94,USD,44.95,USD,2386757
DIHP,Dimensional International High Profitability ETF,33.93,USD,33.96,USD,33.65,USD,33.69,USD,650289
ISQWF,ISHARES IV PLC,89.4848,USD,89.4848,USD,89.4848,USD,89.4848,USD,725
IEMMF,ISHARES IV PLC,117.7489,USD,117.7489,USD,117.7489,USD,117.7489,USD,707
VDYIF,VANGUARD INVESTMENTS CANADA INC FTSE CANADIAN HIGH DIVIDEND YIELD INDEX,53.3499,USD,53.3499,USD,53.3499,USD,53.3499,USD,100
JMBS,Janus Henderson Mortgage-Backed Securities ETF,42.42,USD,42.425,USD,42.1345,USD,42.26,USD,998116
KBWB,Invesco KBW Bank ETF,88.19,USD,88.3,USD,87.19,USD,87.23,USD,2786946
GPIQ,Goldman Sachs Nasdaq-100 Premium Income ETF,57.47119,USD,57.47119,USD,57.47119,USD,57.47119,USD,33208
DLN,WisdomTree U.S. LargeCap Dividend Fund,98.14,USD,98.14,USD,97.19,USD,97.2,USD,136736
VWOB,Vanguard Emerging Markets Government Bond ETF,62.8045,USD,62.8045,USD,62.8045,USD,62.8045,USD,223
SMBS,Schwab Mortgage-Backed Securities ETF,24.12,USD,24.19,USD,23.96,USD,24,USD,685844
IMWEF,ISHARES IV PLC,13.7859,USD,13.7859,USD,13.7859,USD,13.7859,USD,1365
RECS,Columbia Research Enhanced Core ETF,45.38,USD,45.55,USD,45.085,USD,45.09,USD,518371
VOX,Vanguard Communication Services ETF,191.16,USD,193.415,USD,190.59,USD,190.59,USD,198058
EVTR,Eaton Vance Total Return Bond ETF,48.35,USD,48.35,USD,48.11,USD,48.19,USD,960267
GPIX,Goldman Sachs S&P 500 Premium Income ETF,55.43298,USD,55.43298,USD,55.43298,USD,55.43298,USD,10395
RSPT,Invesco S&P 500 Equal Weight Technology ETF,65.83,USD,66.21,USD,65.72,USD,65.86,USD,516818
FPE,First Trust Preferred Securities and Income ETF,17.11,USD,17.12,USD,17.03,USD,17.05,USD,1752397
MCHI,iShares MSCI China ETF,52.49,USD,52.51,USD,52.18,USD,52.19,USD,2912854
SSDRF,SSGA SPDR ETFS Europe I PLC,112.4663,USD,112.6436,USD,112.4337,USD,112.4337,USD,2534
ICRBF,ISHARES III PLC CORE EUR GOVT BOND UCITS ETF EUR DIST GB,121.2751,USD,121.2751,USD,121.2751,USD,121.2751,USD,2800
GSIE,Goldman Sachs ActiveBeta International Equity ETF,46.34,USD,46.34,USD,45.84,USD,45.84,USD,468937
LVHI,Franklin International Low Volatility High Dividend Index ETF,42.02,USD,42.02,USD,41.67,USD,41.71,USD,538019
JHMM,John Hancock Multifactor Mid Cap ETF,72.12,USD,72.12,USD,71.495,USD,71.5,USD,343917
INDA,iShares MSCI India ETF,46.71,USD,46.75,USD,46.62,USD,46.68,USD,4943642
BKLC,BNY Mellon US Large Cap Core Equity ETF,49.14,USD,49.319,USD,48.86,USD,48.86,USD,425681
DFIS,Dimensional International Small Cap ETF,36.54,USD,36.5528,USD,36.205,USD,36.23,USD,454315
FELG,Fidelity Enhanced Large Cap Growth ETF,45.22,USD,45.56,USD,45.09,USD,45.09,USD,463484
IXSRF,ISHARES IV PLC,9.4684,USD,9.4684,USD,9.4684,USD,9.4684,USD,8923
SCHK,Schwab 1000 Index ETF,36.84,USD,36.99,USD,36.66,USD,36.66,USD,1919423
CGDG,Capital Group Dividend Growers ETF,37.37,USD,37.37,USD,37.015,USD,37.03,USD,747830
VCR,Vanguard Consumer Discretion ETF,366.3,USD,367.51,USD,364.37,USD,364.68,USD,35757
QTUM,Defiance Quantum ETF,152.28,USD,152.9099,USD,151.6,USD,151.62,USD,256825
XAR,State Street SPDR S&P Aerospace & Defense ETF,234.08,USD,235.07,USD,230.93,USD,231.25,USD,342690
SCHC,Schwab International Small-Cap Equity ETF,50.11,USD,50.17,USD,49.68,USD,49.74,USD,1645920
URA,Global X Uranium ETF,40.3,USD,41.05,USD,39.84,USD,39.85,USD,2270627
CWB,State Street SPDR Bloomberg Convertible Securities ETF,101.76,USD,101.9,USD,101.16,USD,101.18,USD,551755
SRLN,State Street Blackstone Senior Loan ETF,40.48,USD,40.495,USD,40.39,USD,40.39,USD,3335466
MAGS,Roundhill Magnificent Seven ETF,71.58,USD,72.51,USD,71.44,USD,71.69,USD,3744349
DSI,iShares ESG MSCI KLD 400 ETF,146.73,USD,147.41,USD,146.18,USD,146.18,USD,80600
IIVPF,ISHARES IV PLC,21.916,USD,21.916,USD,21.91,USD,21.91,USD,539
VFDEF,Vanguard Funds PLC,55.79,USD,55.79,USD,55.79,USD,55.79,USD,26564
CGMS,Capital Group U.S. Multi-Sector Income ETF,26.29,USD,26.3,USD,26.21,USD,26.23,USD,2988356
BLV,Vanguard Long-Term Bond ETF,63.01,USD,63.03,USD,62.575,USD,62.73,USD,777502
XMHQ,Invesco S&P MidCap Quality ETF,112.07,USD,112.53,USD,111.585,USD,111.65,USD,264922
EFAV,iShares MSCI EAFE Min Vol Factor ETF,91.85,USD,91.85,USD,91.085,USD,91.12,USD,1107297
QLTY,GMO U.S. Quality ETF,43.05,USD,43.2,USD,42.81,USD,42.81,USD,424199
FDN,First Trust DJ Internet Index Fund,287.79,USD,291.545,USD,287.79,USD,288.45,USD,145980
ISCXF,IShares Plc.,6.0371,USD,6.0445,USD,5.9938,USD,6.0386,USD,1153730
DISV,Dimensional International Small Cap Value ETF,43.66,USD,43.68,USD,43.1988,USD,43.29,USD,343990
NEAR,iShares Short Duration Bond Active ETF,49.96,USD,49.96,USD,49.86,USD,49.86,USD,1014184
ISMCF,IShares VII PLC,800.6001,USD,801.2993,USD,796.109,USD,796.109,USD,257
USMC,Principal U.S. Mega-Cap ETF,77.03,USD,77.23,USD,76.64,USD,76.7122,USD,41007
ISTB,iShares Core 1-5 Year USD Bond ETF,47.075796,USD,47.075796,USD,47.075796,USD,47.075796,USD,24
GNR,State Street SPDR S&P Global Natural Resources ETF,74.74,USD,74.92,USD,73.905,USD,73.97,USD,652770
IHRMF,IShares Plc.,25.7782,USD,25.7782,USD,25.624,USD,25.624,USD,43161
MLULF,MULTI UNITS LUXEMBOURG AMUNDI MSCI EMERGING EX CHINA ETF ACC,48.6562,USD,48.6562,USD,48.6562,USD,48.6562,USD,365
SSEUF,SSGA SPDR ETFS EUROPE II PLC,82.5195,USD,82.5195,USD,82.2894,USD,82.3188,USD,4181
AIA,iShares Asia 50 ETF,143.2,USD,143.41,USD,141.78,USD,142.17,USD,147721
EAGG,iShares ESG Aware U.S. Aggregate Bond ETF,45.35,USD,45.35,USD,45.17,USD,45.25,USD,393131
ISVIF,IShares VII PLC,147.856,USD,147.994,USD,146.9984,USD,147.4121,USD,12148
WDEDF,WISDOMTREE ISSUER ICAV,34.7334,USD,34.7334,USD,34.7334,USD,34.7334,USD,676
EMLC,VanEck J. P. Morgan EM Local Currency Bond ET,24.87,USD,24.89,USD,24.8,USD,24.83,USD,2240871
VTHR,Vanguard Russell 3000 ETF,336.69,USD,338.1386,USD,334.97,USD,335.5005,USD,38030
ISIDF,ISHARES VI PLC,8.5357,USD,8.5546,USD,8.5357,USD,8.5546,USD,2940
EWQQF,Invesco Markets III plc,523.6617,USD,526.1081,USD,523.6617,USD,524,USD,869
IEQWF,ISHARES III PLC S&P 500 EQUAL WEIGHT UCITS ETF USD ACC,7.6489,USD,7.6549,USD,7.6459,USD,7.6529,USD,36337
HELO,JPMorgan Hedged Equity Laddered Overlay ETF,69.35,USD,69.5487,USD,69.11,USD,69.17,USD,483034
ZKBGF,SWISSCANTO FONDSLEITUNG AG SWISSCANTO (CH) GOLD ETF EA USD,3946.5267,USD,3946.5267,USD,3946.5267,USD,3946.5267,USD,100
SLYG,State Street SPDR S&P 600 Small Cap Growth ETF,108.2,USD,108.2,USD,106.97,USD,106.97,USD,135043
SLYV,State Street SPDR S&P 600 Small Cap Value ETF,103.18,USD,103.18,USD,102.09,USD,102.15,USD,205704
IBBCF,Invesco Markets plc,35.8995,USD,35.8995,USD,35.8995,USD,35.8995,USD,3611
OMFL,Invesco Russell 1000 Dynamic Multifactor ETF,70.08,USD,70.39,USD,69.71,USD,69.71,USD,402044
HGER,Harbor All-Weather Inflation Focus ETF,35.51,USD,35.59,USD,35.205,USD,35.26,USD,1443241
CMF,iShares California Muni Bond ETF,53.94,USD,54.2268,USD,53.93,USD,54.12,USD,4457866
JTEK,JPMorgan U.S. Tech Leaders ETF,105.17,USD,105.79,USD,105.13,USD,105.195,USD,230415
REET,iShares Global REIT ETF,26.07,USD,26.08,USD,25.74,USD,25.78,USD,4116796
EAGL,Eagle Capital Select Equity ETF,34.05,USD,34.29,USD,34,USD,34.03,USD,168784
GXHGF,GLOBAL X INVESTMENTS CANADA INC. HIGH INTEREST SAVINGS ETF,35.3238,USD,35.3238,USD,35.3238,USD,35.3238,USD,1007
FLTW,Franklin FTSE Taiwan ETF,109.55,USD,109.94,USD,108.89,USD,109.25,USD,168088
TSPA,T. Rowe Price U.S. Equity Research ETF,48.52,USD,48.72,USD,48.26,USD,48.26,USD,539980
BSCR,Invesco BulletShares 2027 Corporate Bond ETF,19.55,USD,19.55,USD,19.54,USD,19.545,USD,3203678
IVLU,iShares MSCI Intl Value Factor ETF,43.29,USD,43.3201,USD,42.81,USD,42.89,USD,1510589
XDEVF,XTRACKERS IE PLC,84.4076,USD,84.4076,USD,84.3093,USD,84.3093,USD,703
SJNK,State Street SPDR Bloomberg Short Term High Yield Bond ETF,24.33,USD,24.365,USD,24.24,USD,24.25,USD,6602691
AKRE,Akre Focus ETF,53.06,USD,53.2,USD,52.6,USD,52.67,USD,1001639
GRNY,Fundstrat Granny Shots US Large Cap ETF,28.09,USD,28.13,USD,27.82,USD,27.83,USD,1082575
KWEB,KraneShares CSI China Internet ETF,24.58,USD,24.675,USD,24.455,USD,24.51,USD,22233699
SIL,Global X Silver Miners ETF,87.75,USD,88.21,USD,85.9,USD,86.01,USD,782215
FSEC,Fidelity Investment Grade Securitized ETF,41.72,USD,41.81,USD,41.515,USD,41.76,USD,1180823
JPEQF,JPMORGAN ETFS (IRELAND) ICAV NASDAQ EQ PREM INC ACT UCITS ETF USD DIS,27.856,USD,27.856,USD,27.856,USD,27.856,USD,270
TDIV,First Trust NASDAQ Technology Dividend Index Fund,113.15,USD,113.441,USD,112.82,USD,112.82,USD,153191
IXJ,iShares Global Healthcare ETF,103.55,USD,103.55,USD,102.12,USD,102.12,USD,232307
USRT,iShares Core U.S. REIT ETF,62.47,USD,62.47,USD,61.56,USD,61.58,USD,2577836
ISCCF,ISHARES III PLC,6.0022,USD,6.0022,USD,6.0022,USD,6.0022,USD,15000
IDMO,Invesco S&P International Developed Momentum ETF,61.73,USD,61.73,USD,61.01,USD,61.04,USD,283429
ISHVF,iShares II plc.,5.5602,USD,5.5668,USD,5.5323,USD,5.5466,USD,950937
FEZ,State Street SPDR EURO STOXX 50 ETF,68,USD,68,USD,67.2,USD,67.31,USD,1379396
IMTM,iShares MSCI Intl Momentum Factor ETF,53.07,USD,53.17,USD,52.53,USD,52.63,USD,326820
SIVR,abrdn Physical Silver Shares ETF,57.93,USD,58.08,USD,57.01,USD,57.31,USD,1953859
ARTY,iShares Future AI & Tech ETF,78.62,USD,78.9,USD,77.945,USD,78.32,USD,293793
ISGPF,ISHARES V PLC,41.3593,USD,41.3593,USD,40.7836,USD,40.8325,USD,2655
IYR,iShares U.S. Real Estate ETF,96.51,USD,96.645,USD,94.97,USD,95.04,USD,6825944
IVSRF,iShares II plc.,6.6484,USD,6.6504,USD,6.623,USD,6.6484,USD,419290
BMMWF,BMO ASSET MANAGEMENT INC LOW VOLATILITY CANADIAN EQUITY ETF,42.4362,USD,42.4362,USD,42.4362,USD,42.4362,USD,500
DEM,WisdomTree Emerging Markets High Dividend Fund,55.57,USD,55.62,USD,55.22,USD,55.31,USD,137295
JIVE,JPMorgan International Value ETF,95.93,USD,96.09,USD,95.1801,USD,95.22,USD,647422
SBIL,Simplify Government Money Market ETF,100.07,USD,100.07,USD,100.055,USD,100.06,USD,497610
XME,State Street SPDR S&P Metals & Mining ETF,104.69,USD,106.59,USD,103.52,USD,103.56,USD,1211791
IBDT,iShares iBonds Dec 2028 Term Corporate ETF,24.96,USD,25.14,USD,24.95,USD,24.96,USD,2157734
FLJP,Franklin FTSE Japan ETF,41.72,USD,41.905,USD,41.3326,USD,41.4,USD,1198038
SMLF,iShares U.S. Small-Cap Equity Factor ETF,84.37,USD,84.37,USD,83.555,USD,83.56,USD,121728
ISRWF,iShares II plc.,87.964,USD,87.964,USD,87.964,USD,87.964,USD,1726
SUSA,iShares ESG Optimized MSCI USA ETF,156.51,USD,157.0599,USD,155.68,USD,155.68,USD,33313
QTEC,First Trust NASDAQ-100-Technology Sector Index Fund,329.39,USD,331.23,USD,328.82,USD,329.73,USD,96876
GGOV,iShares Global Government Bond USD Hedged Active ETF,50.07,USD,50.939,USD,49.7804,USD,50.1,USD,725596
MSLC,Morgan Stanley Pathway Large Cap Equity ETF,60.24,USD,60.4902,USD,59.95,USD,59.99,USD,91347
VIOO,Vanguard S&P Small-Cap 600 ETF,127.85,USD,127.85,USD,126.52,USD,126.52,USD,118109
IMCG,iShares Morningstar Mid-Cap Growth ETF,94.82,USD,94.82,USD,93.85,USD,93.89,USD,167009
IYH,iShares U.S. Healthcare ETF,72.21,USD,72.42,USD,71.55,USD,71.56,USD,447647
ISMJF,IShares VII PLC,243.7719,USD,244.102,USD,241.5482,USD,243.1035,USD,2033
XT,iShares Future Exponential Technologies ETF,83.82,USD,84.0039,USD,83.4,USD,83.4,USD,46418
SMMD,iShares Russell 2500 ETF,86.4,USD,86.63,USD,85.42,USD,85.52,USD,418950
AAXJ,iShares MSCI All Country Asia ex Japan ETF,117.03,USD,117.21,USD,116.14,USD,116.435,USD,394642
EUFN,iShares MSCI Europe Financials ETF,40.17,USD,40.315,USD,39.7401,USD,39.78,USD,1973605
ISGAF,Ishares III Plc,5.7032,USD,5.7032,USD,5.7032,USD,5.7032,USD,25821
PZA,Invesco National AMT-Free Municipal Bond ETFo,21.31,USD,21.52,USD,21.31,USD,21.39,USD,4774840
NXUS,Nuveen International Aggregate Bond ETF,24.23,USD,24.24,USD,24.19,USD,24.1997,USD,851584
IBDU,iShares iBonds Dec 2029 Term Corporate ETF,22.71,USD,22.7551,USD,22.67,USD,22.69,USD,1564193
EMLP,First Trust North American Energy Infrastructure Fund,41.4,USD,41.4386,USD,40.96,USD,40.99,USD,540925
IBDS,iShares iBonds Dec 2027 Term Corporate ETF,24.12,USD,24.14,USD,24.1101,USD,24.12,USD,2732989
FXI,iShares China Large-Cap ETF,34.14,USD,34.155,USD,33.94,USD,34.02,USD,14646166
IFRA,iShares U.S. Infrastructure ETF,55.61,USD,55.83,USD,55.02,USD,55.03,USD,380588
BILS,State Street SPDR Bloomberg 3-12 Month T-Bill ETF,99.33,USD,99.3437,USD,99.33,USD,99.34,USD,524274
HRZSF,GLOBAL X INVESTMENTS CANADA INC. S&P/TSX 60 INDEX CORPORATE CLASS ETF,68.0505,USD,68.0505,USD,68.0505,USD,68.0505,USD,300
HYD,VanEck High Yield Muni ETF,47.99,USD,48.305,USD,47.91,USD,48.03,USD,2098726
GSY,Invesco Ultra Short Duration ETF,49.95,USD,49.95,USD,49.93,USD,49.93,USD,656189
FV,First Trust Dorsey Wright Focus 5 ETF,73.78,USD,74.315,USD,73.395,USD,73.395,USD,66833
ILF,iShares Latin America 40 ETF,34.53,USD,34.77,USD,34.34,USD,34.5,USD,2383599
IYF,iShares U.S. Financial ETF,127.01,USD,127.035,USD,125.66,USD,125.66,USD,209461
DON,WisdomTree U.S. MidCap Dividend Fund,54.55,USD,54.55,USD,53.9,USD,53.95,USD,260146
IDEF,iShares Defense Industrials and Tech Active ETF,31.39,USD,31.51,USD,31.19,USD,31.2272,USD,633290
KRE,State Street SPDR S&P Regional Banking ETF,69.82,USD,70.26,USD,69.11,USD,69.44,USD,22328628
IVOO,Vanguard S&P Mid-Cap 400 ETF,122.91,USD,122.91,USD,121.76,USD,121.76,USD,100763
GVI,iShares Intermediate Government/Credit Bond ETF,103.27,USD,103.27,USD,102.99,USD,103.07,USD,286114
INTF,iShares International Equity Factor ETF,41.97,USD,41.99,USD,41.51,USD,41.51,USD,585567
EWU,iShares MSCI United Kingdom ETF,46.94,USD,47.035,USD,46.505,USD,46.53,USD,1088634
DFGR,Dimensional Global Real Estate ETF,27.35,USD,27.4164,USD,27.04,USD,27.05,USD,939166
TOTL,State Street DoubleLine Total Return Tactical ETF,37.5,USD,37.505,USD,37.35,USD,37.42,USD,723531
LRGF,iShares U.S. Equity Factor ETF,78.29,USD,78.57,USD,77.81,USD,77.85,USD,291685
IWX,iShares Russell Top 200 Value ETF,109.99,USD,110.52,USD,109.52,USD,109.53,USD,220484
EDV,Vanguard Extended Duration Treasury ETF,55.95,USD,55.98,USD,55.155,USD,55.45,USD,7491438
ISSHF,iShares II plc.,163.675,USD,163.675,USD,163.675,USD,163.675,USD,244
IXUAF,Ishares III Plc,7.0906,USD,7.0906,USD,7.0836,USD,7.0836,USD,19575
SSEEF,SSGA SPDR ETFS Europe I PLC,81.2272,USD,81.6423,USD,81.2272,USD,81.6423,USD,2830
HYMB,State Street SPDR Nuveen ICE High Yield Municipal Bond ETF,23.45,USD,23.6,USD,23.4376,USD,23.47,USD,6176436
ISVUF,ISHARES IV PLC,19.2366,USD,19.2366,USD,19.0067,USD,19.0067,USD,159292
PGX,Invesco Preferred ETF,10.14,USD,10.14,USD,10.04,USD,10.07,USD,6223922
FLXR,TCW Flexible Income ETF,37.97,USD,38.03,USD,37.88,USD,37.93,USD,1457670
XOP,State Street SPDR S&P Oil & Gas Exploration & Production ETF,179.73,USD,181.845,USD,179.05,USD,179.33,USD,2096644
EEMV,iShares MSCI Emerging Markets Min Vol Factor ETF,74.27,USD,74.5234,USD,73.93,USD,74.05,USD,568051
SILJ,Amplify Junior Silver Miners ETF,27.8,USD,27.98,USD,27.265,USD,27.28,USD,2880373
SMTH,ALPS Smith Core Plus Bond ETF,24.58,USD,24.59,USD,24.51,USD,24.54,USD,689788
FHLC,Fidelity MSCI Health Care Index ETF,82.5,USD,82.69,USD,81.7,USD,81.7,USD,1266054
IHSFF,iShares II plc.,249.5252,USD,250.1796,USD,248.3664,USD,248.5577,USD,4495
NLR,VanEck Uranium and Nuclear ETF,104.74,USD,105.99,USD,103.06,USD,103.46,USD,392575
VNGUF,Vanguard Funds PLC,83.2233,USD,83.2233,USD,83.2233,USD,83.2233,USD,7277
DFGP,Dimensional Global Core Plus Fixed Income ETF,52.04,USD,52.055,USD,51.865,USD,51.926,USD,725080
DCOR,US Core Equity 1 Portfolio ETF Class Shares,83.2336,USD,83.44,USD,82.66,USD,82.66,USD,119071
CALF,Pacer US Small Cap Cash Cows ETF,53.65,USD,53.8451,USD,53.28,USD,53.28,USD,311674
FRDM,Freedom 100 Emerging Markets ETF,70.77,USD,70.77,USD,69.875,USD,69.96,USD,227501
USCA,Xtrackers MSCI USA Climate Action Equity ETF,45.64,USD,45.74,USD,45.4565,USD,45.4565,USD,77786
BSCS,Invesco BulletShares 2028 Corporate Bond ETF,20.15,USD,20.15,USD,20.12,USD,20.125,USD,2367763
ISRPF,IShares Plc.,94.9675,USD,94.9675,USD,94.7526,USD,94.7526,USD,2251
VTEC,Vanguard California Tax-Exempt Bond ETF,94.02,USD,94.525,USD,94,USD,94.28,USD,1174429
VTES,Vanguard Wellington Fund Vanguard Short-Term Tax Exempt Bond ETF,98.23,USD,98.71,USD,98.2249,USD,98.6,USD,1035320
IHI,iShares U.S. Medical Devices ETF,51.66,USD,51.66,USD,51.14,USD,51.15,USD,3109829
VNLA,Janus Henderson Short Duration Income ETF,48.58,USD,48.58,USD,48.55,USD,48.56,USD,465422
BCI,abrdn Bloomberg All Commodity Strategy K-1 Free ETF,26.08,USD,26.105,USD,25.85,USD,25.87,USD,998941
VNGLF,Vanguard Funds PLC,67.5305,USD,67.5305,USD,67.04,USD,67.04,USD,29162
CGMM,Capital Group U.S. Small and Mid Cap ETF,31.28,USD,31.28,USD,30.95,USD,30.96,USD,856158
SHM,State Street SPDR Nuveen ICE Short Term Municipal Bond ETF,46.52,USD,46.69,USD,46.5,USD,46.65,USD,747276
VGWEF,Vanguard Funds PLC,105.35,USD,105.35,USD,105.35,USD,105.35,USD,428
GCOW,Pacer Global Cash Cows Dividend ETF,45.09,USD,45.09,USD,44.7,USD,44.75,USD,265863
FWD,AB Disruptors ETF,132.4,USD,132.43,USD,131.525,USD,131.61,USD,120763
VCRPF,Vanguard Funds PLC,59.5808,USD,59.5808,USD,59.0203,USD,59.4042,USD,35322
FELV,Fidelity Enhanced Large Cap Value ETF,41.64,USD,41.7,USD,41.35,USD,41.37,USD,575100
MLPX,Global X MLP & Energy Infrastructure ETF,70.5,USD,70.61,USD,69.58,USD,69.82,USD,474935
FLTR,VanEck IG Floating Rate ETF,25.582,USD,25.59,USD,25.58,USD,25.59,USD,1451110
GSUS,Goldman Sachs MarketBeta U.S. Equity ETF,106.17,USD,106.42,USD,105.545,USD,105.57,USD,469463
GARP,iShares MSCI USA Quality GARP ETF,85.53,USD,85.9399,USD,85.26,USD,85.26,USD,432433
VFUUF,Vanguard Funds PLC,194.48,USD,195.2827,USD,193.538,USD,193.538,USD,6540
XYLD,Global X S&P 500 Covered Call ETF,41.65,USD,41.66,USD,41.5,USD,41.52,USD,408608
PTLC,Pacer Trendpilot US Large Cap ETF,59.84,USD,60.065,USD,59.51,USD,59.51,USD,149785
BOTZ,Global X Robotics & Artificial Intelligence ETF,35.42,USD,35.59,USD,35.22,USD,35.23,USD,396376
FTGC,First Trust Global Tactical Commodity Strategy Fund,30.86,USD,30.86,USD,30.59,USD,30.59,USD,521108
SKYY,First Trust Cloud Computing ETF,163.55,USD,166.03,USD,163.55,USD,163.99,USD,118181
ACWV,iShares MSCI Global Min Vol Factor ETF,123.45,USD,123.48,USD,122.73,USD,122.73,USD,71733
HACK,Amplify Cybersecurity ETF,120.15,USD,122.5,USD,119.91,USD,121.24,USD,323488
PMIFF,PIMCO CANADA CORP MONTHLY INCOME FD CDA UNIT,12.4274,USD,12.4274,USD,12.4274,USD,12.4274,USD,2867
IBDV,iShares iBonds Dec 2030 Term Corporate ETF,21.17,USD,21.21,USD,21.1001,USD,21.14,USD,1233134
VNQI,Vanguard Global ex-U.S. Real Estate ETF,42.86,USD,42.88,USD,42.52,USD,42.52,USD,324026
SPUS,SP Funds S&P 500 Sharia Industry Exclusions ETF,59.81,USD,60.12,USD,59.54,USD,59.54,USD,451548
CGGE,Capital Group Global Equity ETF,35.11,USD,35.16,USD,34.8,USD,34.81,USD,404074
BSCQ,Invesco BulletShares 2026 Corporate Bond ETF,19.53,USD,19.53,USD,19.52,USD,19.52,USD,1057638
CGHM,Capital Group Municipal High-Income ETF,23.95,USD,24.1499,USD,23.95,USD,24.07,USD,2019864
HYLB,Xtrackers USD High Yield Corporate Bond ETF,35.33,USD,35.37,USD,35.21,USD,35.22,USD,3662952
ILCG,iShares Morningstar Large-Cap Growth ETF,117.59,USD,117.995,USD,116.97,USD,116.97,USD,184574
ISVFF,ISHARES V PLC,13.7569,USD,13.7889,USD,13.7475,USD,13.7628,USD,5296
QGRW,WisdomTree U.S. Quality Growth Fund,68.95,USD,69.34,USD,68.68,USD,68.68,USD,187630
UCON,First Trust Smith Unconstrained Bond ETF,23.89,USD,23.92,USD,23.73,USD,23.745,USD,1339796
SPHD,Invesco S&P 500 High Dividend Low Volatility ETF,48.77,USD,48.79,USD,48.17,USD,48.18,USD,1182281
CNEQ,Alger Concentrated Equity ETF,40.84,USD,41,USD,40.6,USD,40.63,USD,281555
SOXQ,Invesco PHLX Semiconductor ETF,99.65,USD,100.17,USD,98.78,USD,99.4,USD,707333
ISPHF,ISHARES PHYSICAL METALS PLC,57.963,USD,57.963,USD,57.3587,USD,57.3587,USD,618
IIPUF,ISHARES IV PLC EUR ULTRASHORT BD UCITS ETF EUR ACC,6.3839,USD,6.3839,USD,6.3839,USD,6.3839,USD,11904
WTV,WisdomTree U.S. Value Fund,103.22,USD,103.37,USD,102.43,USD,102.44,USD,127813
CGNG,Capital Group New Geography Equity ETF,36.75,USD,36.75,USD,36.39,USD,36.45,USD,570844
VAW,Vanguard Materials ETF,220.94,USD,221.77,USD,218.17,USD,218.17,USD,45482
IBDR,iShares iBonds Dec 2026 Term Corporate ETF,24.24,USD,24.24,USD,24.23,USD,24.24,USD,594127
XSD,State Street SPDR S&P Semiconductor ETF,531.65,USD,534.51,USD,525.735,USD,529.62,USD,62639
BDYN,iShares Dynamic Equity Active ETF,27.87,USD,28.05,USD,27.81,USD,27.8409,USD,371967
FNDC,Schwab Fundamental International Small Equity ETF,50.2,USD,50.21,USD,49.82,USD,49.83,USD,72486
AVSC,Avantis U.S Small Cap Equity ETF,69.76,USD,69.76,USD,69.14,USD,69.14,USD,106370
FLRN,State Street SPDR Bloomberg Investment Grade Floating Rate ETF,30.84,USD,30.84,USD,30.82,USD,30.84,USD,1004900
ANGL,VanEck Fallen Angel High Yield Bond ETF,27.6517,USD,27.6517,USD,27.6517,USD,27.6517,USD,62
MUNI,PIMCO Intermediate Municipal Bond Active Exchange-Traded Fund,49.55,USD,49.8,USD,49.55,USD,49.69,USD,2350276
ISHBF,ISHARES IV PLC,4.233,USD,4.2402,USD,4.2111,USD,4.24,USD,236081
SCMB,Schwab Municipal Bond ETF,24.05,USD,24.225,USD,24.05,USD,24.16,USD,3768120
NULG,Nuveen ESG Large-Cap Growth ETF,114.17,USD,114.37,USD,113.64,USD,113.69,USD,63634
BHYB,Xtrackers USD High Yield BB-B ex Financials ETF,52.6,USD,52.6,USD,52.4618,USD,52.4618,USD,483171
IYY,iShares Dow Jones U.S. ETF,186.21,USD,186.855,USD,185.38,USD,185.4,USD,10921
FLCB,Franklin U.S. Core Bond ETF,20.45,USD,20.46,USD,20.38,USD,20.425,USD,2221647
BZSPF,BMO ASSET MANAGEMENT INC,84.56,USD,84.56,USD,84.56,USD,84.56,USD,400
TMSL,T. Rowe Price Small-Mid Cap ETF,41.16,USD,41.16,USD,40.57,USD,40.7,USD,781093
VRP,Invesco Variable Rate Preferred ETF,23.7,USD,23.75,USD,23.66,USD,23.71,USD,699093
IXC,iShares Global Energy ETF,57.25,USD,57.52,USD,56.9406,USD,56.97,USD,362124
FBT,First Trust Amex Biotech Index Fund,273.08,USD,275.23,USD,271.5851,USD,272.26,USD,101444
NFRA,Northern Trust STOXX Global Broad Infrastructure ETF,63,USD,63,USD,62.38,USD,62.38,USD,86942
PXF,Invesco RAFI Developed Markets ex-U.S. ETF,77.01,USD,77.0182,USD,76.2,USD,76.23,USD,88054
BSCT,Invesco BulletShares 2029 Corporate Bond ETF,18.22,USD,18.22,USD,18.18,USD,18.2,USD,881563
IMSIF,iShares II plc.,9.8365,USD,9.8365,USD,9.825,USD,9.825,USD,1032
VNGBF,Vanguard Funds PLC,61.7041,USD,61.7041,USD,61.5303,USD,61.5303,USD,7517
ISMMF,ISHARES IV PLC,15.361,USD,15.361,USD,15.361,USD,15.361,USD,3780
ISHOF,Ishares III Plc,111.3057,USD,111.3057,USD,110.9255,USD,110.9255,USD,2014
TBLL,Invesco Short Term Treasury ETF,105.56,USD,105.56,USD,105.55,USD,105.56,USD,207554
XSMO,Invesco S&P SmallCap Momentum ETF,82.87,USD,83.1499,USD,81.58,USD,81.58,USD,357616
SECT,Main Sector Rotation ETF,71.89,USD,72.09,USD,71.55,USD,71.55,USD,108027
FTNQF,FIRST TRUST GLOBAL FUNDS ICAV FT CLEAN EDGE SMART GRID INFRA UCITS ETF,61.8524,USD,61.8524,USD,61.8524,USD,61.8524,USD,1010
CPLCF,IShares VII PLC,670.5352,USD,670.5352,USD,668.4704,USD,668.4704,USD,244
JMEE,JPMorgan Small & Mid Cap Enhanced Equity ETF,74.26,USD,74.26,USD,73.55,USD,73.58,USD,122426
FIXD,First Trust Smith Opportunistic Fixed Income ETF,41.55,USD,41.55,USD,41.21,USD,41.27,USD,732014
PSI,Invesco Semiconductors ETF,152.25,USD,153.03,USD,150.59,USD,152.47,USD,205589
ISHZF,Ishares III Plc,165.986,USD,165.986,USD,165.986,USD,165.986,USD,1385
USCL,iShares Climate Conscious & Transition MSCI USA ETF,86.3434,USD,86.3434,USD,86.3434,USD,86.3434,USD,21
IGVTF,ISHARES VII PLC EUR GOVT BD 1-3YR UCITS ETF EUR ACC,131.5887,USD,131.7823,USD,131.5887,USD,131.7823,USD,10502
CWI,State Street SPDR MSCI ACWI ex-US ETF,40.76,USD,40.76,USD,40.39,USD,40.41,USD,521497
SPYX,State Street SPDR S&P 500 Fossil Fuel Reserves Free ETF,62.84,USD,63.0175,USD,62.48,USD,62.48,USD,104151
ISHYF,iShares II plc.,7.3533,USD,7.39,USD,7.32,USD,7.39,USD,29773
IMBXF,ISHARES IV PLC,5.3833,USD,5.3873,USD,5.3326,USD,5.3873,USD,819018
FXL,First Trust Technology AlphaDEX,221.17,USD,222.1333,USD,220.5,USD,221,USD,27304
XNAQF,XTRACKERS IE PLC,70.7629,USD,70.9685,USD,70.7629,USD,70.9232,USD,5891
SNPE,Xtrackers S&P 500 Scored & Screened ETF,70.36,USD,70.6,USD,69.89,USD,69.93,USD,214739
MDYG,State Street SPDR S&P 400 Mid Cap Growth ETF,105.23,USD,105.23,USD,104.45,USD,104.53,USD,84178
SCYB,Schwab High Yield Bond ETF,25.31,USD,25.36,USD,25.22,USD,25.24,USD,1538114
TFI,State Street SPDR Nuveen ICE Municipal Bond ETF,42.68,USD,42.89,USD,42.6,USD,42.77,USD,1651286
EQWL,Invesco S&P 100 Equal Weight ETF,130.03,USD,130.076,USD,129,USD,129.05,USD,184749
JMOM,JPMorgan U.S. Momentum Factor ETF,84.01,USD,84.01,USD,83.29,USD,83.35,USD,65792
IPAC,iShares Core MSCI Pacific ETF,85.87,USD,86.0599,USD,85.09,USD,85.11,USD,74033
CGSD,Capital Group Short Duration Income ETF,25.29,USD,25.29,USD,25.24,USD,25.25,USD,493046
BSCU,Invesco BulletShares 2030 Corporate Bond ETF,16.17,USD,16.17,USD,16.12,USD,16.14,USD,1182520
ESML,iShares ESG Aware MSCI USA Small-Cap ETF,52.5,USD,52.5,USD,52,USD,52,USD,107840
EWL,iShares MSCI Switzerland ETF,59.88,USD,59.88,USD,59,USD,59.15,USD,563868
PWB,Invesco Large Cap Growth ETF,163.22,USD,163.23,USD,162.14,USD,162.15,USD,169975
PSC,Principal U.S. Small-Cap ETF,67.28,USD,67.39,USD,66.69,USD,66.7298,USD,97873
PRFZ,Invesco RAFI US 1500 Small-Mid ETF,52.48,USD,52.71,USD,52.31,USD,52.33,USD,1323969
MDYV,State Street SPDR S&P 400 Mid Cap Value ETF,89.57,USD,89.57,USD,88.5,USD,88.51,USD,145899
AAAU,Goldman Sachs Physical Gold ETF Shares,41.32,USD,41.33,USD,40.865,USD,40.96,USD,1367899
OUNZ,VanEck Merk Gold ETF,40.26,USD,40.295,USD,39.84,USD,39.9,USD,388344
IBGAF,Ishares III Plc,4.2737,USD,4.2737,USD,4.2737,USD,4.2737,USD,1223210
USTB,VictoryShares Short-Term Bond ETF,49.95,USD,49.95,USD,49.87,USD,49.88,USD,612043
DIVI,Franklin International Core Dividend Tilt Index ETF,43.05,USD,43.05,USD,42.585,USD,42.66,USD,127355
KOMP,State Street SPDR S&P Kensho New Economies Composite ETF,67.12,USD,67.21,USD,66.45,USD,66.45,USD,79469
FTCB,First Trust Core Investment Grade ETF,19.8,USD,19.8,USD,19.7132,USD,19.74,USD,443151
TAGG,T. Rowe Price QM U.S. Bond ETF,40.55,USD,40.56,USD,40.38,USD,40.56,USD,366338
VGDFF,Vanguard Funds PLC,59.6041,USD,59.6041,USD,59.6041,USD,59.6041,USD,401
GLTR,abrdn Physical Precious Metals Basket Shares ETF,188.04,USD,188.04,USD,185.76,USD,186.3,USD,29871
IEMXF,ISHARES VI PLC,75.7721,USD,75.7721,USD,75.7721,USD,75.7721,USD,2916
CGIC,Capital Group International Core Equity ETF,36.28,USD,36.28,USD,35.923,USD,35.98,USD,548457
EQSGF,Invesco Markets plc,96.1981,USD,96.2281,USD,96.1981,USD,96.2281,USD,972
IBDW,iShares iBonds Dec 2031 Term Corporate ETF,20.1,USD,20.24,USD,20.03,USD,20.06,USD,2096082
ISJPF,iShares II plc.,6.3652,USD,6.3652,USD,6.3234,USD,6.3234,USD,66261
UITB,VictoryShares Core Intermediate Bond ETF,44.74,USD,44.76,USD,44.5901,USD,44.6435,USD,324169
SCHY,Schwab International Dividend Equity ETF,31.67,USD,31.67,USD,31.37,USD,31.4,USD,563891
XTRKF,XTRACKERS IE PLC,428.4657,USD,428.4657,USD,428.4657,USD,428.4657,USD,13
CQQQ,Invesco China Technology ETF,45.06,USD,45.1,USD,44.8,USD,44.9,USD,1348613
TDTT,Northern Trust iBoxx 3-Year Target Duration TIPS ETF,23.25,USD,23.26,USD,23.21,USD,23.225,USD,1168218
FEGE,First Eagle Global Equity ETF,50.7,USD,50.7,USD,50.15,USD,50.19,USD,296863
FTHI,First Trust BuyWrite Income ETF,23.76,USD,23.865,USD,23.55,USD,23.59,USD,726442
ISVBF,ISHARES IV PLC,5.3997,USD,5.3997,USD,5.3997,USD,5.3997,USD,4379
IAACF,ISHARES IV PLC,5.7839,USD,5.7839,USD,5.7839,USD,5.7839,USD,720500
FLIN,Franklin FTSE India ETF,33.54,USD,33.585,USD,33.485,USD,33.49,USD,813432
NULV,Nuveen ESG Large-Cap Value ETF,53.07,USD,53.15,USD,52.65,USD,52.65,USD,479997
UCBG,State Street SPDR UC Investments 90/10 Endowment Strategy Index ETF,50.46,USD,50.46,USD,50.1733,USD,50.1733,USD,3021
FSMD,Fidelity Small-Mid Multifactor ETF,49.5,USD,49.59,USD,49.17,USD,49.17,USD,181104
NUGO,Nuveen Growth Opportunities ETF,44.62,USD,44.6773,USD,44.22,USD,44.22,USD,415601
IGLB,iShares 10 Year Investment Grade Corporate Bond ETF,45.89,USD,45.895,USD,45.5649,USD,45.66,USD,3508108
JHCR,John Hancock Core Bond ETF,24.08,USD,24.09,USD,23.99,USD,24.05,USD,501759
APUE,ActivePassive U.S. Equity ETF,47.18,USD,47.38,USD,46.98,USD,46.98,USD,119896
CGIE,Capital Group International Equity ETF,37.02,USD,37.035,USD,36.67,USD,36.705,USD,574146
ITBFF,IShares Plc.,125.0325,USD,125.0325,USD,124.8475,USD,124.8475,USD,2744
PABU,iShares Paris-Aligned Climate Optimized MSCI USA ETF,78.86,USD,78.94,USD,78.515,USD,78.515,USD,132597
KLMN,Invesco MSCI North America Climate ETF,31.3907,USD,31.3907,USD,31.3907,USD,31.3907,USD,1130
ISCMF,ISHARES VI PLC,10.6803,USD,10.6803,USD,10.64,USD,10.64,USD,14201
IISGF,iShares II plc.,36.3986,USD,36.3986,USD,36.3986,USD,36.3986,USD,136
GTO,Invesco Total Return Bond ETF,44.69,USD,44.69,USD,44.52424,USD,44.59,USD,493157
FTSL,First Trust Senior Loan Fund,44.67,USD,44.68,USD,44.5595,USD,44.57,USD,573237
SLQD,iShares 0-5 Year Investment Grade Corporate Bond ETF,49.286248,USD,49.286248,USD,49.286248,USD,49.286248,USD,5
HIMU,iShares High Yield Muni Active ETF,45.46,USD,45.86,USD,45.45,USD,45.68,USD,1097258
ITB,iShares U.S. Home Construction ETF,88.81,USD,89.0625,USD,87,USD,87.02,USD,1724196
EWP,iShares MSCI Spain ETF,59.72,USD,59.88,USD,59.18,USD,59.2,USD,303225
PICK,iShares MSCI Global Select Metals & Mining Producers Fund,60.41,USD,61.32,USD,59.87,USD,59.96,USD,1659387
VFEAF,Vanguard Funds PLC,87.6639,USD,87.6639,USD,87.4777,USD,87.4777,USD,916
ACIO,Aptus Collared Income Opportunity ETF,47.08,USD,47.26,USD,46.89,USD,46.92,USD,114557
IBTH,iShares iBonds Dec 2027 Term Treasury ETF,22.250764,USD,22.250764,USD,22.250764,USD,22.250764,USD,20
GUSA,Goldman Sachs MarketBeta U.S. 1000 Equity ETF,65.8972,USD,65.8972,USD,65.8972,USD,65.8972,USD,75
CLIP,Global X 1-3 Month T-Bill ETF,100.34,USD,100.35,USD,100.34,USD,100.34,USD,204522
PFXF,VanEck Preferred Securities ex Financials ETF,17.58,USD,17.63,USD,17.48,USD,17.52,USD,809074
BSVO,EA Bridgeway Omni Small-Cap Value ETF,28.19,USD,28.24,USD,27.94,USD,27.9591,USD,157339
DFSU,Dimensional US Sustainability Core 1 ETF,47.495,USD,47.58,USD,47.13,USD,47.17,USD,145067
RING,iShares MSCI Global Gold Miners ETF,78.05,USD,78.23,USD,76.59,USD,76.61,USD,378045
FIDU,Fidelity MSCI Industrials Index ETF,89.77,USD,89.77,USD,88.54,USD,88.58,USD,619195
CLOA,iShares AAA CLO Active ETF,51.680025,USD,51.680025,USD,51.680025,USD,51.680025,USD,114
FLDR,Fidelity Low Duration Bond Factor ETF,49.74,USD,49.78,USD,49.74,USD,49.7524,USD,651755
HFXI,NYLIM FTSE International Equity Currency Neutral ETF,37.49,USD,37.555,USD,37.17,USD,37.17,USD,312800
COWG,Pacer US Large Cap Cash Cows Growth Leaders ETF,39.74,USD,40.15,USD,39.64,USD,39.88,USD,308792
IHCNF,IShares VII PLC,304.8424,USD,304.8424,USD,302.1818,USD,302.1818,USD,5671
DUSB,Dimensional Ultrashort Fixed Income ETF,50.52,USD,50.52,USD,50.48,USD,50.49,USD,283600
FLMI,Franklin Dynamic Municipal Bond ETF,23.25,USD,23.405,USD,23.25,USD,23.32,USD,4082760
ISRUF,ISHARES V PLC,15.988,USD,15.988,USD,15.8274,USD,15.9,USD,32000
FNCL,Fidelity MSCI Financials Index ETF,76.59,USD,76.59,USD,75.72,USD,75.72,USD,765892
MLPA,Global X MLP ETF,53.83,USD,53.89,USD,52.99,USD,53.24,USD,471838
HDEF,Xtrackers MSCI EAFE High Dividend Yield Equity ETF,32.67,USD,32.67,USD,32.31,USD,32.35,USD,200710
IWL,iShares Russell Top 200 ETF,191.13,USD,191.89,USD,190.16,USD,190.16,USD,37641
EBND,State Street SPDR Bloomberg Emerging Markets Local Bond ETF,20.65,USD,20.7,USD,20.6,USD,20.6,USD,579861
JPRF,JPMorgan Preferred and Income Securities ETF,48.47,USD,48.47,USD,48.31,USD,48.31,USD,159487
CRUX,Columbia Core Bond ETF,28.61,USD,28.61,USD,28.5143,USD,28.545,USD,153714
ISUDF,ISHARES IV PLC,6.4357,USD,6.4443,USD,6.4357,USD,6.4371,USD,858160
EPP,iShares MSCI Pacific Ex-Japan Index Fund,55.37,USD,55.485,USD,54.99,USD,55.03,USD,287874
ICLN,iShares Global Clean Energy ETF,17.19,USD,17.225,USD,17,USD,17,USD,5960275
ARKG,ARK Genomic Revolution ETF,54.25,USD,55.3,USD,54.06,USD,54.22,USD,3578441
DFNM,Dimensional National Municipal Bond ETF,45.92,USD,46.1,USD,45.92,USD,46.03,USD,1037865
JPHY,JPMorgan Active High Yield ETF,48.92,USD,48.935,USD,48.75,USD,48.75,USD,34462
QDF,Northern Trust Quality Dividend ETF,90.76,USD,91.0532,USD,90.24,USD,90.24,USD,43472
TILT,Northern Trust Morningstar US Market Factor Tilt ETF,278.94,USD,278.94,USD,277.2747,USD,277.2747,USD,3546
TCHP,T. Rowe Price Blue Chip Growth ETF,51.55,USD,51.83,USD,51.38,USD,51.41,USD,292939
FLQL,Franklin U.S. Large Cap Multifactor Index ETF,78.93,USD,79.045,USD,78.35,USD,78.43,USD,124659
VCRM,Vanguard Core Tax-Exempt Bond ETF,71.44,USD,72.015,USD,71.42,USD,71.57,USD,1771445
DFEV,Dimensional Emerging Markets Value ETF,42.6,USD,42.6699,USD,42.31,USD,42.4,USD,227291
TMFC,Motley Fool 100 Index ETF,80.19,USD,80.76,USD,80.08,USD,80.08,USD,64168
SPBO,State Street SPDR Portfolio Corporate Bond ETF,27.59,USD,27.59,USD,27.4738,USD,27.49,USD,1495395
BGIG,Bahl & Gaynor Income Growth ETF,35.53,USD,35.53,USD,35.15,USD,35.16,USD,483323
HTRB,Hartford Total Return Bond ETF,32.15,USD,32.15,USD,32,USD,32.05,USD,382679
BFLX,iShares Flexible Equity Active ETF,25.83,USD,25.89,USD,25.67,USD,25.68,USD,1164679
FINA,Fidelity MSCI North American Subset Index ETF,25.73,USD,25.73,USD,25.5841,USD,25.5841,USD,886
ISRZF,iShares II plc.,93.0065,USD,93.0065,USD,93.0065,USD,93.0065,USD,755
IBRHF,ISHARES III PLC BROAD USD HIGH YIELD CORP BD UCITS ETF U,4.5356,USD,4.5443,USD,4.5356,USD,4.5443,USD,13028
EMOP,AB Emerging Markets Opportunities ETF,51.1,USD,51.19,USD,50.83,USD,50.94,USD,52900
PFFD,Global X U.S. Preferred ETF,17.7,USD,17.7,USD,17.53,USD,17.6,USD,1013872
XCEM,Columbia EM Core ex-China ETF,51.63,USD,51.759,USD,51.16,USD,51.41,USD,112026
IYG,iShares U.S. Financial Services ETF,91,USD,91,USD,89.92,USD,89.92,USD,46573
IHDG,WisdomTree International Hedged Quality Dividend Growth Fund,52.24,USD,52.28,USD,51.84,USD,51.9,USD,89117
FENY,Fidelity MSCI Energy Index ETF,34.1,USD,34.225,USD,33.85,USD,33.9,USD,1746379
WCMI,First Trust WCM International Equity ETF,19.26,USD,19.27,USD,19.065,USD,19.08,USD,1086966
XSOE,WisdomTree Emerging Markets Ex-State Owned Enterprises Fund,47.07,USD,47.09,USD,46.68,USD,46.85,USD,79437
IWATF,iShares II plc.,73.913,USD,73.913,USD,73.913,USD,73.913,USD,1732
XNTK,State Street SPDR NYSE Technology ETF,381.51,USD,383.645,USD,381.485,USD,382.19,USD,29627
IBTI,iShares iBonds Dec 2028 Term Treasury ETF,21.841063,USD,21.841063,USD,21.841063,USD,21.841063,USD,700
AVIV,Avantis International Large Cap Value ETF,80.46,USD,80.46,USD,79.44,USD,79.63,USD,104259
VGUDF,Vanguard Funds PLC,45.8184,USD,45.8184,USD,45.8184,USD,45.8184,USD,670
BUG,Global X Cybersecurity ETF,45.69,USD,46.86,USD,45.49,USD,46.18,USD,1739393
ICF,iShares Select U.S. REIT ETF,63.66,USD,63.66,USD,62.85,USD,62.9,USD,245173
CGCV,Capital Group Conservative Equity ETF,32.36,USD,32.36,USD,32.04,USD,32.08,USD,279882
DES,WisdomTree U.S. SmallCap Dividend Fund,38.28,USD,38.32,USD,37.9,USD,37.9,USD,90705
PXH,Invesco RAFI Emerging Markets ETF,29.14,USD,29.25,USD,29.04,USD,29.07,USD,133967
PPLT,abrdn Physical Platinum Shares ETF,15.52,USD,15.535,USD,15.3533,USD,15.41,USD,2306828
SPGP,Invesco S&P 500 GARP ETF,119.71,USD,119.8,USD,118.819,USD,118.82,USD,32031
ITM,VanEck Intermediate Muni ETF,43.82,USD,44.07,USD,43.8,USD,44,USD,1216965
USPX,Franklin U.S. Equity Index ETF,67.1,USD,67.31,USD,66.8053,USD,66.816,USD,288314
FUTY,Fidelity MSCI Utilities Index ETF,51.44,USD,51.64,USD,51.02,USD,51.05,USD,2518401
ARKW,ARK Next Generation Internet ETF,162.03,USD,162.1022,USD,160.14,USD,160.14,USD,37158
DTCR,Global X Data Center & Digital Infrastructure ETF,27.5,USD,27.525,USD,27.125,USD,27.14,USD,660036
BKDV,BNY Mellon Dynamic Value ETF,33.94,USD,33.98,USD,33.68,USD,33.7,USD,613234
JPEF,JPMorgan Equity Focus ETF,81.56,USD,81.885,USD,81.17,USD,81.2719,USD,55597
ROBO,ROBO Global Robotics and Automation Index ETF,80.68,USD,81.1,USD,80.32,USD,80.46,USD,78850
BBMC,JPMorgan BetaBuilders U.S. Mid Cap Equity ETF,121.03,USD,121.25,USD,120.32,USD,120.41,USD,547179
TIPX,State Street SPDR Bloomberg 1a??10 Year TIPS ETF,18.23,USD,18.2374,USD,18.1824,USD,18.21,USD,3442756
XHLF,BondBloxx Bloomberg Six Month Target Duration US Treasury ETF,50.24,USD,50.25,USD,50.23,USD,50.25,USD,196785
IYJ,iShares U.S. Industrials ETF,155.89,USD,155.89,USD,153.37,USD,153.37,USD,26678
DSTL,Distillate U.S. Fundamental Stability & Value ETF,64.06,USD,64.3535,USD,63.98,USD,63.98,USD,52196
GSEW,Goldman Sachs Equal Weight U.S. Large Cap Equity ETF,94.1,USD,94.1,USD,93.06,USD,93.08,USD,231782
DIVB,iShares Core Dividend ETF,64.89,USD,65.08,USD,64.5,USD,64.51,USD,224990
IHSZF,iShares II plc.,20.9955,USD,21.0256,USD,20.9955,USD,21.0256,USD,1018
VPLS,Vanguard Core Plus Bond ETF,73.7169,USD,73.7169,USD,73.7169,USD,73.7169,USD,1
QGRO,American Century U.S. Quality Growth ETF,117.73,USD,118.35,USD,117.23,USD,117.23,USD,61843
IBTG,iShares iBonds Dec 2026 Term Treasury ETF,22.810009,USD,22.810009,USD,22.810009,USD,22.810009,USD,1
AVIG,Avantis Core Fixed Income ETF,39.46,USD,39.4681,USD,39.31,USD,39.39,USD,290625
RWJ,Invesco S&P SmallCap 600 Revenue ETF,56.92,USD,56.92,USD,56.22,USD,56.22,USD,72048
EMGF,iShares Emerging Markets Equity Factor ETF,71.7,USD,71.86,USD,71.27,USD,71.54,USD,372809
UBND,VictoryShares Core Plus Bond ETF,20.7,USD,20.71,USD,20.63,USD,20.655,USD,221988
FEOE,First Eagle Overseas Equity ETF,53.82,USD,54.16,USD,53.6012,USD,53.77,USD,172900
RPG,Invesco S&P 500 Pure Growth ETF,58.99,USD,59,USD,58.37,USD,58.37,USD,186634
IUQFF,ISHARES IV PLC,18.9095,USD,18.9445,USD,18.9095,USD,18.9345,USD,131143
IHSRF,ISHARES VI PLC,117.2048,USD,117.3413,USD,116.9542,USD,116.9542,USD,9106
FMB,First Trust Managed Municipal ETF,47.76,USD,48.08,USD,47.76,USD,47.86,USD,472986
UAOLF,ISHARES TREASURY BOND 0 3 MONTH UCITS ETF,108.5,USD,108.5,USD,108.5,USD,108.5,USD,841800
DBC,Invesco DB Commodity Index Tracking Fund,32.56,USD,32.6156,USD,32.32,USD,32.32,USD,1182243
VFMO,Vanguard U.S. Momentum Factor ETF,228.2,USD,228.83,USD,227.07,USD,227.07,USD,35650
CHAT,Roundhill Generative AI & Technology ETF,92.83,USD,93.125,USD,91.89,USD,91.98,USD,195579
CSHI,NEOS Enhanced Income Cash Alternative ETF,49.7,USD,49.73,USD,49.7,USD,49.71,USD,1056448
IYT,iShares U.S. Transportation ETF,79.54,USD,79.75,USD,78.52,USD,78.52,USD,994631
ZROZ,PIMCO 25 Year Zero Coupon U.S. Treasury Index Exchange-Traded Fund,54.41,USD,54.41,USD,53.655,USD,53.92,USD,1597177
QQEW,First Trust Nasdaq-100 Select Equal Weight ETF,163.17,USD,163.515,USD,162.62,USD,162.73,USD,35880
PHO,Invesco Water Resources ETF,68.41,USD,68.48,USD,67.8,USD,67.83,USD,56501
BNDW,Vanguard Total World Bond ETF,65.6538,USD,65.6538,USD,65.6538,USD,65.6538,USD,247
ISJMF,ISHARES V PLC,6.6524,USD,6.6524,USD,6.6085,USD,6.628,USD,15329
ISEXF,IShares Plc.,97.5988,USD,97.5988,USD,97.5988,USD,97.5988,USD,76000
IDEQ,Lazard International Dynamic Equity ETF,35.37,USD,35.37,USD,34.9528,USD,35.02,USD,317237
PREF,Principal Spectrum Preferred Securities Active ETF,18.37,USD,18.385,USD,18.33,USD,18.35,USD,263943
ARKQ,ARK Autonomous Technology & Robotics ETF,121.51,USD,122.44,USD,121.21,USD,121.25,USD,116618
LCAP,Principal Capital Appreciation Select ETF,33.9,USD,33.98,USD,33.66,USD,33.66,USD,42030
IDOWF,IShares VII PLC,625.6527,USD,625.6527,USD,625.6527,USD,625.6527,USD,112
EUSA,iShares MSCI USA Equal Weighted ETF,112.37,USD,112.6135,USD,111.34,USD,111.34,USD,67788
BKGI,BNY Mellon Global Infrastructure Income ETF,42.37,USD,42.37,USD,41.93,USD,41.93,USD,324980
FCBRF,First Trust Global Funds Plc,64.8475,USD,64.8475,USD,64.8475,USD,64.8475,USD,2500
FPEI,First Trust Institutional Preferred Securities and Income ETF,18.48,USD,18.49,USD,18.41,USD,18.44,USD,703979
VGRDF,Vanguard Funds PLC,67.7893,USD,67.7893,USD,67.7893,USD,67.7893,USD,210
URNM,Sprott Uranium Miners ETF,48.17,USD,49.21,USD,47.45,USD,47.46,USD,426527
VRIG,Invesco Variable Rate Investment Grade ETF,25.02,USD,25.04,USD,25.02,USD,25.025,USD,683449
REMX,VanEck Rare Earth and Strategic Metals ETF,64.75,USD,65.455,USD,64.15,USD,64.26,USD,613992
PWV,Invesco Large Cap Value ETF,77.14,USD,77.15,USD,76.3,USD,76.3,USD,189991
XAGG,Eaton Vance Income Opportunities ETF,48.24,USD,48.27,USD,48.11,USD,48.155,USD,305128
JSCP,JPMorgan Short Duration Core Plus ETF,46.1,USD,46.1,USD,45.93,USD,45.98,USD,228553
OIH,VanEck Oil Services ETF,381.21,USD,382.11,USD,377.1,USD,378.37,USD,226947
EPI,WisdomTree India Earnings Fund,40.76,USD,40.79,USD,40.68,USD,40.73,USD,491388
QDPL,Pacer Metaurus US Large Cap Dividend Multiplier 400 ETF,46.11,USD,46.23,USD,45.798,USD,45.798,USD,144999
SRXIF,ISHARES IV PLC MSCI WORLD SRI UCITS ETF USD DIS,11.7411,USD,11.7411,USD,11.7411,USD,11.7411,USD,587
ILOW,AB International Low Volatility Equity ETF,45.9,USD,45.97,USD,45.62,USD,45.62,USD,43809
IEMIF,IShares Plc.,7.3025,USD,7.3025,USD,7.3025,USD,7.3025,USD,38776
FLKR,Franklin FTSE South Korea ETF,60.71,USD,60.85,USD,59.66,USD,60.13,USD,831491
RWR,State Street SPDR Dow Jones REIT ETF,106.23,USD,106.24,USD,104.84,USD,104.92,USD,336351
DFGX,Dimensional International Core Fixed Income ETF,51.21,USD,51.2281,USD,51.091,USD,51.1385,USD,367368
FCOM,Fidelity MSCI Communication Services Index ETF,72.17,USD,73,USD,71.99,USD,72.01,USD,129913
GSWO,Goldman Sachs ActiveBeta World Equity ETF,64.91,USD,65.1299,USD,64.6,USD,64.605,USD,10533
BSCV,Invesco BulletShares 2031 Corporate Bond ETF,15.8,USD,15.805,USD,15.7501,USD,15.77,USD,1261758
SCCR,Schwab Core Bond ETF,24.38,USD,24.39,USD,24.285,USD,24.32,USD,421295
IVIVF,ISHARES VI PLC,85.3727,USD,85.3727,USD,85.3627,USD,85.3627,USD,5852
ISRHF,ISHARES V PLC,13.2117,USD,13.2117,USD,13.1362,USD,13.1428,USD,22272
JEMA,JPMorgan ActiveBuilders Emerging Markets Equity ETF,62.42,USD,62.42,USD,61.8,USD,61.89,USD,365498
IVGAF,ISHARES V PLC,9.05,USD,9.05,USD,9.05,USD,9.05,USD,696
VIOV,Vanguard S&P Small-Cap 600 Value ETF,111.14,USD,111.14,USD,110,USD,110,USD,281339
GEM,Goldman Sachs ActiveBeta Emerging Markets Equity ETF,51.31,USD,51.31,USD,50.91,USD,51.1,USD,130182
HEDJ,WisdomTree Europe Hedged Equity Fund,55.87,USD,55.87,USD,55.46,USD,55.46,USD,14304
NHYB,Nuveen High Yield Corporate Bond ETF,23.99,USD,23.99,USD,23.9025,USD,23.9025,USD,2142187
BDVL,iShares Disciplined Volatility Equity Active ETF,26.19,USD,26.25,USD,26.11,USD,26.12,USD,307087
SPGM,State Street SPDR Portfolio MSCI Global Stock Market ETF,86.94,USD,87.2,USD,86.49,USD,86.5,USD,449005
IMSCF,IShares VII PLC,304.8924,USD,305.5127,USD,300.79,USD,300.8207,USD,5601
BAFE,Brown Advisory Flexible Equity ETF,29.66,USD,29.79,USD,29.53,USD,29.5484,USD,57728
ICOW,Pacer Developed Markets International Cash Cows 100 ETF,42.46,USD,42.46,USD,41.9619,USD,42.06,USD,167071
IBDX,iShares iBonds Dec 2032 Term Corporate ETF,24.15,USD,24.155,USD,24.034,USD,24.07,USD,647775
ISHWF,iShares II plc.,9.5625,USD,9.5625,USD,9.5625,USD,9.5625,USD,624
HYS,PIMCO 0-5 Year High Yield Corporat Bond Index Exchange-Traded Fund,90.72,USD,90.846,USD,90.32,USD,90.48,USD,257466
TBUX,T. Rowe Price Ultra Short-Term Bond ETF,49.62,USD,49.63,USD,49.56,USD,49.57,USD,263468
IUNSF,BLACKROCK ASSET MANAGEMENT CA LTD ISHARES S&P/TSX CAPPED ENERGY INDEX ETF,20.15,USD,20.15,USD,20.15,USD,20.15,USD,602
USVM,VictoryShares US Small Mid Cap Value Momentum ETF,104.28,USD,104.28,USD,103.2478,USD,103.2478,USD,23911
FIW,First Trust Water ETF,104.95,USD,104.95,USD,103.7,USD,103.78,USD,54060
IBLBF,ISHARES (DE) I INVESTMENT BRAZIL LTN BRL GOVT BOND UCITS ETF USD A,115.3397,USD,115.3397,USD,115.3397,USD,115.3397,USD,1754
VGDTF,Vanguard Funds PLC,49.365,USD,49.365,USD,49.365,USD,49.365,USD,193
QQCFF,INVESCO CANADA LTD CI INVESCO NASDAQ 100 INDEX ETF,35.02,USD,35.02,USD,35.02,USD,35.02,USD,282
DGS,WisdomTree Emerging Market SmallCap Fund,63.35,USD,63.45,USD,63.0201,USD,63.18,USD,25688
TLTW,iShares 20+ Year Treasury Bond BuyWrite Strategy ETF,20.37,USD,20.37,USD,20.195,USD,20.27,USD,1946633
TOUS,T. Rowe Price International Equity ETF,38.72,USD,38.72,USD,38.33,USD,38.43,USD,313528
IVOG,Vanguard S&P Mid-Cap 400 Growth ETF,137.36,USD,137.5299,USD,136.62,USD,136.62,USD,16392
DFAW,Dimensional World Equity ETF,83.33,USD,83.63,USD,82.31,USD,82.31,USD,142551
USO,United States Oil Fund,147.17,USD,147.88,USD,145.33,USD,145.66,USD,3321169
PKW,Invesco BuyBack Achievers ETF,144.13,USD,144.3,USD,143.05,USD,143.08,USD,37512
IMCB,iShares Morningstar Mid-Cap ETF,95.53,USD,95.53,USD,94.48,USD,94.48,USD,46382
REGL,ProShares S&P MidCap 400 Dividend Aristocrats ETF,87.71,USD,87.71,USD,86.48,USD,86.48,USD,48668
QVML,Invesco S&P 500 QVM Multi-factor ETF,45.43,USD,45.59,USD,45.13,USD,45.13,USD,209988
IHE,iShares U.S. Pharmaceutical ETF,102.47,USD,102.75,USD,100.5,USD,100.52,USD,238293
DFAR,Dimensional US Real Estate ETF,24.59,USD,24.59,USD,24.16,USD,24.16,USD,3735624
DFAL,Dimensional US Large Cap Core Equity Market ETF,51.72,USD,51.7578,USD,51.4058,USD,51.4058,USD,1112105
GSST,Goldman Sachs Ultra Short Bond ETF,50.49,USD,50.49,USD,50.45,USD,50.46,USD,723170
EPS,WisdomTree U.S. LargeCap Fund,80.32,USD,80.62,USD,79.92,USD,79.95,USD,31666
ISHFF,ISHARES IV PLC,97.7306,USD,97.7306,USD,97.7306,USD,97.7306,USD,1023
RPV,Invesco S&P 500 Pure Value ETF,115.99,USD,115.99,USD,114.69,USD,114.73,USD,351216
BMOP,BNY Mellon Municipal Opportunities ETF,23.35,USD,23.65,USD,23.35,USD,23.545,USD,576248
TGRT,T. Rowe Price Growth ETF,47.36,USD,47.56,USD,47.12,USD,47.12,USD,70378
CLOI,VanEck CLO ETF,52.98,USD,52.99,USD,52.95,USD,52.97,USD,513991
IYE,iShares U.S. Energy ETF,65.16,USD,65.415,USD,64.69,USD,64.8,USD,605942
DTD,WisdomTree U.S. Total Dividend Fund,94.3,USD,94.3,USD,93.42,USD,93.42,USD,32484
FDIS,Fidelity MSCI Consumer Discretionary Index ETF,95.13,USD,95.33,USD,94.57,USD,94.71,USD,458638
RODM,Hartford Multifactor Developed Markets (ex-US) ETF,41.13,USD,41.16,USD,40.73,USD,40.75,USD,56574
IHSXF,IShares Plc.,143.4342,USD,143.4342,USD,143.4342,USD,143.4342,USD,266
IYK,iShares U.S. Consumer Staples ETF,72.005,USD,72.005,USD,70.725,USD,70.73,USD,295611
VTC,Vanguard Total Corporate Bond ETF,72.4579,USD,72.4579,USD,72.4579,USD,72.4579,USD,12
VTEI,Vanguard Tax-Managed Funds Vanguard Intermediate-Term Tax-Exempt Bond ETF,94.99,USD,95.56,USD,94.9897,USD,95.345,USD,830711
BKMI,BNY Mellon Municipal Intermediate ETF,24.77,USD,24.89,USD,24.67,USD,24.84,USD,430236
IEV,iShares Europe ETF,71.93,USD,71.93,USD,71.1,USD,71.13,USD,74065
RAVI,Northern Trust Ultra-Short Fixed Income ETF,75.22,USD,75.24,USD,75.21,USD,75.24,USD,45962
VRGFF,Vanguard Funds PLC,26.4773,USD,26.4773,USD,26.4773,USD,26.4773,USD,20357
CGSM,Capital Group Short Duration Municipal Income ETF,25.64,USD,25.72,USD,25.64,USD,25.71,USD,781763
KLMT,Invesco MSCI Global Climate 500 ETF,34.8025,USD,34.8025,USD,34.8025,USD,34.8025,USD,12
HYDB,iShares High Yield Systematic Bond ETF,45.16,USD,45.195,USD,44.95,USD,44.96,USD,156188
JFLX,JPMorgan Flexible Debt ETF,48.89,USD,48.91,USD,48.83,USD,48.85,USD,137812
HYLS,First Trust Tactical High Yield ETF,39.46,USD,39.68,USD,39.205,USD,39.28,USD,210325
YEAR,AB Ultra Short Income ETF,50.1,USD,50.105,USD,50.0702,USD,50.08,USD,89049
FALN,iShares Fallen Angels USD Bond ETF,25.782872,USD,25.782872,USD,25.782872,USD,25.782872,USD,104
SEIV,SEI Enhanced U.S. Large Cap Value Factor ETF,49.53,USD,49.57,USD,49.065,USD,49.09,USD,105209
AVES,Avantis Emerging Markets Value ETF,65.51,USD,65.555,USD,65.0101,USD,65.13,USD,78083
FGD,First Trust DJ Global Select Dividend,33.36,USD,33.384,USD,33.0622,USD,33.17,USD,301903
DHS,WisdomTree U.S. High Dividend Fund,113.17,USD,113.1954,USD,111.97,USD,111.97,USD,43235
QUS,State Street SPDR MSCI USA StrategicFactors ETF,191.1801,USD,191.66,USD,190.11,USD,190.11,USD,10368
BIZD,VanEck BDC Income ETF,13.1,USD,13.1,USD,12.8509,USD,12.89,USD,2430068
EVSD,Eaton Vance Short Duration Income ETF,49.87,USD,50.36,USD,49.76,USD,49.77,USD,247003
EVLN,Eaton Vance Floating-Rate ETF,48.41,USD,48.5,USD,48.39,USD,48.445,USD,50615
FEX,First Trust Large Cap Core AlphaDEX Fund,134.01,USD,134.01,USD,132.48,USD,132.6033,USD,20734
BKAG,BNY Mellon Core Bond ETF,40.15,USD,40.1519,USD,40,USD,40.068,USD,161085
JSI,Janus Henderson Securitized Income ETF,50.01,USD,50.01,USD,49.86,USD,49.92,USD,181554
SEIM,SEI Enhanced U.S. Large Cap Momentum Factor ETF,54.04,USD,54.2,USD,53.76,USD,53.77,USD,49600
INFL,Horizon Kinetics Inflation Beneficiaries ETF,50.74,USD,50.74,USD,50.11,USD,50.14,USD,75936
JBBB,Janus Henderson B-BBB CLO ETF,47.5,USD,47.5,USD,47.17,USD,47.21,USD,694862
NBSD,Neuberger Short Duration Income ETF,49.88,USD,49.9052,USD,49.85,USD,49.86,USD,603067
EWW,iShares MSCI Mexico ETF,72.51,USD,72.51,USD,70.97,USD,71.09,USD,1331238
AVLC,Avantis U.S. Large Cap Equity ETF,90.8539,USD,91.05,USD,90.27,USD,90.27,USD,70265
FSIG,First Trust Limited Duration Investment Grade Corporate ETF,18.4,USD,18.4099,USD,18.36,USD,18.38,USD,636931
AGSCF,AMERICAN CENTURY ICAV AMER AVANTIS GBL SMALL CAP VALUE USD ACC,28.2155,USD,28.2155,USD,28.2155,USD,28.2155,USD,7698
XOVR,ERShares Private-Public Crossover ETF,21.36,USD,21.5401,USD,21.345,USD,21.36,USD,440033
WTAIF,WISDOMTREE ISSUER ICAV,121.5808,USD,121.6408,USD,121.5808,USD,121.6408,USD,358
NYF,iShares New York Muni Bond ETF,50.39,USD,50.68,USD,50.39,USD,50.52,USD,787310
JPGEF,JPMORGAN ETFS (IRELAND) ICAV GLOB EQ PREMIUM ACTIVE UCITS ETF DIS,25.75,USD,25.78,USD,25.75,USD,25.78,USD,16000
EWG,iShares MSCI Germany Index Fund,41.73,USD,41.77,USD,41.27,USD,41.31,USD,726740
BSCW,Invesco BulletShares 2032 Corporate Bond ETF,19.64,USD,19.64,USD,19.57,USD,19.585,USD,730207
BLKIF,ISHARES IV PLC,10.8846,USD,10.8846,USD,10.8846,USD,10.8846,USD,2556
LMUB,iShares Long-Term National Muni Bond ETF,46.16,USD,46.7799,USD,46.16,USD,46.51,USD,355683
KBE,State Street SPDR S&P Bank ETF,63.87,USD,64.14,USD,63.025,USD,63.22,USD,2152322
PWRD,TCW Transform Systems ETF,106.42,USD,106.42,USD,104.99,USD,105.1938,USD,145937
PDP,Invesco Dorsey Wright Momentum ETF,138.64,USD,138.64,USD,137.66,USD,137.8275,USD,15555
MEAR,iShares Short Maturity Municipal Bond Active ETF,49.61,USD,49.71,USD,49.57,USD,49.63,USD,850101
USXF,iShares ESG Advanced MSCI USA ETF,68.57,USD,68.57,USD,68.06,USD,68.06,USD,65450
FPX,First Trust US Equity Opportunities ETF,179.45,USD,179.58,USD,178.18,USD,178.18,USD,14848
FNDB,Schwab Fundamental U.S. Broad Market ETF,30.84,USD,30.86,USD,30.605,USD,30.61,USD,108233
EXI,iShares Global Industrials ETF,192.21,USD,192.21,USD,189.26,USD,189.26,USD,69403
CARY,Angel Oak Income ETF,20.16,USD,20.17,USD,20.1,USD,20.12,USD,807347
EQTY,Kovitz Core Equity ETF,29.16,USD,29.1713,USD,29.0207,USD,29.0207,USD,3323
FFSM,Fidelity Fundamental Small-Mid Cap ETF,34.19,USD,34.19,USD,33.8196,USD,33.83,USD,1962527
XHB,State Street SPDR S&P Homebuilders ETF,97.68,USD,97.82,USD,96,USD,96.03,USD,1479747
IBTJ,iShares iBonds Dec 2029 Term Treasury ETF,21.158225,USD,21.158225,USD,21.158225,USD,21.158225,USD,4508
EWS,iShares MSCI Singapore ETF,33.35,USD,33.395,USD,33.23,USD,33.26,USD,806003
IDVO,Amplify International Enhanced Dividend Income ETF,42,USD,42,USD,41.46,USD,41.54,USD,504474
MMIT,NYLIM MacKay Muni Intermediate ETF,22.82,USD,22.955,USD,22.82,USD,22.88,USD,833224
IGPT,Invesco AI and Next Gen Software ETF,101.65,USD,102.27,USD,101.5,USD,101.69,USD,87374
RSSL,Global X Russell 2000 ETF,110.03,USD,110.03,USD,109.38,USD,109.38,USD,1134
IGEB,iShares Investment Grade Systematic Bond ETF,42.9,USD,42.9,USD,42.74,USD,42.79,USD,110855
SMIG,AAM Bahl & Gaynor Small/Mid Cap Income Growth ETF,31.31,USD,31.31,USD,30.91,USD,30.91,USD,192401
FLQM,Franklin U.S. Mid Cap Multifactor Index ETF,57.85,USD,57.9184,USD,57.44,USD,57.44,USD,217418
VTWG,Vanguard Russell 2000 Growth ETF,261.58,USD,262.61,USD,260.51,USD,260.58,USD,43398
LIT,Global X Lithium & Battery Tech ETF,68.78,USD,69.34,USD,68.29,USD,68.42,USD,146776
DDWM,WisdomTree Dynamic International Equity Fund,46.07,USD,46.1699,USD,45.63,USD,45.63,USD,67892
QQQE,Direxion NASDAQ-100 Equal Weighted Index ETF,120.81,USD,120.89,USD,120.11,USD,120.11,USD,366461
BUYW,Main BuyWrite ETF,14.48,USD,14.49,USD,14.42,USD,14.47,USD,470112
TDVG,T. Rowe Price Dividend Growth ETF,48.71,USD,48.71,USD,48.25,USD,48.26,USD,50146
PHYL,PGIM Active High Yield Bond ETF,33.56,USD,33.5899,USD,33.43,USD,33.43,USD,309527
IAINF,ISHARES III PLC AI INFRASTRUCTURE UCITS ETF USD ACC,11.791,USD,11.791,USD,11.791,USD,11.791,USD,730
FQAL,Fidelity Quality Factor ETF,83.67,USD,83.98,USD,83.24,USD,83.25,USD,29687
NVDY,YieldMax NVDA Option Income Strategy ETF,12.77,USD,12.88,USD,12.73,USD,12.74,USD,1508878
BALI,iShares U.S. Large Cap Premium Income Active ETF,34.5,USD,34.67,USD,34.41,USD,34.46,USD,234958
RDIV,Invesco S&P Ultra Dividend Revenue ETF,57.86,USD,57.86,USD,57.15,USD,57.15,USD,46745
SQS,Sapient Quality Select ETF,28.19,USD,28.28,USD,27.99,USD,28.0473,USD,21651
FDLO,Fidelity Low Volatility Factor ETF,70.87,USD,71.27,USD,70.635,USD,70.66,USD,184477
ASHR,Xtrackers Harvest CSI 300 China A-Shares ETF,32.72,USD,32.78,USD,32.67,USD,32.67,USD,2739983
FSTA,Fidelity MSCI Consumer Staples Index ETF,51.78,USD,51.893,USD,50.835,USD,50.84,USD,285917
COMT,iShares GSCI Commodity Dynamic Roll Strategy ETF,37.12,USD,37.15,USD,36.79,USD,36.86,USD,192585
FYC,First Trust Small Cap Growth AlphaDEX Fund,116.61,USD,116.61,USD,115.32,USD,115.32,USD,77199
UYLD,Angel Oak UltraShort Income ETF,50.72,USD,50.76,USD,50.7001,USD,50.7308,USD,147243
IHF,iShares U.S. Health Care Providers ETF,55.32,USD,55.5,USD,54.63,USD,54.89,USD,366871
IDU,iShares U.S. Utilities ETF,101.81,USD,101.81,USD,100.8,USD,100.84,USD,182562
CATH,Global X S&P 500 Catholic Values ETF,91.23,USD,91.3971,USD,90.64,USD,90.68,USD,89851
FREL,Fidelity MSCI Real Estate Index ETF,27.56,USD,27.56,USD,27.16,USD,27.18,USD,563254
FTXL,First Trust Nasdaq Semiconductor ETF,254.06,USD,254.6637,USD,251.5,USD,253.15,USD,151040
PIEQ,Principal International Equity ETF,36.45,USD,36.48,USD,36.01,USD,36.01,USD,33517
SDOG,ALPS Sector Dividend Dogs ETF,68.87,USD,68.899,USD,68.17,USD,68.21,USD,22166
IWC,iShares Microcap ETF,186.77,USD,186.77,USD,184.8,USD,184.8,USD,220044
FDT,First Trust Developed Markets Ex-US AlphaDEX Fund,94.55,USD,94.915,USD,93.665,USD,93.69,USD,335319
FVAL,Fidelity Value Factor ETF,81.15,USD,81.619,USD,80.76,USD,80.76,USD,40449
LRGC,AB US Large Cap Strategic Equities ETF,86.28,USD,86.5668,USD,85.92,USD,85.92,USD,41540
PMBS,PIMCO Mortgage-Backed Securities Active Exchange-Traded Fund,46.38,USD,46.38,USD,46.09,USD,46.27,USD,463172
TAFI,AB Tax-Aware Short Duration Municipal ETF,24.53,USD,24.61,USD,24.53,USD,24.58,USD,1014058
FYX,First Trust Small Cap Core AlphaDEX Fund,136.05,USD,136.45,USD,134.56,USD,134.59,USD,126530
DBA,Invesco DB Agriculture Fund,28.37,USD,28.4003,USD,28.1,USD,28.14,USD,901572
BAR,GraniteShares Gold Trust Shares of Beneficial Interest,41.27,USD,41.27,USD,40.81,USD,40.91,USD,185511
IAI,iShares U.S. Broker-Dealers & Securities Exchanges ETF,178.41,USD,178.41,USD,176.01,USD,176.14,USD,50644
CORP,PIMCO Investment Grade Corporate Bond Index Exchange-Traded Fund,92.08,USD,92.0863,USD,91.72,USD,91.8,USD,163975
FTC,First Trust Large Cap Growth AlphaDEX Fund,178.99,USD,178.99,USD,177.1,USD,177.3986,USD,7701
BKIE,BNY Mellon International Equity ETF,33.64,USD,33.67,USD,33.36,USD,33.41,USD,95967
FTA,First Trust Large Cap Value AlphaDEX Fund,96.28,USD,96.28,USD,95.23,USD,95.3009,USD,34246
ILCV,iShares Morningstar Large-Cap Value ETF,106.02,USD,106.37,USD,105.34,USD,105.34,USD,21219
ALAI,Alger AI Enablers & Adopters ETF,46.84,USD,46.96,USD,46.47,USD,46.47,USD,60513
LDUR,PIMCO Enhanced Low Duration Active Exchange-Traded Fund,94.2668,USD,94.28,USD,94.07,USD,94.115,USD,69182
RYLD,Global X Russell 2000 Covered Call ETF,15.54,USD,15.54,USD,15.45,USD,15.47,USD,410437
FNX,First Trust Mid Cap Core AlphaDEX Fund,136.67,USD,136.67,USD,134.793,USD,134.89,USD,18135
WTTHF,SSGA SPDR ETFS EUROPE II PLC,283.8531,USD,283.8531,USD,283.8531,USD,283.8531,USD,21
IRGRF,ISHARES VII PLC RUSSELL 1000 GROWTH UCITS ETF USD ACC,47.0536,USD,47.1783,USD,46.8651,USD,46.8651,USD,41351
VTWV,Vanguard Russell 2000 Value ETF,186.76,USD,186.76,USD,184.62,USD,184.73,USD,60844
IGOV,iShares International Treasury Bond ETF,39.97,USD,40.01,USD,39.73,USD,39.77,USD,414630
CHPY,YieldMax Semiconductor Portfolio Option Income ETF,69.88,USD,69.88,USD,69.097,USD,69.51,USD,478195
SEIE,SEI Select International Equity ETF,36.13,USD,36.19,USD,35.78,USD,35.79,USD,57798
ILCB,iShares Morningstar Large-Cap ETF,106.21,USD,106.57,USD,105.66,USD,105.66,USD,8438
BWX,State Street SPDR Bloomberg International Treasury Bond ETF,21.26,USD,21.32,USD,21.14,USD,21.18,USD,1314526
SUSB,iShares ESG Aware 1-5 Year USD Corporate Bond ETF,24.333984,USD,24.333984,USD,24.333984,USD,24.333984,USD,1
SYSB,iShares Systematic Bond ETF,84.43,USD,84.44,USD,84.1331,USD,84.28,USD,87960
FTGS,First Trust Growth Strength ETF,38.15,USD,38.1799,USD,37.92,USD,37.92,USD,119888
IVSPF,ISHARES V PLC,14.1089,USD,14.1089,USD,14.1089,USD,14.1089,USD,2768
PTNQ,Pacer Trendpilot 100 ETF,89.69,USD,89.8,USD,89.19,USD,89.19,USD,86211
IWMI,NEOS Russell 2000 High Income ETF,49.37,USD,49.3999,USD,48.965,USD,48.97,USD,346607
IWTSF,ISHARES V PLC MSCI WORLD INFORMATION TECH SEC ADV ETF,21.4153,USD,21.4153,USD,21.4153,USD,21.4153,USD,144
ISDDF,ISHARES IV PLC,7.18,USD,7.19,USD,7.18,USD,7.19,USD,14142
SUSC,iShares ESG Aware USD Corporate Bond ETF,21.856061,USD,21.856061,USD,21.856061,USD,21.856061,USD,208
IYM,iShares U.S. Basic Materials ETF,179.94,USD,180.91,USD,178.12,USD,178.13,USD,95898
GBXCF,GLOBAL X COPPER MINERS UCITS ETF,68.8535,USD,68.8535,USD,68.8535,USD,68.8535,USD,320
RWK,Invesco S&P MidCap 400 Revenue ETF,139.96,USD,139.96,USD,138.4,USD,138.4,USD,15169
NYM,AB New York Intermediate Municipal ETF,24.03,USD,24.09,USD,24.03,USD,24.07,USD,150877
IGRO,iShares International Dividend Growth ETF,89.54,USD,89.54,USD,88.66,USD,88.76,USD,34074
UNIY,WisdomTree Voya Yield Enhanced USD Universal Bond Fund,46.0355,USD,46.0355,USD,46.0355,USD,46.0355,USD,260010
MGNR,American Beacon Select Funds American Beacon GLG Natural Resources ETF,49.98,USD,50.02,USD,49.26,USD,49.32,USD,254515
XTEN,BondBloxx Bloomberg Ten Year Target Duration US Treasury ETF,42.52,USD,42.52,USD,42.269,USD,42.38,USD,342518
IMSPF,Invesco Markets II plc,72.0839,USD,72.0839,USD,72.0839,USD,72.0839,USD,119
DUSA,Davis Select U.S. Equity ETF,55.2,USD,55.2,USD,54.68,USD,54.68,USD,19374
NUSC,Nuveen ESG Small-Cap ETF,48.92,USD,48.92,USD,48.525,USD,48.525,USD,60484
AVGE,Avantis All Equity Markets ETF,99.07,USD,99.17,USD,98.33,USD,98.34,USD,54525
SUSL,iShares ESG MSCI USA Leaders ETF,137.01,USD,137.27,USD,136.14,USD,136.2874,USD,9169
WINN,Harbor Long-Term Growers ETF,34.55,USD,34.62,USD,34.3,USD,34.31,USD,123432
MFSI,MFS Active International ETF,32.87,USD,32.87,USD,32.62,USD,32.67,USD,381326
FLHY,Franklin High Yield Corporate ETF,23.49,USD,23.49,USD,23.3901,USD,23.405,USD,294962
EWA,iShares MSCI Australia Index Fund,28.53,USD,28.625,USD,28.3,USD,28.31,USD,3190419
BBRE,JPMorgan BetaBuilders MSCI U.S. REIT ETF,100.87,USD,100.87,USD,99.57,USD,99.65,USD,386135
IVOV,Vanguard S&P Mid-Cap 400 Value ETF,108.23,USD,108.23,USD,106.88,USD,106.88,USD,22568
FFLC,Fidelity Fundamental Large Cap Core ETF,59.46,USD,59.66,USD,59.06,USD,59.06,USD,37513
ISGBF,ISHARES III PLC EUR GOVT BOND 0-1YR UCITS ETF EUR DIST G,112.3125,USD,112.3125,USD,112.3125,USD,112.3125,USD,413
RSPA,Invesco S&P 500 Equal Weight Income Advantage ETF,52.04,USD,52.04,USD,51.4112,USD,51.55,USD,191074
SMMU,Short Term Municipal Bond Active Exchange-Traded Fund,49.38,USD,49.45,USD,49.3644,USD,49.41,USD,207295
VCEB,Vanguard ESG U.S. Corporate Bond ETF,59.73,USD,59.73,USD,59.5,USD,59.58,USD,211609
EWI,iShares MSCI Italy ETF,59.2,USD,59.35,USD,58.65,USD,58.72,USD,172194
SPLB,State Street SPDR Portfolio Long Term Corporate Bond ETF,20.48,USD,20.485,USD,20.3301,USD,20.38,USD,4453307
TRFK,Pacer Data and Digital Revolution ETF,101.45,USD,101.455,USD,100.81,USD,100.85,USD,331704
HFSI,Hartford Strategic Income ETF,33.64,USD,33.66,USD,33.55,USD,33.58,USD,236735
IRSLF,ISHARES VII PLC RUSSELL 1000 VALUE UCITS ETF USD ACC,42.3104,USD,42.4269,USD,41.8886,USD,41.8886,USD,49055
DVYE,iShares Emerging Markets Dividend Index Fund Exchange Traded Fund,34.15,USD,34.2386,USD,33.92,USD,34,USD,498887
RWO,State Street SPDR Dow Jones Global Real Estate ETF,47.04,USD,47.04,USD,46.4,USD,46.4,USD,605289
IPLCF,ISHARES V PLC,42.9,USD,42.9,USD,42.787,USD,42.787,USD,574
EDIV,State Street SPDR S&P Emerging Markets Dividend ETF,40.35,USD,40.3863,USD,40.13,USD,40.16,USD,113771
EWH,iShares MSCI Hong Kong Index Fund,22.27,USD,22.3,USD,22.09,USD,22.11,USD,2994294
LCTU,iShares U.S. Carbon Transition Readiness Aware Active ETF,82,USD,82.321,USD,81.67,USD,81.67,USD,21257
GOVI,Invesco Equal Weight 0-30 Year Treasury ETF,25.35,USD,25.35,USD,25.2001,USD,25.26,USD,365061
PCY,Invesco Emerging Markets Sovereign Debt ETF,20.06,USD,20.11,USD,19.875,USD,19.88,USD,246974
ISPY,ProShares S&P 500 High Income ETF,48,USD,48.25,USD,47.8,USD,47.8,USD,36749
ITPUF,ISHARES II PLC TIPS 0-5 UCITS ETF USD ACC,115.109,USD,115.109,USD,115.109,USD,115.109,USD,6847
IYC,iShares U.S. Consumer Discretionary ETF,95.16,USD,95.67,USD,94.78,USD,94.78,USD,73849
IHHFF,iShares II plc.,90.2852,USD,90.2852,USD,90.066,USD,90.066,USD,9456
QQQJ,Invesco NASDAQ Next Gen 100 ETF,44.03,USD,44.216,USD,43.85,USD,43.85,USD,159642
DFSI,Dimensional International Sustainability Core 1 ETF,45.559,USD,45.559,USD,45.135,USD,45.17,USD,74833
CRBN,iShares Low Carbon Optimized MSCI ACWI ETF,257.88,USD,257.88,USD,256.1437,USD,256.1437,USD,2251
STXF,Strive 500 ETF,49.59,USD,49.72,USD,49.305,USD,49.305,USD,35231
DGLEF,ROBECO 3D GLOBAL EQUITY UCITS ETF ACC ETF,7.0787,USD,7.0787,USD,7.0787,USD,7.0787,USD,100
JHML,John Hancock Multifactor Large Cap ETF,89.73,USD,89.83,USD,89.13,USD,89.13,USD,27609
QLTA,iShares Aaa A Rated Corporate Bond ETF,45.1,USD,45.13,USD,44.94,USD,44.99,USD,245848
LGDS,JPMorgan Fundamental Data Science Large Growth ETF,50.84,USD,50.9047,USD,50.5489,USD,50.5489,USD,4917
SDIV,Global X SuperDividend ETF,23.59,USD,23.6699,USD,23.37,USD,23.37,USD,386581
IVBUF,ISHARES IV PLC,10.2752,USD,10.2752,USD,10.2752,USD,10.2752,USD,603
SFGV,Sequoia Global Value ETF,35.42,USD,35.42,USD,35.151,USD,35.151,USD,10969
IBDY,iShares iBonds Dec 2033 Term Corporate ETF,24.54,USD,24.68,USD,24.4419,USD,24.48,USD,252732
SPWSF,Invesco Markets plc,5.7405,USD,5.7405,USD,5.7405,USD,5.7405,USD,8278
CORB,AB Core Bond ETF,28.13,USD,28.13,USD,28.02,USD,28.06,USD,264382
MOO,VanEck Agribusiness ETF,82.33,USD,82.385,USD,81.36,USD,81.47,USD,557385
FXH,First Trust Health Care AlphaDEX,131.49,USD,131.89,USD,130.71,USD,130.74,USD,32928
APIE,ActivePassive International Equity ETF,38.55,USD,38.8899,USD,38.47,USD,38.47,USD,55671
CAM,AB California Intermediate Municipal ETF,24.05,USD,24.22,USD,24.031,USD,24.09,USD,297235
VGUS,Vanguard Ultra-Short Treasury ETF,75.394,USD,75.394,USD,75.394,USD,75.394,USD,10
UTES,Virtus Reaves Utilities ETF,71.04,USD,71.25,USD,69.9,USD,70.18,USD,270386
IHAK,iShares Cybersecurity and Tech ETF,66.88,USD,68.35,USD,66.72,USD,67.62,USD,258363
VSDM,Vanguard Short Duration Tax-Exempt Bond ETF,74.15,USD,74.46,USD,74.14,USD,74.38,USD,550062
IQDF,Northern Trust International Quality Dividend ETF,34.72,USD,34.733,USD,34.4,USD,34.4,USD,40776
PTRB,PGIM Total Return Bond ETF,39.51,USD,39.51,USD,39.365,USD,39.44,USD,213311
PWZ,Invesco California AMT-Free Municipal Bond Portfolio,22.34,USD,22.57,USD,22.3,USD,22.31,USD,2315479
NASA,Tema Space Innovators ETF,24.02,USD,24.585,USD,23.9,USD,23.96,USD,1780199
AGIX,KraneShares Public-Private AI & Technology ETF,47.79,USD,47.85,USD,47.5,USD,47.53,USD,51330
GFLW,VictoryShares Free Cash Flow Growth ETF,33.62,USD,33.655,USD,33.38,USD,33.41,USD,131892
CERY,State Street SPDR Bloomberg Enhanced Roll Yield Commodity Strategy No K-1 ETF,39.54,USD,39.6128,USD,39.22,USD,39.22,USD,579594
QLC,Northern Trust US Quality Large Cap ETF,91.6,USD,91.7901,USD,90.97,USD,90.97,USD,20194
IMCV,iShares Morningstar Mid-Cap Value ETF,92.53,USD,92.53,USD,91.68,USD,91.7496,USD,25230
VOTE,TCW Transform 500 ETF,90.6151,USD,90.69,USD,89.94,USD,90.0583,USD,61005
LGLV,State Street SPDR US Large Cap Low Volatility Index ETF,175.88,USD,176.43,USD,174.31,USD,174.31,USD,29899
KXI,iShares Global Consumer Staples ETF,66.48,USD,66.57,USD,65.43,USD,65.43,USD,95138
BLOK,Amplify Blockchain Technology ETF,62.89,USD,62.92,USD,61.19,USD,61.23,USD,621640
OMAH,VistaShares Target 15 Berkshire Select Income ETF,17.59,USD,17.6599,USD,17.49,USD,17.49,USD,1952308
MSTY,YieldMax MSTR Option Income Strategy ETF,16.74,USD,16.95,USD,15.945,USD,16.05,USD,2518639
IDHQ,Invesco S&P International Developed Quality ETF,43.61,USD,43.61,USD,43.1,USD,43.13,USD,252125
EMCS,Xtrackers MSCI Emerging Markets Select ETF,46.88,USD,46.97,USD,46.545,USD,46.6536,USD,8585
DGCB,Dimensional Global Credit ETF,51.99,USD,52.03,USD,51.86,USD,51.9066,USD,389633
ISSZF,ISHARES V PLC,9.92,USD,9.92,USD,9.91,USD,9.91,USD,25500
FTXN,First Trust Nasdaq Oil & Gas ETF,38.28,USD,38.4,USD,37.95,USD,37.98,USD,233234
OAKM,Oakmark U.S. Large Cap ETF,29.62,USD,29.67,USD,29.35,USD,29.36,USD,97887
DFIP,Dimensional Inflation-Protected Securities ETF,39.14,USD,39.1599,USD,39.005,USD,39.06,USD,107762
VFPAF,Vanguard Funds PLC,58.7506,USD,58.7506,USD,58.7506,USD,58.7506,USD,233
XLSR,State Street US Sector Rotation ETF,66.67,USD,66.995,USD,66.41,USD,66.41,USD,35074
PEY,Invesco High Yield Equity Dividend Achievers ETF,23.03,USD,23.07,USD,22.8,USD,22.8142,USD,221996
MTBA,Simplify MBS ETF,46.89,USD,46.89,USD,46.6601,USD,46.76,USD,1426449
AIS,VistaShares Artificial Intelligence Supercycle ETF,75.3,USD,75.54,USD,74.3044,USD,74.72,USD,202616
BSCX,Invesco BulletShares 2033 Corporate Bond ETF,20.07,USD,20.07,USD,19.9801,USD,19.9988,USD,239800
FTXH,First Trust Nasdaq Pharmaceuticals ETF,41.74,USD,43.52,USD,41.435,USD,41.47,USD,37306
VFMF,Vanguard U.S. Multifactor ETF,180.02,USD,180.1961,USD,178.51,USD,178.51,USD,52243
GSID,Goldman Sachs MarketBeta International Equity ETF,75.44,USD,75.46,USD,74.75,USD,74.9,USD,213951
IYZ,iShares U.S. Telecommunications ETF,41.4,USD,41.42,USD,41.18,USD,41.18,USD,313274
MODL,VictoryShares WestEnd U.S. Sector ETF,52.69,USD,52.809,USD,52.34,USD,52.34,USD,90812
IBTK,iShares iBonds Dec 2030 Term Treasury ETF,18.930934,USD,18.930934,USD,18.930934,USD,18.930934,USD,3349
IMFL,Invesco International Developed Dynamic Multifactor ETF,33.73,USD,33.7596,USD,33.36,USD,33.42,USD,110990
PBPH,Portfolio Building Block World Pharma and Biotech Index ETF,28.63,USD,28.685,USD,28.35,USD,28.3926,USD,91132
FLGV,Franklin U.S. Treasury Bond ETF,19.46,USD,19.47,USD,19.4101,USD,19.43,USD,6436302
TVAL,T. Rowe Price Value ETF,42.27,USD,42.349099,USD,42,USD,42.01,USD,198556
VSDB,Vanguard Short Duration Bond ETF,74.69,USD,74.7528,USD,74.62,USD,74.66,USD,74282
DLS,WisdomTree International SmallCap Fund,87.53,USD,87.65,USD,86.875,USD,87.19,USD,15711
EUAD,Select STOXX Europe Aerospace & Defense ETF,42.35,USD,42.35,USD,41.81,USD,41.89,USD,191395
TGRW,T. Rowe Price Growth Stock ETF,48.74,USD,48.7401,USD,48.4556,USD,48.4556,USD,800
EIPI,FT Energy Income Partners Enhanced Income ETF,21.56,USD,21.56,USD,21.265,USD,21.29,USD,97176
GSSC,GS ActiveBeta U.S. Small Cap Equity ETF,86.57,USD,86.57,USD,85.74,USD,85.78,USD,22744
FTXR,First Trust Nasdaq Transportation ETF,41.51,USD,41.51,USD,40.72,USD,40.7559,USD,36910
BNKSF,ISHARES V PLC,7.9136,USD,7.9136,USD,7.9136,USD,7.9136,USD,305
PPH,VanEck Pharmaceutical ETF,109.11,USD,109.11,USD,109.11,USD,109.11,USD,700
HYGV,Northern Trust High Yield Value-Scored Bond ETF,39,USD,39.03,USD,38.84,USD,38.85,USD,103595
BBAG,JPMorgan BetaBuilders U.S. Aggregate Bond ETF,43.95,USD,43.96,USD,43.765,USD,43.825,USD,303017
ZPRVF,SSGA SPDR ETFS EUROPE II PLC,90.98,USD,90.98,USD,90.98,USD,90.98,USD,140
FXO,First Trust Financials AlphaDEX,61.26,USD,61.37,USD,60.611,USD,60.62,USD,47658
JSMD,Janus Henderson Small/Mid Cap Growth Alpha ETF,90.52,USD,90.52,USD,89.22,USD,89.2983,USD,88163
DMXF,iShares ESG Advanced MSCI EAFE ETF,85.51,USD,85.595,USD,84.635,USD,84.65,USD,47569
VIOG,Vanguard S&P Small-Cap 600 Growth ETF,139.46,USD,139.46,USD,137.82,USD,137.95,USD,42227
GSG,iShares GSCI Commodity-Indexed Trust Fund,35.85,USD,35.89,USD,35.52,USD,35.57,USD,791916
LTPZ,Pimco 15 Year U.S. TIPS Index Exchange-Traded Fund,45.24,USD,45.255,USD,44.87,USD,45.1,USD,1203336
REMEF,ROBECO 3D EM EQUITY UCITS ETF ACC ETF,9.1442,USD,9.1442,USD,9.1442,USD,9.1442,USD,2700
DJP,iPath Bloomberg Commodity Index Total Return ETN,51.93,USD,52.02,USD,51.4,USD,51.52,USD,169523
HAUZ,Xtrackers International Real Estate ETF,21.34,USD,21.41,USD,21.16,USD,21.23,USD,91756
TDTF,Northern Trust iBoxx 5-Year Target Duration TIPS ETF,22.73,USD,22.73,USD,22.65,USD,22.68,USD,473695
IVES,Dan IVES Wedbush AI Revolution ETF,41.08,USD,41.4477,USD,41.05,USD,41.05,USD,506372
CGW,Invesco S&P Global Water Index ETF,62.84,USD,62.85,USD,62.27,USD,62.34,USD,22435
SPIP,State Street SPDR Portfolio TIPS ETF,24.42,USD,24.42,USD,24.33,USD,24.37,USD,507743
EFIV,State Street SPDR S&P 500 ESG ETF,74.52,USD,74.73,USD,74.04,USD,74.06,USD,27150
IEMBF,ISHARES V PLC,86.0452,USD,86.0452,USD,86.0452,USD,86.0452,USD,483
QEFA,State Street SPDR MSCI EAFE StrategicFactors ETF,98.31,USD,98.325,USD,97.4,USD,97.53,USD,42236
MSOS,AdvisorShares Pure US Cannabis ETF,4.753,USD,4.765,USD,4.4,USD,4.52,USD,20296785
DSPY,Tema S&P 500 Historical Weight ETF Strategy,66.17,USD,66.4,USD,65.82,USD,65.82,USD,77584
SKOR,Northern Trust Credit-Scored US Corporate Bond ETF,46.88,USD,46.88,USD,46.725,USD,46.753,USD,94647
SGVT,Schwab Government Money Market ETF,100.77,USD,100.78,USD,100.76,USD,100.77,USD,327051
IISBF,ISHARES V PLC IBONDS DEC 2028 TERM USD CORP UCITS ETF,117.3563,USD,117.3563,USD,117.3563,USD,117.3563,USD,27315
JVAL,JPMorgan U.S. Value Factor ETF,58.4,USD,58.4,USD,57.92,USD,57.92,USD,33299
FTQI,First Trust Nasdaq BuyWrite Income ETF,22.2,USD,22.22,USD,22.15,USD,22.16,USD,299558
LEND,SEI High Yield Bond & Alternative Credit ETF,24.33,USD,24.36,USD,24.19,USD,24.214,USD,53082
FHEQ,Fidelity Hedged Equity ETF,33.675,USD,33.85,USD,33.64,USD,33.66,USD,165249
FMHI,First Trust Municipal High Income ETF,44.75,USD,45.09,USD,44.64,USD,44.85,USD,363190
CVLC,Calvert US Large-Cap Core Responsible Index ETF,95.3799,USD,95.39,USD,94.64,USD,94.64,USD,16162
APCB,ActivePassive Core Bond ETF,28.19,USD,28.21,USD,28.07,USD,28.1,USD,70929
ISVYF,IShares VII PLC,12.5456,USD,12.5456,USD,12.5456,USD,12.5456,USD,6735
SSGUF,SSGA SPDR ETFS EUROPE II PLC,50.7778,USD,50.7778,USD,50.7778,USD,50.7778,USD,124
SSGXF,SSGA SPDR ETFS EUROPE II PLC,73.3834,USD,73.3834,USD,73.3834,USD,73.3834,USD,300
JHEM,John Hancock Multifactor Emerging Markets ETF,39.88,USD,39.905,USD,39.53,USD,39.6416,USD,19673
QDTE,Roundhill Nasdaq-100 0DTE Covered Call ETF Strategy ETF,29.2,USD,29.36,USD,29.195,USD,29.21,USD,297395
HLAL,Wahed FTSE USA Shariah ETF,74.9,USD,75.45,USD,74.71,USD,74.8129,USD,83321
SYLD,Cambria Shareholder Yield ETF,81.48,USD,81.48,USD,80.5,USD,80.59,USD,19916
JHMD,John Hancock Multifactor Developed International ETF,44.79,USD,44.8423,USD,44.31,USD,44.35,USD,103792
IVVVF,ISHARES IV PLC,84.3678,USD,84.3678,USD,84.3678,USD,84.3678,USD,1305
IUS,Invesco RAFI Strategic US ETF,68.13,USD,68.338,USD,67.76,USD,67.8131,USD,53053
FLRT,Pacer Aristotle Pacific Floating Rate High Income ETF,46.51,USD,46.5266,USD,46.44,USD,46.44,USD,199854
EWD,iShares MSCI Sweden ETF,50.64,USD,50.68,USD,49.96,USD,49.99,USD,162479
INFO,Harbor PanAgora Dynamic Large Cap Core ETF,28.245,USD,28.2983,USD,28.059,USD,28.059,USD,74655
SPHB,Invesco S&P 500 High Beta ETF,152.36,USD,152.61,USD,150.59,USD,150.73,USD,189177
GIGB,Goldman Sachs Access Investment Grade Corporate Bond ETF,43.61,USD,43.61,USD,43.44,USD,43.51,USD,145585
ECH,iShares MSCI Chile ETF,38.1,USD,38.17,USD,37.735,USD,37.81,USD,457325
ISCG,iShares Morningstar Small-Cap Growth ETF,61.57,USD,61.59,USD,61.179,USD,61.179,USD,40903
XEMD,BondBloxx JP Morgan USD Emerging Markets 1-10 Year Bond ETF,43.17,USD,43.17,USD,42.94,USD,42.975,USD,946255
KORP,American Century Diversified Corporate Bond ETF,44.41,USD,44.49,USD,44.3201,USD,44.36,USD,227102
JDVL,John Hancock Disciplined Value Select ETF,31.57,USD,31.57,USD,31.25,USD,31.25,USD,77121
SYFI,AB Short Duration High Yield ETF,35.005,USD,35.0162,USD,34.91,USD,34.93,USD,291688
LSGR,Natixis Loomis Sayles Focused Growth ETF,44.88,USD,45.34,USD,44.88,USD,44.9768,USD,22561
IVATF,Invesco Markets II plc,29.7101,USD,29.7949,USD,29.7101,USD,29.7949,USD,1533
VNGCF,Vanguard Funds PLC,44.9157,USD,44.9157,USD,44.7154,USD,44.7907,USD,28705
AIPO,Defiance AI & Power Infrastructure ETF,28.71,USD,28.77,USD,28.2,USD,28.2,USD,853220
SEUS,SEI QiM U.S. Equity Factor Allocation Active ETF,25.69,USD,25.73,USD,25.5,USD,25.5276,USD,40352
ITIPF,iShares II plc.,4.8663,USD,4.8663,USD,4.8663,USD,4.8663,USD,2040
EYLD,Cambria Emerging Shareholder Yield ETF,48.17,USD,48.17,USD,47.6,USD,47.6,USD,43285
GWX,State Street SPDR S&P International Small Cap ETF,45.9002,USD,46.08,USD,45.57,USD,45.57,USD,69352
BSJR,Invesco BulletShares 2027 High Yield Corporate Bond ETF,22.12,USD,22.16,USD,22.1,USD,22.105,USD,102633
ISSQF,IShares Plc.,86.2832,USD,86.3432,USD,86.2832,USD,86.3432,USD,6949
VEMGF,Vanguard Funds PLC,61.7609,USD,61.7609,USD,61.7609,USD,61.7609,USD,4032
MLPI,NEOS MLP & Energy Infrastructure High Income ETF,50.86,USD,51.055,USD,50.13,USD,50.21,USD,336231
SCHQ,Schwab Long-Term U.S. Treasury ETF,28.57,USD,28.58,USD,28.3699,USD,28.46,USD,5655939
ICGAF,ISHARES III PLC CORE GLOBAL AGGREGATE BOND UCITS ETF USD,5.33,USD,5.33,USD,5.3128,USD,5.3128,USD,28647
SLVP,iShares MSCI Global Silver and Metals Miners ETF,35.73,USD,35.99,USD,34.95,USD,34.97,USD,140610
GII,State Street SPDR S&P Global Infrastructure ETF,70.58,USD,70.58,USD,69.93,USD,69.93,USD,50908
SSGBF,SSGA SPDR ETFS Europe I PLC,121.2293,USD,121.2293,USD,121.2293,USD,121.2293,USD,415
EVSM,Eaton Vance Short Duration Municipal Income ETF,49.13,USD,49.16,USD,49.0301,USD,49.16,USD,569480
FDD,First Trust STOXX European Select Dividend Index Fund,19.37,USD,19.43,USD,19.21,USD,19.22,USD,235252
VFVA,Vanguard Wellington Fund ETF,152.21,USD,152.21,USD,150.69,USD,150.69,USD,13179
QQA,Invesco QQQ Income Advantage ETF,57.09,USD,57.5,USD,57.07,USD,57.1191,USD,113741
QUTMF,VANECK UCITS ETFS PUB LTD CO.,29.859,USD,29.859,USD,29.859,USD,29.859,USD,1670
EEMA,iShares MSCI Emerging Markets Asia ETF,116.75,USD,116.8299,USD,115.16,USD,115.8886,USD,818901
FDV,Federated Hermes U.S. Strategic Dividend ETF,31.73,USD,31.73,USD,31.4,USD,31.41,USD,219528
EZM,WisdomTree U.S. MidCap Fund,72.045,USD,72.1689,USD,71.59,USD,71.64,USD,11067
PTL,Inspire 500 ETF,274.24,USD,274.24,USD,272.14,USD,272.14,USD,9716
IUAGF,ISHARES IV PLC,10.3436,USD,10.3436,USD,10.3436,USD,10.3436,USD,2163
AGGY,WisdomTree Yield Enhanced U.S. Aggregate Bond Fund,41.26,USD,41.2615,USD,41.11,USD,41.18,USD,428399
NOEQ,Northern Trust US Equity ETF,29.5375,USD,29.5375,USD,29.5375,USD,29.5375,USD,9
TAN,Invesco Solar ETF,43.88,USD,44.46,USD,43.6139,USD,43.97,USD,493231
CMDT,PIMCO Commodity Strategy Active Exchange-Traded Fund,34.94,USD,35.05,USD,34.6449,USD,34.66,USD,45192
RSPH,Invesco S&P 500 Equal Weight Health Care ETF,37.31,USD,37.37,USD,37.01,USD,37.01,USD,58497
BBEM,JPMorgan BetaBuilders Emerging Markets Equity ETF,76.87,USD,76.87,USD,76.29,USD,76.31,USD,244569
EIS,iShares MSCI Israel ETF,121.34,USD,121.6,USD,120.97,USD,121.32,USD,30811
UFOX,Defiance Space and Connective Tech ETF,85.43,USD,85.495,USD,85.0422,USD,85.0422,USD,11653
FDMO,Fidelity Momentum Factor ETF,95.71,USD,95.97,USD,95,USD,95,USD,107350
TILC,Thrivent International Large Cap ETF,25.36,USD,25.375,USD,25.13,USD,25.1354,USD,115840
TSME,Thrivent Small-Mid Cap ESG ETF,45.96,USD,45.96,USD,45.36,USD,45.4,USD,81910
CSKRF,ISHARES VII PLC MSCI KOREA UCITS ETF USD (ACC),530.0649,USD,530.0649,USD,530.0649,USD,530.0649,USD,38
SCHJ,Schwab 1-5 Year Corporate Bond ETF,24.13,USD,24.145,USD,24.09,USD,24.1,USD,335815
AUSF,Global X Adaptive U.S. Factor ETF,49.155,USD,49.16,USD,48.71,USD,48.71,USD,71131
MYCH,State Street My2028 Corporate Bond ETF,24.65,USD,24.65,USD,24.61,USD,24.6152,USD,38232
BILZ,PIMCO Ultra Short Government Active Exchange-Traded Fund,100.92,USD,100.92,USD,100.9001,USD,100.91,USD,254031
ISHG,iShares 1-3 Year International Treasury Bond ETF,74.09,USD,74.24,USD,73.9984,USD,74.0626,USD,37791
FLGB,Franklin FTSE,36.04,USD,36.12,USD,35.78,USD,35.85,USD,24671
TFLR,T. Rowe Price Floating Rate ETF,50.48,USD,50.5,USD,50.45,USD,50.5,USD,121276
XONE,BondBloxx Bloomberg One Year Target Duration US Treasury ETF,49.2,USD,49.2,USD,49.17,USD,49.19,USD,118214
AAUB,Alpha Architect US Equity 4 ETF,51.58,USD,51.58,USD,51.2716,USD,51.2716,USD,189
FLBL,Franklin Senior Loan ETF,22.98,USD,23,USD,22.98,USD,23,USD,658714
AVRE,Avantis Real Estate ETF,44.85,USD,44.85,USD,44.34,USD,44.35,USD,86291
IBDZ,iShares iBonds Dec 2034 Term Corporate ETF,24.65,USD,24.7,USD,24.58,USD,24.63,USD,326820
EVMO,Eaton Vance Mortgage Opportunities ETF,48.04,USD,48.16,USD,47.93,USD,47.95,USD,1135327
JETS,U.S. Global Jets ETF,28.63,USD,28.63,USD,28.065,USD,28.22,USD,4470884
BGDV,Bahl & Gaynor Dividend ETF,30.42,USD,30.43,USD,30.2346,USD,30.2346,USD,6607
PID,Invesco International Dividend Achievers ETF,21.43,USD,21.495,USD,21.35,USD,21.3741,USD,52950
QLYXF,GLOBAL X ETFS ICAV NASDAQ 100 COVERED CALL UCITS ETF USD DI,17.0934,USD,17.0934,USD,17.0934,USD,17.0934,USD,2940
ISCRF,IShares Plc.,5.8062,USD,5.8062,USD,5.8062,USD,5.8062,USD,2442
ARKF,ARK Blockchain & Fintech Innovation ETF,46.43,USD,46.48,USD,45.46,USD,45.53,USD,87318
BAB,Invesco Taxable Municipal Bond ETF,25.42,USD,25.42,USD,25.23,USD,25.3,USD,293691
JIREF,JPMORGAN ETFS IRELAND ICAV,126.3032,USD,126.3032,USD,126.1799,USD,126.1799,USD,1437
NBCR,Neuberger Core Equity ETF,34.23,USD,34.36,USD,34.02,USD,34.02,USD,23951
FLCA,Franklin FTSE Canada ETF,52.76,USD,52.76,USD,52.14,USD,52.14,USD,58278
EPOL,iShares MSCI Poland ETF,44.69,USD,44.82,USD,44.27,USD,44.32,USD,288665
DOL,WisdomTree True Developed International Fund,74.89,USD,75.025,USD,74.3,USD,74.3083,USD,9634
MRAEF,GLOBAL X ETFS ICAV US INFRASTRUCTURE DEVELOPMENTS UCITS ETF,50,USD,50,USD,50,USD,50,USD,322
AVCGF,AVANTIS GLOBAL EQUITY UCITS ETF,28.1899,USD,28.1899,USD,28.1899,USD,28.1899,USD,4127
TPYP,Tortoise North American Pipeline ETF,40.14,USD,40.27,USD,39.8101,USD,39.865,USD,46194
RGEF,Rockefeller Global Equity ETF,35.25,USD,35.2512,USD,35.07,USD,35.07,USD,4758
THYF,T. Rowe Price U.S. High Yield ETF,49.84,USD,49.84,USD,49.71,USD,49.8,USD,45789
IGLTF,ISHARES III PLC ISHARES III PLC ISHARES UK GILTS 0 5YR UCITS ETF,7.4558,USD,7.4558,USD,7.4558,USD,7.4558,USD,7340
AMJB,Alerian MLP Index ETN,34.65,USD,34.8987,USD,34.32,USD,34.49,USD,14283
IRSVF,ISHARES V PLC,8.1006,USD,8.1006,USD,8.1006,USD,8.1006,USD,4485
SHYM,iShares Short Duration High Yield Muni Active ETF,21.27,USD,21.42,USD,21.27,USD,21.375,USD,1555181
KOKU,Xtrackers MSCI Kokusai Equity ETF,132.2082,USD,132.2082,USD,132.2082,USD,132.2082,USD,125
NANR,State Street SPDR S&P North American Natural Resources ETF,84.86,USD,84.86,USD,83.77,USD,83.77,USD,10890
GCOR,Goldman Sachs Access U.S. Aggregate Bond ETF,39.31,USD,39.3405,USD,39.18,USD,39.25,USD,57084
REZ,iShares Residential and Multisector Real Estate ETF,89.53,USD,89.53,USD,88.34,USD,88.34,USD,203595
EQAL,Invesco Russell 1000 Equal Weight ETF,57.86,USD,57.86,USD,57.27,USD,57.27,USD,23362
PRIV,State Street IG Public & Private Credit ETF,24.02,USD,24.06,USD,24.01,USD,24.0475,USD,12788
IHRPF,IShares Plc.,97.7151,USD,97.7151,USD,97.7151,USD,97.7151,USD,315
FEM,First Trust Emerging Markets AlphaDEX Fund,32.37,USD,32.37,USD,32.1,USD,32.21,USD,92156
SAMT,Strategas Macro Thematic Opportunities ETF,42.17,USD,42.17,USD,41.68,USD,41.68,USD,258587
SFLO,VictoryShares Small Cap Free Cash Flow ETF,37.26,USD,37.52,USD,37.15,USD,37.21,USD,98787
SDCI,USCF SummerHaven Dynamic Commodity Strategy No K-1 Fund,31.36,USD,31.59,USD,31.2,USD,31.2,USD,276560
CLOZ,Eldridge BBB-B CLO ETF,26.31,USD,26.34,USD,26.265,USD,26.3,USD,527532
BKUI,BNY Mellon Ultra Short Income ETF,49.62,USD,49.63,USD,49.61,USD,49.615,USD,31712
AVNM,Avantis All International Markets Equity ETF,83.71,USD,83.7657,USD,82.94,USD,83.05,USD,115596
AVTM,Avantis Total Equity Markets ETF,54.7342,USD,54.7342,USD,54.7342,USD,54.7342,USD,119
AFLG,First Trust Active Factor Large Cap ETF,44.35,USD,44.5465,USD,44.15,USD,44.15,USD,57694
EWJV,iShares MSCI Japan Value ETF,49.05,USD,49.0585,USD,48.45,USD,48.51,USD,73543
QQH,HCM Defender 100 Index ETF,87.75,USD,88.39,USD,87.56,USD,87.56,USD,119801
BRTR,iShares Total Return Active ETF,47.648503,USD,47.648503,USD,47.648503,USD,47.648503,USD,19
TAFM,AB Tax-Aware Intermediate Municipal ETF,23.94,USD,24.07,USD,23.9201,USD,23.99,USD,1209956
HMOP,Hartford Municipal Opportunities ETF,36.71,USD,36.9799,USD,36.71,USD,36.85,USD,296656
PFM,Invesco Dividend Achievers ETF,55.37,USD,55.41,USD,54.88,USD,54.88,USD,32922
MIGO,MIG Core ETF,30.24,USD,30.24,USD,30.02,USD,30.02,USD,261
QINT,American Century Quality Diversified International ETF,70.17,USD,70.235,USD,69.5101,USD,69.6,USD,28752
DBEU,Xtrackers MSCI Europe Hedged Equity ETF,53.74,USD,53.8299,USD,53.38,USD,53.411,USD,28247
BSJS,Invesco BulletShares 2028 High Yield Corporate Bond ETF,21.44,USD,21.49,USD,21.4,USD,21.4159,USD,54321
BSJQ,Invesco BulletShares 2026 High Yield Corporate Bond ETF,22.83,USD,22.84,USD,22.82,USD,22.825,USD,195273
ROBT,First Trust Nasdaq Artificial Intelligence and Robotics ETF,59.13,USD,59.77,USD,58.99,USD,59.2328,USD,35183
QDVO,Amplify CWP Growth & Income ETF,29.96,USD,30.15,USD,29.9,USD,29.9,USD,332571
AVMV,Avantis U.S. Mid Cap Value ETF,77.34,USD,77.34,USD,76.32,USD,76.33,USD,59126
IGE,iShares North American Natural Resources ETF,62.22,USD,62.31,USD,61.6,USD,61.63,USD,92452
GTOP,Goldman Sachs Technology Opportunities ETF,51.1,USD,51.5799,USD,51.1,USD,51.2546,USD,7268
ROCY,JPMorgan Equity Premium Yield ETF,54.72457,USD,54.72457,USD,54.72457,USD,54.72457,USD,7
DIV,Global X Super Dividend ETF,19.04,USD,19.08,USD,18.8101,USD,18.82,USD,185509
BKISF,ISHARES IV PLC,3.988,USD,3.988,USD,3.988,USD,3.988,USD,121017
MINO,PIMCO Municipal Income Opportunities Active Exchange-Traded Fund,42.28,USD,42.72,USD,42.28,USD,42.59,USD,591765
JDVI,John Hancock Disciplined Value International Select ETF,40.25,USD,40.29,USD,39.8599,USD,39.925,USD,292890
XBIL,US Treasury 6 Month Bill ETF,49.97,USD,49.98,USD,49.96,USD,49.98,USD,83927
VLU,State Street SPDR S&P 1500 Value Tilt ETF,240.49,USD,240.61,USD,238.98,USD,238.9872,USD,5996
TUSI,Touchstone Ultra Short Income ETF,25.22,USD,25.23,USD,25.204,USD,25.22,USD,421500
DBND,DoubleLine Opportunistic Bond ETF,43.5499,USD,43.75,USD,43.4121,USD,43.48,USD,54374
FDRR,Fidelity Dividend ETF for Rising Rates,68.34,USD,68.9495,USD,68.19,USD,68.19,USD,53504
ROUS,Hartford Multifactor U.S. Equity ETF,66.8,USD,66.9647,USD,66.4,USD,66.4,USD,54461
PMMF,iShares Prime Money Market ETF,100.24,USD,100.25,USD,100.23,USD,100.23,USD,198279
IMSXF,ISHARES V PLC,14.27,USD,14.27,USD,14.27,USD,14.27,USD,1394
GSPY,Gotham Enhanced 500 ETF,42.53,USD,42.58,USD,42.2706,USD,42.2706,USD,28144
WGQDF,WISDOMTREE ISSUER ICAV,49.0154,USD,49.1805,USD,49.0154,USD,49.1805,USD,385
IPPIF,iShares II plc.,31.12,USD,31.12,USD,31.12,USD,31.12,USD,1600
HDIQF,iShares II plc.,65.8835,USD,65.8835,USD,65.8835,USD,65.8835,USD,19225
DFSB,Dimensional Global Sustainability Fixed Income ETF,49.6,USD,49.6,USD,49.49,USD,49.5496,USD,257138
HEGD,Swan Hedged Equity US Large Cap ETF,26.94,USD,27.03,USD,26.85,USD,26.86,USD,230285
RSPN,Invesco S&P 500 Equal Weight Industrials Portfolio,58.77,USD,58.77,USD,57.88,USD,57.92,USD,918087
RSMC,Rockefeller U.S. Small-Mid Cap ETF,27.36,USD,27.44,USD,27.3451,USD,27.3451,USD,6515
EQL,ALPS Equal Sector Weight ETF,50.57,USD,50.57,USD,50.08,USD,50.09,USD,60959
IBTL,iShares iBonds Dec 2031 Term Treasury ETF,19.404442,USD,19.404442,USD,19.404442,USD,19.404442,USD,1389
ARKX,ARK Space & Defense Innovation ETF,32.02,USD,32.34,USD,31.9,USD,31.9,USD,489564
SEIQ,SEI Enhanced U.S. Large Cap Quality Factor ETF,41.23,USD,41.42,USD,41.0498,USD,41.0498,USD,24426
NUDM,Nuveen ESG International Developed Markets Equity ETF,40.22,USD,40.22,USD,39.57,USD,39.71,USD,1797314
VOLT,Tema Electrification ETF,35.96,USD,35.96,USD,35.43,USD,35.43,USD,92754
PSUCF,PURPOSE INVESTMENTS INC.,100.01,USD,100.01,USD,100.01,USD,100.01,USD,150
SECU,iShares Securitized Income Active ETF,48.64,USD,48.7519,USD,48.52,USD,48.557,USD,109662
SMIN,Ishares MSCI India Small Cap ETF,68.73,USD,68.8,USD,68.46,USD,68.8,USD,24900
IEO,iShares U.S. Oil & Gas Exploration & Production ETF,132.32,USD,133.74,USD,131.69,USD,132,USD,89893
LEMB,iShares J.P. Morgan EM Local Currency Bond,42.29,USD,42.34,USD,42.23,USD,42.25,USD,1087942
VGRSF,Vanguard Funds PLC,26.3268,USD,26.3268,USD,26.2602,USD,26.2602,USD,2400
FXU,First Trust Utilities AlphaDEX Fund,44.26,USD,44.315,USD,43.895,USD,43.92,USD,293255
JUSA,JPMorgan U.S. Research Enhanced Large Cap ETF,68.74,USD,69.088,USD,68.49,USD,68.49,USD,269061
FEPI,REX FANG & Innovation Equity Premium Income ETF,42.83,USD,43.0863,USD,42.795,USD,42.84,USD,117180
EWN,iShares MSCI Netherlands Index Fund,68.45,USD,68.45,USD,67.66,USD,67.75,USD,84159
ARGT,Global X MSCI Argentina ETF,86.86,USD,86.86,USD,85.9,USD,86.18,USD,108511
IETC,iShares U.S. Tech Independence Focused ETF,114.4,USD,114.835,USD,114.15,USD,114.15,USD,8168
FYLD,Cambria Foreign Shareholder Yield ETF,40.03,USD,40.06,USD,39.54,USD,39.54,USD,86269
WDSSF,WISDOMTREE ISSUER ICAV WISDMTR US QLTY DIV GTH UCITS ETF USD AC,58.42,USD,58.42,USD,58.42,USD,58.42,USD,1797
ULTY,YieldMax Ultra Option Income Strategy ETF,25.42,USD,25.49,USD,25.23,USD,25.29,USD,578817
XCHG,AB US Equity ETF,27.55,USD,27.55,USD,27.352,USD,27.352,USD,272
CMDY,iShares Bloomberg Roll Select Commodity Strategy ETF,64.17,USD,64.21,USD,63.5201,USD,63.62,USD,169875
CPER,United States Copper Index Fund ETV,39.79,USD,40.14,USD,39.64,USD,39.78,USD,528926
BBSC,JPMorgan BetaBuilders U.S. Small Cap Equity ETF,85.5525,USD,85.5525,USD,84.99,USD,84.99,USD,214298
RSLGF,AMUNDI ETF ICAV,628,USD,628,USD,628,USD,628,USD,505
IBHF,iShares iBonds 2026 Term High Yield and Income ETF,22.54,USD,22.55,USD,22.5,USD,22.53,USD,1253541
TOPT,iShares Top 20 U.S. Stocks ETF,34.98,USD,35.23,USD,34.88,USD,34.9,USD,643352
SLVR,Sprott Silver Miners & Physical Silver ETF,55.47,USD,55.665,USD,54.34,USD,54.44,USD,91287
SFY,SoFi Select 500 ETF,154.29,USD,154.64,USD,153.6412,USD,153.6412,USD,10256
SPEU,State Street SPDR Portfolio Europe ETF,54.23,USD,54.26,USD,53.71,USD,53.71,USD,39414
ISRNF,ISHARES V PLC,15.7621,USD,15.7621,USD,15.7621,USD,15.7621,USD,1236
DBJP,Xtrackers MSCI Japan Hedged Equity ETF,117.27,USD,117.7759,USD,116.25,USD,116.6,USD,29502
IXG,iShares Global Financial ETF,128.53,USD,128.53,USD,126.99,USD,127,USD,10158
MBBA,iShares Mortgage-Backed Securities Active ETF,47.15,USD,47.2,USD,46.76,USD,46.91,USD,117337
ICBIF,Ishares III Plc,4.7085,USD,4.7085,USD,4.7085,USD,4.7085,USD,20854
SWOOF,SSGA SPDR ETFS EUROPE II PLC,72.0661,USD,72.0661,USD,72.0661,USD,72.0661,USD,150
XMLV,Invesco S&P MidCap Low Volatility ETF,63.93,USD,63.93,USD,62.97,USD,62.97,USD,85323
CDC,VictoryShares US EQ Income Enhanced Volatility Wtd ETF,72.13,USD,72.13,USD,71.43,USD,71.5569,USD,19945
MISL,First Trust Indxx Aerospace & Defense ETF,42.02,USD,42.125,USD,41.58,USD,41.6,USD,113883
EUSB,iShares ESG Advanced Universal USD Bond ETF,41.66,USD,41.66,USD,41.5,USD,41.57,USD,197251
SSSEF,SSGA SPDR ETFS EUROPE II PLC,64.12,USD,64.12,USD,64.12,USD,64.12,USD,740
IQDG,WisdomTree International Quality Dividend Growth Fund,42.91,USD,42.91,USD,42.44,USD,42.56,USD,31745
NUKZ,Range Nuclear Renaissance Index ETF,60.76,USD,61.05,USD,60,USD,60.23,USD,53092
JHSC,John Hancock Multifactor Small Cap ETF,45.91,USD,45.91,USD,45.38,USD,45.4467,USD,64746
MSSM,Morgan Stanley Pathway Small-Mid Cap Equity ETF,57.17,USD,57.17,USD,56.8236,USD,56.8236,USD,11609
FTRB,Federated Hermes Total Return Bond ETF,23.98,USD,23.9893,USD,23.905,USD,23.95,USD,111112
FXR,First Trust Industrials AlphaDEX,82.54,USD,82.54,USD,81.46,USD,81.46,USD,18765
ROCQ,JPMorgan Nasdaq Equity Premium Yield ETF,56.08738,USD,56.08738,USD,56.08738,USD,56.08738,USD,441
EES,WisdomTree U.S. SmallCap Fund,65,USD,65,USD,64.5799,USD,64.5799,USD,5504
XVV,iShares ESG Select Screened S&P 500 ETF,58.61,USD,58.7574,USD,58.3,USD,58.3,USD,7764
EBI,Longview Advantage ETF,65.8,USD,65.89,USD,65.34,USD,65.4235,USD,12119
IBMP,iShares iBonds Dec 2027 Term Muni Bond ETF,25.21,USD,25.25,USD,25.21,USD,25.24,USD,195649
WTAI,WisdomTree Artificial Intelligence and Innovation Fund,44.11,USD,44.11,USD,43.68,USD,43.69,USD,116355
DMBS,DoubleLine Mortgage ETF,46.49,USD,46.53,USD,46.23,USD,46.31,USD,150315
VUSE,Vident Core US Equity ETF,72.8,USD,72.97,USD,72.5094,USD,72.5094,USD,14052
IBMQ,iShares iBonds Dec 2028 Term Muni Bond ETF,25.09,USD,25.15,USD,25.085,USD,25.14,USD,195781
SEEM,SEI Select Emerging Markets Equity ETF,38.95,USD,39.02,USD,38.72,USD,38.7778,USD,22539
BRES,Burney U.S. Equity Select ETF,26.64,USD,26.64,USD,26.3819,USD,26.3819,USD,948
PMFIF,PIMCO ETFS PLC ADVT US SHT TRM HGH YLD CORP BD UCT ETF,168.6,USD,168.6,USD,168.6,USD,168.6,USD,604
TLTD,Northern Trust Morningstar Developed Markets ex-US Factor Tilt ETF,102.04,USD,102.07,USD,100.93,USD,101.0287,USD,4116
GMOI,GMO International Value ETF,39.98,USD,40.1499,USD,39.65,USD,39.65,USD,34525
EFAA,Invesco MSCI EAFE Income Advantage ETF,55.26,USD,55.26,USD,54.805,USD,54.95,USD,104118
LSVD,LSV Disciplined Value ETF,36.35,USD,36.35,USD,36.04,USD,36.04,USD,29004
IHVPF,IShares VII PLC,125.4,USD,125.4,USD,125.0321,USD,125.1822,USD,1306
ISCF,iShares International Small-Cap Equity Factor ETF,44.98,USD,45.02,USD,44.6323,USD,44.66,USD,27327
PIZ,Invesco Dorsey Wright Developed Markets Momentum ETF,53.38,USD,53.5153,USD,52.97,USD,53.04,USD,27848
SMRI,Bushido Capital US Equity ETF,44.64,USD,44.93,USD,44.6,USD,44.69,USD,7911
EWX,State Street SPDR S&P Emerging Markets Small Cap ETF,71.415,USD,71.415,USD,71.08,USD,71.1,USD,24935
TSLY,YieldMax TSLA Option Income Strategy ETF,21.41,USD,21.5803,USD,21.04,USD,21.56,USD,386000
SGDM,Sprott Gold Miners ETF,75.22,USD,75.29,USD,73.75,USD,74.08,USD,50952
CLAYF,BLACKROCK ASSET MANAGEMENT CA LTD ISHARES 1-5 YEAR LADDERED CORPORATE BOND,12.74,USD,12.74,USD,12.74,USD,12.74,USD,191
XSGIF,Xtrackers,77.4501,USD,77.4501,USD,77.4501,USD,77.4501,USD,391
CRAK,VanEck Oil Refiners ETF,63.51,USD,63.99,USD,63.13,USD,63.34,USD,557065
WSML,iShares MSCI World Small-Cap ETF,34.22,USD,34.22,USD,33.9984,USD,33.9984,USD,3367
ISCV,iShares Morningstar Small-Cap Value ETF,75.09,USD,75.4,USD,74.805,USD,74.8062,USD,14722
FLCG,Federated Hermes MDT Large Cap Growth ETF,35.76,USD,35.92,USD,35.6,USD,35.6,USD,16980
PCS,PGIM Corporate Bond 0-5 Year ETF,48.96,USD,49,USD,48.94,USD,48.9428,USD,1410
HYGH,iShares Interest Rate Hedged High Yield Bond ETF,85.74,USD,85.838,USD,85.58,USD,85.63,USD,56042
SMDV,ProShares Russell 2000 Dividend Growers ETF,72.57,USD,72.57,USD,71.72,USD,71.72,USD,101735
TAXF,American Century Diversified Municipal Bond ETF,47.29,USD,47.625,USD,47.245,USD,47.385,USD,338020
DWM,WisdomTree International Equity Fund,74.04,USD,74.04,USD,73.6297,USD,73.6445,USD,9346
ISCBF,IShares Plc.,6.8105,USD,6.8105,USD,6.8105,USD,6.8105,USD,7500
NPFE,NPF Core Equity ETF,28.15,USD,28.16,USD,27.9548,USD,27.9548,USD,7354
AVSF,Avantis Short-Term Fixed Income ETF,45.64,USD,45.67,USD,45.5899,USD,45.6149,USD,58797
ATMP,iPath Select MLP ETN,34.54,USD,34.54,USD,34.04,USD,34.13,USD,24368
INMU,iShares Intermediate Muni Income Active ETF,22.83,USD,22.92,USD,22.81,USD,22.89,USD,1095933
KAT,Scharf ETF,56.61,USD,56.63,USD,56.3349,USD,56.3349,USD,4711
IAUI,NEOS Gold High Income ETF,48.73,USD,48.73,USD,48.17,USD,48.32,USD,185493
TIH,The Investment House ETF,24.69,USD,24.695,USD,24.56,USD,24.56,USD,313
HEWJ,iShares Currency Hedged MSCI Japan ETF,65.6,USD,65.82,USD,65.16,USD,65.27,USD,57213
BKMC,BNY Mellon US Mid Cap Core Equity ETF,38.97,USD,38.97,USD,38.59,USD,38.59,USD,17439
LONZ,PIMCO Senior Loan Active Exchange-Traded Fund,49.19,USD,49.209,USD,49.14,USD,49.15,USD,73548
DTH,WisdomTree International High Dividend Fund,56.41,USD,56.425,USD,55.81,USD,55.81,USD,27636
PSK,State Street SPDR ICE Preferred Securities ETF,28.49,USD,28.49,USD,28.22,USD,28.34,USD,198651
FCG,First Trust Natural Gas ETF,28.75,USD,28.91,USD,28.51,USD,28.52,USD,999060
DFSE,Dimensional Emerging Markets Sustainability Core 1 ETF,48.45,USD,48.53,USD,48.1179,USD,48.35,USD,27756
JHLN,John Hancock Global Senior Loan ETF,24.465,USD,24.465,USD,24.465,USD,24.465,USD,4016
FFLG,Fidelity Fundamental Large Cap Growth ETF,34.21,USD,34.38,USD,34.055,USD,34.055,USD,154370
CTEF,Castellan Targeted Equity ETF,85.14,USD,85.2539,USD,85.0127,USD,85.0127,USD,506
PALL,abrdn Physical Palladium Shares ETF,22.06,USD,22.06,USD,21.74,USD,21.81,USD,520664
FSMB,First Trust Short Duration Managed Municipal ETF,19.42,USD,19.47,USD,19.42,USD,19.46,USD,248250
BGFI,BNY Mellon Global Fixed Income ETF,24.68,USD,24.715,USD,24.535,USD,24.6,USD,76243
FIGB,Fidelity Investment Grade Bond ETF,40.86,USD,40.91,USD,40.6933,USD,40.7,USD,61974
BNO,"United States Brent Oil Fund, LP ETV",60.57,USD,60.84,USD,60.02,USD,60.09,USD,1288639
EMEQ,Nomura Focused Emerging Markets Equity ETF,66.08,USD,66.08,USD,65.44,USD,65.675,USD,83812
FPAG,FPA Global Equity ETF,41.21,USD,41.21,USD,40.88,USD,40.88,USD,17010
MLN,VanEck Long Muni ETF,16.26,USD,16.435,USD,16.26,USD,16.325,USD,1923168
GXUS,Goldman Sachs MarketBeta Total International Equity ETF,63.1,USD,63.1,USD,62.5162,USD,62.5162,USD,1025
FIVA,Fidelity International Value Factor ETF,38.41,USD,38.41,USD,38.03,USD,38.05,USD,118067
DGT,State Street SPDR Global Dow ETF,186.9,USD,187.03,USD,185.6549,USD,185.6549,USD,6156
AGZ,iShares Agency Bond ETF,106.48,USD,106.82,USD,106.48,USD,106.54,USD,77000
FIIG,First Trust Intermediate Duration Investment Grade Corporate ETF,19.68,USD,19.6862,USD,19.59,USD,19.63,USD,366262
OSCV,Opus Small Cap Value ETF,39.66,USD,39.66,USD,39.18,USD,39.18,USD,67862
ISRVF,IShares Plc.,121.64,USD,121.957,USD,121.421,USD,121.421,USD,70990
ONEY,State Street SPDR Russell 1000 Yield Focus ETF,124.5,USD,124.5,USD,122.92,USD,122.92,USD,51014
FNGS,"MicroSectors FANG ETNs due January 8, 2038",82.33,USD,83.47,USD,82.33,USD,82.55,USD,51588
PTF,Invesco Dorsey Wright Technology Momentum ETF,109.68,USD,110.05,USD,108.04,USD,108.89,USD,70617
BRIE,MFS Blended Research International Equity ETF,30.6,USD,30.6,USD,30.3,USD,30.32,USD,291697
FDHY,Fidelity Enhanced High Yield ETF,47.58,USD,47.85,USD,47.5,USD,47.5,USD,116612
IXP,iShares Global Comm Services ETF,119.05,USD,119.77,USD,118.27,USD,118.27,USD,12936
IAT,iShares U.S. Regional Banks ETF,57.37,USD,57.82,USD,57.055,USD,57.22,USD,243964
PGF,Invesco Financial Preferred ETF,12.8,USD,12.8,USD,12.7,USD,12.74,USD,445093
BBHY,JPMorgan BetaBuilders USD High Yield Corporate Bond ETF,44.52,USD,44.6,USD,44.37,USD,44.37,USD,1986117
FLBR,Franklin FTSE Brazil ETF,23.23,USD,23.555,USD,23.13,USD,23.4,USD,183855
BRNY,Burney U.S. Factor Rotation ETF,57.93,USD,57.968,USD,57.598,USD,57.598,USD,16219
RJCA,RJ ClariVest Capital Appreciation ETF,74.75,USD,74.93,USD,74.295,USD,74.3,USD,5616
SIXH,ETC 6 Meridian Hedged Equity Index Option ETF,44.27,USD,44.27,USD,43.83,USD,43.8682,USD,7301
ITRYF,ISHARES PLC,4.9333,USD,4.9333,USD,4.9333,USD,4.9333,USD,57214
ACLO,TCW AAA CLO ETF,50.51,USD,50.57,USD,50.51,USD,50.55,USD,464397
SSUS,Day Hagan Smart Sector ETF,56.44,USD,56.44,USD,56.08,USD,56.08,USD,18208
ISUUF,ISHARES IV PLC,99.4002,USD,99.4002,USD,99.4002,USD,99.4002,USD,2226
AQEC,AQE Core ETF,25.7,USD,25.78,USD,25.58,USD,25.58,USD,11080
SMWFF,SSGA SPDR ETFS EUROPE II PLC,77.1814,USD,77.1814,USD,77.1814,USD,77.1814,USD,740
QVAL,Alpha Architect U.S. Quantitative Value ETF,58.65,USD,58.74,USD,58.32,USD,58.3599,USD,69344
FAD,First Trust Multi Cap Growth AlphaDEX Fund,181.91,USD,182.3539,USD,181.2,USD,181.28,USD,21043
FISR,State Street Fixed Income Sector Rotation ETF,24.5,USD,24.5,USD,24.4022,USD,24.41,USD,58951
RSPG,Invesco S&P 500 Equal Weight Energy ETF,108.4,USD,108.54,USD,107.32,USD,107.46,USD,47851
SPAGF,ISHARES V PLC,58.1857,USD,58.1857,USD,58.1823,USD,58.1823,USD,3444
EMHY,iShares J.P. Morgan EM High Yield Bond ETF,38.94,USD,38.965,USD,38.72,USD,38.74,USD,173286
SCEC,Sterling Capital Enhanced Core Bond ETF,23.84,USD,23.84,USD,23.71,USD,23.75,USD,27374
BLUX,Bluemonte Dynamic Total Market ETF,31.56,USD,31.615,USD,31.3918,USD,31.3918,USD,66909
IQQ,iShares Nasdaq 100 ETF,25.05,USD,25.2,USD,25.03,USD,25.03,USD,3401002
FLUD,Franklin Ultra Short Bond ETF,24.98,USD,25,USD,24.95,USD,25,USD,443501
SEIS,SEI Select Small Cap ETF,31.31,USD,31.36,USD,31.15,USD,31.1599,USD,33763
LGH,HCM Defender 500 Index ETF,66.38,USD,66.4497,USD,65.71,USD,65.71,USD,94867
LVHD,Franklin U.S. Low Volatility High Dividend Index ETF,41.87,USD,41.87,USD,41.33,USD,41.3808,USD,45403
BSCY,Invesco BulletShares 2034 Corporate Bond ETF,19.57,USD,19.58,USD,19.5,USD,19.5172,USD,232433
ISUPF,iShares II plc.,30.7454,USD,30.7454,USD,30.6656,USD,30.6656,USD,14637
LGOV,First Trust Long Duration Opportunities ETF,19.73,USD,19.84,USD,19.515,USD,19.5903,USD,562165
FDEM,Fidelity Emerging Markets Multifactor ETF,35.725,USD,35.83,USD,35.52,USD,35.54,USD,57517
BSJT,Invesco BulletShares 2029 High Yield Corporate Bond ETF,20.66,USD,20.72,USD,20.64,USD,20.655,USD,109483
MFSV,MFS Active Value ETF,28.3,USD,28.3,USD,28.1,USD,28.1,USD,134011
VPLCF,Vanguard Funds PLC,20.6477,USD,20.6477,USD,20.6477,USD,20.6477,USD,496
KSA,iShares MSCI Saudi Arabia ETF,36.4,USD,36.47,USD,36.315,USD,36.32,USD,840603
ISBNF,ISHARES V PLC,111.7359,USD,111.7359,USD,111.7359,USD,111.7359,USD,17245
ICLO,Invesco AAA CLO Floating Rate Note ETF,25.59,USD,25.61,USD,25.56,USD,25.59,USD,336286
DXUV,US Vector Equity Portfolio ETF Class Shares,67.5212,USD,67.66,USD,67.09,USD,67.11,USD,473965
XSVM,Invesco S&P SmallCap Value with Momentum ETF,65.94,USD,65.9416,USD,64.94,USD,65.1,USD,88001
ILTB,iShares Core 10 Year USD Bond ETF,45.05,USD,45.05,USD,44.73,USD,44.85,USD,60546
LQDH,iShares Interest Rate Hedged Corporate Bond ETF,92.69,USD,92.79,USD,92.53,USD,92.67,USD,96410
MFSB,MFS Active Core Plus Bond ETF,23.84,USD,23.84,USD,23.73,USD,23.79,USD,508930
IBTM,iShares iBonds Dec 2032 Term Treasury ETF,21.666088,USD,21.666088,USD,21.666088,USD,21.666088,USD,1154
USSG,Xtrackers MSCI USA Selection Equity ETF,71.63,USD,71.935,USD,71.29,USD,71.29,USD,15972
GBND,Goldman Sachs Core Bond ETF,48.1664,USD,48.17,USD,48.02,USD,48.12,USD,68647
WWJD,Inspire International ETF,39.12,USD,39.12,USD,38.66,USD,38.77,USD,41995
FTMH,Franklin Municipal High Yield ETF,10.85,USD,10.93,USD,10.85,USD,10.86,USD,660664
ISTNF,ISHARES V PLC IBONDS DEC 2029 TERM USD CORP UCITS ETF,112.4763,USD,112.4763,USD,112.4763,USD,112.4763,USD,8500
FMAT,Fidelity MSCI Materials Index ETF,56.48,USD,56.59,USD,55.74,USD,55.74,USD,286280
GQGU,GQG US Equity ETF,26.46,USD,26.67,USD,26.42,USD,26.42,USD,323388
GVAL,Cambria Global Value ETF,38.43,USD,38.44,USD,37.84,USD,37.84,USD,64618
HEZU,iShares Currency Hedged MSCI Eurozone ETF,48.9,USD,48.9,USD,48.421,USD,48.44,USD,133488
HYBL,State Street Blackstone High Income ETF,27.63,USD,27.6561,USD,27.57,USD,27.57,USD,60027
IIXFF,Ishares III Plc,4.565,USD,4.565,USD,4.565,USD,4.565,USD,1405
EDGF,3EDGE Dynamic Fixed Income ETF,24.27,USD,24.3199,USD,24.27,USD,24.31,USD,76591
GVIP,Goldman Sachs Hedge Industry VIP ETF,171,USD,171.16,USD,170.15,USD,170.15,USD,17166
DWLD,Davis Select Worldwide ETF,45.2,USD,45.2,USD,44.6,USD,44.64,USD,11669
PJP,Invesco Pharmaceuticals ETF,125.92,USD,126.3,USD,123.31,USD,123.31,USD,26398
CSRE,Cohen & Steers Real Estate Active ETF,26.95,USD,27,USD,26.7,USD,26.7,USD,211933
VSLU,Applied Finance Valuation Large Cap ETF,48.89,USD,49.06,USD,48.53,USD,48.53,USD,24228
JPSE,JPMorgan Diversified Return U.S. Small Cap Equity ETF,56.79,USD,56.79,USD,56.32,USD,56.32,USD,16412
PCI,PGIM Corporate Bond 5-10 Year ETF,47.2361,USD,47.2361,USD,47.2361,USD,47.2361,USD,11
IMSBF,ISHARES V PLC,9.9775,USD,9.9775,USD,9.9775,USD,9.9775,USD,720
JUST,Goldman Sachs JUST U.S. Large Cap Equity ETF,109.75,USD,109.89,USD,109.0216,USD,109.0216,USD,12561
FNY,First Trust Mid Cap Growth AlphaDEX Fund,99.21,USD,99.375,USD,98.8367,USD,98.8367,USD,10589
NXTG,First Trust Indxx NextG ETF,155.11,USD,155.11,USD,153.854924,USD,153.9484,USD,3293
CALI,iShares Short-Term California Muni Active ETF,49.705728,USD,49.705728,USD,49.705728,USD,49.705728,USD,1
TOTR,T. Rowe Price Total Return ETF,38.32,USD,38.32,USD,38.1,USD,38.1362,USD,12401
FTNY,Franklin New York Municipal Income ETF,7.31,USD,7.37,USD,7.28,USD,7.33,USD,316218
IDOG,ALPS International Sector Dividend Dogs ETF,42.38,USD,42.42,USD,41.94,USD,42.08,USD,20291
DFCA,Dimensional California Municipal Bond ETF,47.52,USD,47.79,USD,47.52,USD,47.67,USD,1115677
ISEJF,Ishares III Plc,5.6332,USD,5.6332,USD,5.6332,USD,5.6332,USD,475
QCLN,First Trust NASDAQ Clean Edge Green Energy Index Fund,49,USD,49,USD,48.2304,USD,48.27,USD,82877
WTPI,WisdomTree Equity Premium Income Fund,32.82,USD,33.0099,USD,32.74,USD,32.81,USD,151650
EPU,iShares MSCI Peru and Global Exposure ETF,89.86,USD,90.63,USD,88.71,USD,88.73,USD,22078
EIPX,FT Energy Income Partners Strategy ETF,31.68,USD,31.68,USD,31.24,USD,31.27,USD,18542
TXUE,Thornburg International Equity ETF,34.99,USD,35.035,USD,34.7,USD,34.72,USD,175311
SCIO,First Trust Structured Credit Income Opportunities ETF,19.96,USD,19.97,USD,19.9,USD,19.93,USD,499141
IPKW,Invesco International BuyBack Achievers ETF,59.77,USD,59.81,USD,59.2101,USD,59.31,USD,72411
QDEF,Northern Trust Quality Dividend Defensive ETF,89.66,USD,89.74,USD,88.98,USD,88.98,USD,3848
IBMO,iShares iBonds Dec 2026 Term Muni Bond ETF,25.655,USD,25.67,USD,25.62,USD,25.64,USD,173783
IHCRF,Invesco Markets plc,846.2229,USD,846.423,USD,846.2229,USD,846.423,USD,77
BINV,Brandes International ETF,43.43,USD,43.43,USD,43.07,USD,43.08,USD,39874
SIXA,ETC 6 Meridian Mega Cap Equity ETF,57.12,USD,57.1399,USD,56.725,USD,56.725,USD,10225
FTCA,Franklin California Municipal Income ETF,6.82,USD,6.88,USD,6.81,USD,6.85,USD,687340
UFO,Procure Space ETF,42.49,USD,43.1999,USD,42.25,USD,42.315,USD,272521
DFVX,Dimensional US Large Cap Vector ETF,83.94,USD,84.11,USD,83.4,USD,83.4,USD,8728
ABFL,Abacus FCF Leaders ETF,80.75,USD,80.93,USD,80.3393,USD,80.3393,USD,8258
KIE,State Street SPDR S&P Insurance ETF,59.44,USD,59.44,USD,58.5,USD,58.5,USD,1023172
MUNY,Vanguard New York Tax-Exempt Bond ETF,97.04,USD,97.585,USD,97.04,USD,97.34,USD,136806
XPH,State Street SPDR S&P Pharmaceuticals ETF,66.56,USD,66.69,USD,65,USD,65,USD,137470
IBHG,iShares iBonds 2027 Term High Yield and Income ETF,21.82,USD,21.84,USD,21.76,USD,21.78,USD,190521
XTL,State Street SPDR S&P Telecom ETF,202.58,USD,204.1,USD,202.58,USD,202.99,USD,48344
SETM,Sprott Critical Materials ETF,29.71,USD,30.0164,USD,29.27,USD,29.3,USD,222379
FLCO,Franklin Investment Grade Corporate ETF,20.38,USD,20.38,USD,20.28,USD,20.2958,USD,195271
BUCK,Simplify Treasury Option Income ETF,23.2,USD,23.25,USD,23.0639,USD,23.08,USD,180881
XTTXF,XTRACKERS IE PLC,12.4543,USD,12.4543,USD,12.4543,USD,12.4543,USD,501
STOT,State Street DoubleLine Short Duration Total Return Tactical ETF,46.32,USD,46.3468,USD,46.29,USD,46.34,USD,336088
PNQI,Invesco Nasdaq Internet ETF,50.61,USD,51.25,USD,50.61,USD,50.7382,USD,37970
JIG,JPMorgan International Growth ETF,84.69,USD,84.69,USD,83.82,USD,83.82,USD,178451
PMMOF,PIMCO ETFS PLC ADVT US SHT TRM HGH YLD CORP BD UCT ETF,92.1139,USD,92.1139,USD,92.1139,USD,92.1139,USD,530
BBHL,BBH Select Large Cap ETF,17.36,USD,17.415,USD,17.25,USD,17.25,USD,24847
STPZ,PIMCO 1-5 Year U.S. TIPS Index Exchange-Traded Fund,51.91,USD,51.91,USD,51.8101,USD,51.87,USD,58736
NBCM,Neuberger Berman Commodity Strategy ETF,31.16,USD,31.16,USD,30.87,USD,30.92,USD,45499
XSVN,BondBloxx Bloomberg Seven Year Target Duration US Treasury ETF,44.79,USD,44.79,USD,44.5701,USD,44.64,USD,79931
BIBL,Inspire 100 ETF,54.68,USD,54.68,USD,54.05,USD,54.06,USD,268007
BUXX,Strive Enhanced Income Short Maturity ETF,20.12,USD,20.16,USD,20.12,USD,20.16,USD,249464
ABI,VictoryShares Pioneer Asset-Based Income ETF,24.51,USD,24.56,USD,24.46,USD,24.5379,USD,48097
PSCT,Invesco S&P SmallCap Information Technology ETF,80.66,USD,81.2099,USD,80.4,USD,80.82,USD,10087
ENFR,Alerian Energy Infrastructure ETF,37.05,USD,37.2051,USD,36.64,USD,36.65,USD,97654
XBB,BondBloxx BB-Rated USD High Yield Corporate Bond ETF,39.57,USD,39.66,USD,39.5142,USD,39.5142,USD,1822
CSM,ProShares Large Cap Core Plus,87.04,USD,87.38,USD,86.7807,USD,86.7807,USD,2039
IBHI,iShares iBonds 2029 Term High Yield and Income ETF,22.88,USD,22.9502,USD,22.8,USD,22.83,USD,72290
BASG,Brown Advisory Sustainable Growth ETF,28.45,USD,28.48,USD,28.3081,USD,28.3081,USD,3010
TECB,iShares U.S. Tech Breakthrough Multisector ETF,78.82,USD,79.321,USD,78.82,USD,78.93,USD,7292
GGUS,Goldman Sachs MarketBeta Russell 1000 Growth Equity ETF,68.42,USD,68.72,USD,68.07,USD,68.07,USD,57825
HYEM,VanEck Emerging Markets High Yield Bond ETF,19.53,USD,19.53,USD,19.395,USD,19.41,USD,193851
KCE,State Street SPDR S&P Capital Markets ETF,154.3,USD,154.92,USD,153.95,USD,154.14,USD,14812
FEP,First Trust Europe AlphaDEX Fund,57.14,USD,57.14,USD,56.345,USD,56.41,USD,53321
ISSIF,Ishares III Plc,162.5268,USD,162.5268,USD,162.5268,USD,162.5268,USD,60
IDGT,iShares U.S. Digital Infrastructure and Real Estate ETF,113.01,USD,113.01,USD,112.42,USD,112.43,USD,15820
MUST,Columbia Multi-Sector Municipal Income ETF,18.99,USD,19.17,USD,18.99,USD,19.12,USD,342833
DWX,State Street SPDR S&P International Dividend ETF,46.09,USD,46.09,USD,45.74,USD,45.7446,USD,15116
CFA,VictoryShares US 500 Volatility Wtd ETF,96.64,USD,96.64,USD,95.6906,USD,95.6906,USD,5293
AAEQ,Alpha Architect US Equity 2 ETF,55.27,USD,55.28,USD,54.8685,USD,54.8685,USD,516
IDUB,Aptus International Enhanced Yield ETF,27.52,USD,27.53,USD,27.3145,USD,27.3408,USD,99876
IERNF,IShares Plc.,29.6624,USD,29.6624,USD,29.6624,USD,29.6624,USD,360
VBND,Vident U.S. Bond Strategy ETF,41.49,USD,41.55,USD,41.43,USD,41.54,USD,38222
ULST,State Street Ultra Short Term Bond ETF,40.27,USD,40.27,USD,40.24,USD,40.245,USD,65108
TDI,Touchstone Dynamic International ETF,47.25,USD,47.26,USD,46.87,USD,46.94,USD,96846
JCAL,JPMorgan California Tax Free Bond ETF,47.26,USD,47.47,USD,47.26,USD,47.34,USD,96148
AAUS,Alpha Architect US Equity ETF,61.89,USD,61.89,USD,61.62,USD,61.6366,USD,403
ISFLF,iShares II plc.,5.1069,USD,5.1069,USD,5.1069,USD,5.1069,USD,787
UTWO,US Treasury 2 Year Note ETF,47.36,USD,47.3699,USD,47.32,USD,47.34,USD,226081
IBD,Inspire Corporate Bond ETF,23.05,USD,23.09,USD,22.95,USD,23,USD,69335
UMI,USCF Midstream Energy Income Fund ETF,57.15,USD,57.22,USD,56.44,USD,56.57,USD,42029
HAPI,Harbor Corporate Culture ETF,46.13,USD,46.13,USD,45.8002,USD,45.8002,USD,4569
CVIE,Calvert International Responsible Index ETF,84.12,USD,84.12,USD,83.1269,USD,83.1269,USD,41316
XMVM,Invesco S&P MidCap Value with Momentum ETF,70.54,USD,70.73,USD,69.75,USD,69.75,USD,20107
INDY,iShares India 50 ETF,41,USD,41.07,USD,40.93,USD,40.95,USD,110128
BGRN,iShares USD Green Bond ETF,45.441741,USD,45.441741,USD,45.441741,USD,45.441741,USD,5
DJD,Invesco Dow Jones Industrial Average Dividend ETF,63.59,USD,63.7135,USD,62.8201,USD,62.83,USD,76693
NFLT,Virtus Newfleet Multi-Sector Bond ETF,22.18,USD,22.18,USD,22.04,USD,22.07,USD,419135
EFAX,State Street SPDR MSCI EAFE Fossil Fuel Reserves Free ETF,54.14,USD,54.15,USD,53.57,USD,53.57,USD,12929
VFQY,Vanguard U.S. Quality Factor ETF,171.29,USD,171.29,USD,170.2893,USD,170.2893,USD,8288
AVMC,Avantis U.S. Mid Cap Equity ETF,77.09,USD,77.09,USD,76.23,USD,76.23,USD,30854
VNM,VanEck Vietnam ETF,17.04,USD,17.1,USD,16.95,USD,16.95,USD,400839
THNQ,ROBO Global Artificial Intelligence ETF,97.19,USD,97.64,USD,97.04,USD,97.1441,USD,11536
GRNJ,Fundstrat Granny Shots US Small- & Mid-Cap ETF,29.64,USD,29.64,USD,29.41,USD,29.44,USD,49769
GRPM,Invesco S&P MidCap 400 GARP ETF,135.42,USD,136.07,USD,135.42,USD,135.46,USD,36142
BBH,VanEck Biotech ETF,245.1,USD,246.55,USD,244.14,USD,244.575,USD,6874
ATFV,Alger 35 ETF,41.09,USD,41.09,USD,40.6852,USD,40.6852,USD,16484
PDBA,Invesco Agriculture Commodity Strategy No K-1 ETF,37.77,USD,37.9,USD,37.54,USD,37.56,USD,67741
PAPI,Parametric Equity Premium Income ETF,26.53,USD,26.56,USD,26.23,USD,26.28,USD,151934
TTEQ,T. Rowe Price Technology ETF,44.3,USD,44.615,USD,44.3,USD,44.44,USD,128239
IBMR,iShares iBonds Dec 2029 Term Muni Bond ETF,24.67,USD,24.76,USD,24.6601,USD,24.73,USD,242865
AGGH,Simplify Aggregate Bond ETF,19.04,USD,19.04,USD,18.8602,USD,18.93,USD,329897
NUEM,Nuveen ESG Emerging Markets Equity ETF,42.87,USD,42.87,USD,42.33,USD,42.5898,USD,58832
NUBD,Nuveen ESG U.S. Aggregate Bond ETF,21.18,USD,21.19,USD,21.1,USD,21.17,USD,226977
AVSU,Avantis Responsible U.S. Equity ETF,88.73,USD,88.74,USD,88.01,USD,88.01,USD,15744
VGSR,Vert Global Sustainable Real Estate ETF,10.71,USD,10.71,USD,10.59,USD,10.6223,USD,62781
EZA,iShares MSCI South Africa Index Fund,64.76,USD,64.8,USD,63.94,USD,63.98,USD,91572
BDBT,Bluemonte Core Bond ETF,24.11,USD,24.13,USD,24.0599,USD,24.1,USD,117390
FLTB,Fidelity Limited Term Bond ETF,48.94,USD,49.11,USD,48.9101,USD,48.98,USD,46661
BBLU,EA Bridgeway Blue Chip ETF,17.24,USD,17.25,USD,17.11,USD,17.11,USD,72980
DNL,WisdomTree Global ex-U.S. Quality Growth Fund,44.94,USD,44.98,USD,44.6494,USD,44.6494,USD,11603
TCPB,Thrivent Core Plus Bond ETF,48.36,USD,48.4,USD,48.21,USD,48.22,USD,188657
SHYD,VanEck Short High Yield Muni ETF,21.91,USD,21.94,USD,21.855,USD,21.92,USD,202900
IBTO,iShares iBonds Dec 2033 Term Treasury ETF,22.91096,USD,22.91096,USD,22.91096,USD,22.91096,USD,1489
CSMD,Congress SMid Growth ETF,34.13,USD,34.13,USD,33.835,USD,33.87,USD,35394
GEME,Pacific North of South EM Equity Active ETF,41.155,USD,41.27,USD,41.155,USD,41.1776,USD,7729
TEQI,T. Rowe Price Equity Income ETF,50.88,USD,50.99,USD,50.6014,USD,50.6014,USD,16080
RSPU,Invesco S&P 500 Equal Weight Utilities ETF,70.69,USD,70.69,USD,70.06,USD,70.1,USD,164254
JEMB,Janus Henderson Emerging Markets Debt Hard Currency ETF,51.055,USD,51.055,USD,50.93,USD,51.05,USD,22744
ICOP,iShares Copper and Metals Mining ETF,54.11,USD,54.5,USD,53.1,USD,53.22,USD,76000
AVXC,Avantis Emerging Markets ex-China Equity ETF,82.61,USD,82.64,USD,82.0471,USD,82.1653,USD,33469
AIPI,REX AI Equity Premium Income ETF,37.4,USD,37.555,USD,37.29,USD,37.4108,USD,295045
OVL,Overlay Shares Large Cap Equity ETF,56.71,USD,56.93,USD,56.31,USD,56.31,USD,259362
CPAI,Counterpoint Quantitative Equity ETF,51.89,USD,52.08,USD,51.69,USD,51.69,USD,72500
REM,iShares Mortgage Real Estate ETF,18.8,USD,18.86,USD,18.21,USD,18.21,USD,3258056
SPTB,State Street SPDR Portfolio Treasury ETF,28.89,USD,28.89,USD,28.79,USD,28.83,USD,318037
JPME,JPMorgan Diversified Return U.S. Mid Cap Equity ETF,120.43,USD,120.43,USD,118.89,USD,118.94,USD,21243
XSW,State Street SPDR S&P Software & Services ETF,193.24,USD,196.14,USD,192.4136,USD,194.54,USD,37516
AVGV,Avantis All Equity Markets Value ETF,85.53,USD,85.53,USD,84.36,USD,84.36,USD,65166
VFMV,Vanguard U.S. Minimum Volatility ETF,142.0036,USD,142.24,USD,141.5449,USD,141.5449,USD,8444
MMIN,NYLIM MacKay Muni Insured ETF,22.27,USD,22.4699,USD,22.2402,USD,22.26,USD,261309
DCRE,DoubleLine Commercial Real Estate Debt ETF,51.09,USD,51.11,USD,51,USD,51.02,USD,146166
ANGU,SEI Ang Research Enhanced U.S. Large Cap ETF,25.39,USD,25.46,USD,25.25,USD,25.2951,USD,12926
IDTSF,ISHARES V PLC IBONDS DEC 2027 TERM USD CORP UCITS ETF,118.019,USD,118.019,USD,117.4414,USD,117.4414,USD,1596
KRANF,KRANESHARES ICAV KRANESHRS CSI CHINA INTRNT UCT ETF USD D,18.5613,USD,18.5613,USD,18.5613,USD,18.5613,USD,577
SOFR,Amplify Samsung SOFR ETF,100.09,USD,100.125,USD,100.09,USD,100.125,USD,1355
IBHH,iShares iBonds 2028 Term High Yield and Income ETF,23.18,USD,23.2295,USD,23.125,USD,23.13,USD,76806
PBOG,Portfolio Building Block Integrated Oil and Gas and Exploration and Production Index ETF,34.69,USD,34.77,USD,34.48,USD,34.5056,USD,31537
HEDG,Equable Shares Hedged Equity ETF,30.63,USD,30.83,USD,30.63,USD,30.7262,USD,96386
GMUB,Goldman Sachs Municipal Income ETF,48.75,USD,48.94,USD,48.66,USD,48.8,USD,750958
MFDX,PIMCO RAFI Dynamic Multi-Factor International Equity ETF,41.645,USD,41.82,USD,41.4,USD,41.4008,USD,8593
WIP,State Street SPDR FTSE International Government Inflation-Protected Bond ETF,38.28,USD,38.34,USD,38.15,USD,38.15,USD,40767
PBEU,Portfolio Building Block European Banks Index ETF,34.55,USD,34.66,USD,34.1978,USD,34.1978,USD,36246
JPRE,JPMorgan Realty Income ETF,49.7164,USD,49.7164,USD,49.39,USD,49.41,USD,75672
JAAHF,SICAV USD AAA CLO ACTIVE CORE UCITS ETF,10.7491,USD,10.7491,USD,10.7491,USD,10.7491,USD,2498
DEHP,Dimensional Emerging Markets High Profitability ETF,41.33,USD,41.33,USD,41,USD,41.14,USD,48595
UNG,United States Natural Gas Fund LP,10.32,USD,10.46,USD,10.2,USD,10.37,USD,23479986
LRND,NYLIM U.S. Large Cap R&D Leaders ETF,47.803,USD,47.803,USD,47.803,USD,47.803,USD,178
GXC,State Street SPDR S&P China ETF,86.83,USD,86.93,USD,86.5813,USD,86.77,USD,12286
RMOP,Rockefeller Opportunistic Municipal Bond ETF,23.42,USD,23.55,USD,23.36,USD,23.418,USD,206923
SPSK,SP Funds Dow Jones Global Sukuk ETF,17.4,USD,17.4,USD,17.35,USD,17.37,USD,235713
CXSE,WisdomTree China ex-State-Owned Enterprises Fund,35.3,USD,35.34,USD,35.125,USD,35.13,USD,11760
BITQ,Bitwise Crypto Industry Innovators ETF,26.53,USD,26.595,USD,25.37,USD,25.37,USD,51158
JPUS,JPMorgan Diversified Return U.S. Equity ETF,137.29,USD,137.29,USD,135.72,USD,135.72,USD,36723
AMDY,Yieldmax AMD Option Income Strategy ETF,51.24,USD,51.52,USD,50.45,USD,51.45,USD,533641
GQRE,Northern Trust Global Quality Real Estate ETF,59.76,USD,59.8,USD,59.455,USD,59.455,USD,5537
EUV,Corgi Lithography & Semiconductor Photonics ETF,25.415,USD,25.47,USD,25,USD,25.27,USD,293654
TUA,Simplify Short Term Treasury Futures Strategy ETF,19.14,USD,19.14,USD,19.01,USD,19.04,USD,142699
IWVUF,ISHARES IV PLC,9.8639,USD,9.8639,USD,9.8639,USD,9.8639,USD,36265
VIDI,Vident International Equity Strategy ETF,39.98,USD,39.98,USD,39.52,USD,39.5971,USD,14766
DFJ,WisdomTree Japan SmallCap Fund,117.06,USD,117.56,USD,115.97,USD,115.97,USD,9146
PIT,VanEck Commodity Strategy ETF,81.1,USD,82.68,USD,81.1,USD,82.03,USD,127601
SECA,Main Active Rotation ETF,25.06,USD,25.08,USD,24.92,USD,24.92,USD,9522
DFNL,Davis Select Financial ETF,48.6,USD,48.6,USD,48.13,USD,48.13,USD,22946
DAPP,VanEck Digital Transformation ETF,19.88,USD,19.9,USD,18.91,USD,18.96,USD,1080775
IBND,State Street SPDR Bloomberg International Corporate Bond ETF,30,USD,30.065,USD,29.84,USD,29.88,USD,354475
KHPI,Kensington Hedged Premium Income ETF,25.81,USD,25.91,USD,25.79,USD,25.81,USD,96780
BCD,abrdn Bloomberg All Commodity Longer Dated Strategy K-1 Free ETF,38.67,USD,38.7799,USD,38.37,USD,38.47,USD,31759
BINT,Bluemonte Global Equity ETF,32.58,USD,32.68,USD,32.4,USD,32.41,USD,55563
INRO,iShares U.S. Industry Rotation Active ETF,37,USD,37.0795,USD,36.77,USD,36.8072,USD,530347
ZAP,Global X U.S. Electrification ETF,30.92,USD,30.95,USD,30.43,USD,30.45,USD,177889
CCNR,ALPS/CoreCommodity Natural Resources ETF,38.818,USD,38.818,USD,38.5305,USD,38.5771,USD,24316
FTMU,Franklin Municipal Income ETF,7.32,USD,7.365,USD,7.32,USD,7.34,USD,1100955
GVUS,Goldman Sachs MarketBeta Russell 1000 Value Equity ETF,63.77,USD,63.77,USD,63.7389,USD,63.7389,USD,332
QNDX,State Street SPDR Portfolio Nasdaq 100 ETF,25.07,USD,25.23,USD,25.04,USD,25.06,USD,498507
XRT,State Street SPDR S&P Retail ETF,82.86,USD,83.07,USD,82.055,USD,82.15,USD,1666753
JPMIF,JPMORGAN ETFS (IRELAND) ICAV JPM BTBLDR US TRSY BD 0-1Y UCT ETF USD A,121.6028,USD,121.6028,USD,121.6028,USD,121.6028,USD,4953
CMBS,iShares CMBS Bond ETF,47.35,USD,47.4103,USD,47.17,USD,47.28,USD,227537
FGDL,Franklin Responsibly Sourced Gold ETF,55.86,USD,55.9,USD,55.19,USD,55.2681,USD,12959
MXI,iShares Global Materials ETF,108.205,USD,108.77,USD,106.99,USD,106.99,USD,9880
RSPS,Invesco S&P 500 Equal Weight Consumer Staples ETF,29.19,USD,29.19,USD,28.695,USD,28.7,USD,78299
THD,iShares MSCI Thailand ETF,70.96,USD,71.02,USD,70.35,USD,70.51,USD,56997
NUMV,Nuveen ESG Mid-Cap Value ETF,42.75,USD,42.75,USD,42.33,USD,42.33,USD,22445
BKMS,BNY Mellon Municipal Short Duration ETF,24.95,USD,25.04,USD,24.95,USD,25.015,USD,136670
POWR,iShares U.S. Power Infrastructure ETF,24.51,USD,24.51,USD,24.18,USD,24.18,USD,179223
FLDB,Fidelity Low Duration Bond ETF,50.17,USD,50.2283,USD,50.0758,USD,50.13,USD,11817
FDG,American Century Focused Dynamic Growth ETF,134.46,USD,135.05,USD,133.853,USD,134.12,USD,7941
IAK,iShares U.S. Insurance ETF,137.58,USD,137.58,USD,135.57,USD,135.57,USD,93216
XUSTF,Xtrackers II,8.1711,USD,8.1711,USD,8.1711,USD,8.1711,USD,5400
FLIA,Franklin International Aggregate Bond ETF,20.02,USD,20.1,USD,20,USD,20.02,USD,344861
DDLS,WisdomTree Dynamic International SmallCap Equity Fund,45.71,USD,45.71,USD,45.275,USD,45.275,USD,11343
QMOM,Alpha Architect U.S. Quantitative Momentum ETF,73.1802,USD,73.44,USD,72.1019,USD,72.1019,USD,52374
PBE,Invesco Biotechnology & Genome ETF,96.94,USD,98,USD,96.7055,USD,97.2888,USD,11658
FSCC,Federated Hermes MDT Small Cap Core ETF,33.98,USD,33.98,USD,33.44,USD,33.46,USD,45131
HCRB,Hartford Core Bond ETF,33.41,USD,33.42,USD,33.295,USD,33.34,USD,78686
CEMB,iShares J.P. Morgan EM Corporate Bond ETF,44.08,USD,44.12,USD,43.98,USD,44,USD,57872
GMF,State Street SPDR S&P Emerging Asia Pacific ETF,156.1,USD,156.66,USD,156.03,USD,156.1603,USD,90482
DUBS,Aptus Large Cap Enhanced Yield ETF,43.01,USD,43.18,USD,42.86,USD,42.86,USD,30547
EIDO,iShares MSCI Indonesia ETF,11.79,USD,11.79,USD,11.71,USD,11.73,USD,558092
SIZE,iShares MSCI USA Size Factor ETF,175.09,USD,175.22,USD,173.82,USD,173.82,USD,10843
JTNY,JPMorgan New York Tax Free Bond ETF,47.07,USD,47.35,USD,47.07,USD,47.1184,USD,40250
GNMA,iShares GNMA Bond ETF,41.89,USD,41.92,USD,41.6043,USD,41.86,USD,40023
BYLD,iShares Yield Optimized Bond ETF,21.6,USD,21.61,USD,21.53,USD,21.54,USD,73875
BNDY,Horizon Core Bond ETF,23.97,USD,23.97,USD,23.854,USD,23.9,USD,24673
EELV,Invesco S&P Emerging Markets Low Volatility ETF,28.06,USD,28.125,USD,27.92,USD,27.96,USD,32388
COPY,"Tweedy, Browne Insider + Value ETF",15.4,USD,15.51,USD,15.285,USD,15.32,USD,94672
USCI,United States Commodity Index Fund ETV,109.85,USD,110.145,USD,109.3,USD,109.415,USD,24764
QVMM,Invesco S&P MidCap 400 QVM Multi-factor ETF,33.65,USD,33.65,USD,33.51,USD,33.51,USD,909
XTCKF,XTRACKERS IE PLC,10.5163,USD,10.5188,USD,10.44,USD,10.44,USD,6385
FUQIF,FIDELITY UCITS ICAV US QUALITY INCOME UCITS ETF USD ACC,16.5383,USD,16.5383,USD,16.5383,USD,16.5383,USD,2420
DWAS,Invesco Dorsey Wright SmallCap Momentum ETF,108.97,USD,108.97,USD,108.4184,USD,108.4184,USD,14635
AIVL,WisdomTree U.S. AI Enhanced Value Fund,128.4,USD,128.4,USD,127.9435,USD,127.9435,USD,601
IBCA,iShares iBonds Dec 2035 Term Corporate ETF,24.16,USD,24.16,USD,24,USD,24.07,USD,227747
BASV,Brown Advisory Sustainable Value ETF,30.24,USD,30.24,USD,29.97,USD,29.9806,USD,8776
XJH,iShares ESG Select Screened S&P Mid-Cap ETF,48.945,USD,49.06,USD,48.78,USD,48.78,USD,12361
IQQQ,ProShares Nasdaq-100 High Income ETF,48.617484,USD,48.617484,USD,48.617484,USD,48.617484,USD,21
QQQH,NEOS Nasdaq-100 Hedged Equity Income ETF,55.54,USD,55.7177,USD,55.29,USD,55.5388,USD,47348
SLVO,"ETRACS Silver Shares Covered Call ETNs due April 21, 2033",64.99,USD,65.0299,USD,63.88,USD,64.67,USD,292527
VTEL,Vanguard Long-Term Tax-Exempt Bond ETF,95.85,USD,96.62,USD,95.85,USD,96.08,USD,224160
CPLB,NYLIM MacKay Core Plus Bond ETF,20.06,USD,20.06,USD,19.9522,USD,20.01,USD,76076
VPNGF,GLOBAL X ETFS ICAV GBL X DATACNTR REITS & DIG INF UCITS ETF,25.3851,USD,25.3851,USD,25.3397,USD,25.3397,USD,956
EFNL,iShares MSCI Finland ETF,53.9,USD,53.92,USD,53.15,USD,53.33,USD,49638
CFO,VictoryShares US 500 Enhanced Volatility Wtd ETF,77.97,USD,78.0108,USD,77.5605,USD,77.5605,USD,5273
BIDD,iShares International Dividend Active ETF,30.58,USD,30.58,USD,30.211,USD,30.22,USD,18490
MFSG,MFS Active Growth ETF,30.7,USD,30.839,USD,30.56,USD,30.58,USD,49364
XTRXF,Xtrackers II Global Government Bond UCITS ETF,12.9997,USD,13.0031,USD,12.8915,USD,12.9561,USD,25883
TDAQ,TappAlpha Innovation 100 Growth & Daily Income ETF,27.32,USD,27.5,USD,27.23,USD,27.24,USD,642735
APLU,Allspring Core Plus ETF,23.4,USD,23.4,USD,23.2,USD,23.3,USD,109476
KSTR,KraneShares China Technology & Semiconductor STAR 50 Index ETF,22.3,USD,22.35,USD,22.17,USD,22.2,USD,731328
OAIM,OneAscent International Equity ETF,48.15,USD,48.17,USD,47.79,USD,47.79,USD,44797
SSGFF,SSGA SPDR ETFS EUROPE II PLC,101.6991,USD,101.6991,USD,101.6991,USD,101.6991,USD,98015
LRGE,ClearBridge Large Cap Growth Select ETF,90.8718,USD,91.025,USD,90.5527,USD,90.5527,USD,2267
IGHG,ProShares Investment Grade-Interest Rate Hedged,77.69,USD,77.88,USD,77.57,USD,77.74,USD,16211
PBP,Invesco S&P 500 BuyWrite ETF,23.37,USD,23.37,USD,23.285,USD,23.29,USD,39747
OSEA,Harbor International Compounders ETF,29.41,USD,29.41,USD,29.24,USD,29.26,USD,51565
SLWS,Wisdom Short Duration Income ETF,99.89,USD,99.975,USD,99.865,USD,99.95,USD,12688
RUNN,Running Oak Efficient Growth ETF,32.62,USD,32.7001,USD,32.45,USD,32.5001,USD,26743
FIDI,Fidelity International High Dividend ETF,27.98,USD,28.03,USD,27.8,USD,27.8,USD,37370
CAML,Congress Large Cap Growth ETF,40.83,USD,40.92,USD,40.5796,USD,40.5938,USD,57665
CONY,YieldMax COIN Option Income Strategy ETF,20.87,USD,21.1428,USD,19.87,USD,20.06,USD,874966
WDCCF,WISDOMTREE ISSUER ICAV WISDOMTREE CLOUD CMPTNG UCITS ETF USD AC,39.7401,USD,39.7401,USD,39.7401,USD,39.7401,USD,252
EEMS,iShares MSCI Emerging Markets Small Cap ETF,75.54,USD,75.55,USD,75.2,USD,75.26,USD,6162
DGRS,WisdomTree U.S. SmallCap Quality Dividend Growth Fund,56.41,USD,56.41,USD,55.93,USD,55.9459,USD,18412
FTSRF,FIRST TRUST GLOBAL FUNDS ICAV,25.0025,USD,25.0426,USD,25.0025,USD,25.0426,USD,8035
PFLD,AAM Low Duration Preferred and Income Securities ETF,19.14,USD,19.16,USD,19.08,USD,19.08,USD,49710
CDL,VictoryShares US Large Cap High Div Volatility Wtd ETF,75.141,USD,75.17,USD,74.6642,USD,74.6642,USD,10634
EVUS,iShares ESG Aware MSCI USA Value ETF,36.48,USD,36.54,USD,36.26,USD,36.26,USD,38531
BBHM,BBH Select Mid Cap ETF,11.44,USD,11.46,USD,11.38,USD,11.38,USD,84440
JPIN,JPMorgan Diversified Return International Equity ETF,74.38,USD,74.38,USD,73.7856,USD,73.805,USD,42884
FFOG,Franklin Focused Growth ETF,52.18,USD,52.3592,USD,51.9,USD,51.91,USD,21449
FEMB,First Trust Emerging Markets Local Currency Bond ETF,28.51,USD,28.56,USD,28.4,USD,28.48,USD,56816
JPEM,JPMorgan Diversified Return Emerging Markets Equity ETF,63.57,USD,63.58,USD,63.3051,USD,63.3051,USD,11061
DIAL,Columbia Diversified Fixed Income Allocation ETF,17.28,USD,17.29,USD,17.2,USD,17.2,USD,128461
CSHP,iShares Dynamic Short-Term Active ETF,99.67,USD,99.67,USD,99.67,USD,99.67,USD,393
VCKVF,VANECK UCITS ETFS PLC VANECK MRNSTR US ESG WIDE MOAT UCT ETF A,67.3668,USD,67.3668,USD,67.3668,USD,67.3668,USD,167
PLTY,YieldMax PLTR Option Income Strategy ETF,36.65,USD,37.095,USD,36.39,USD,36.39,USD,127998
RSPF,Invesco S&P 500 Equal Weight Financial ETF,78.06,USD,78.069,USD,77.405,USD,77.405,USD,21128
IDTEF,ISHARES V PLC IBONDS DEC 2028 TERM USD CORP UCITS ETF,5.0236,USD,5.0236,USD,5.0236,USD,5.0236,USD,20097
ZECP,Zacks Earnings Consistent Portfolio ETF,37.4,USD,37.4285,USD,37.11,USD,37.11,USD,28209
BSCZ,Invesco BulletShares 2035 Corporate Bond ETF,19.28,USD,19.2885,USD,19.2,USD,19.2272,USD,122763
PTH,Invesco Dorsey Wright Healthcare Momentum ETF,61.53,USD,61.9775,USD,60.76,USD,60.76,USD,71894
FLV,American Century Focused Large Cap Value ETF,83,USD,83.04,USD,82.38,USD,82.38,USD,11075
CLOU,Global X Cloud Computing ETF,28.13,USD,28.85,USD,28.11,USD,28.46,USD,194991
JXI,iShares Global Utilities ETF,77.46,USD,77.57,USD,76.89,USD,76.89,USD,85731
KBWD,Invesco KBW High Dividend Yield Financial ETF,11.285,USD,11.31,USD,11.05,USD,11.05,USD,700519
AGEM,abrdn Emerging Markets Dividend Active ETF,48.23,USD,48.28,USD,47.93,USD,48.1042,USD,13905
YMAX,YieldMax Universe Fund of Option Income ETFs,7.61,USD,7.635,USD,7.54,USD,7.55,USD,1036009
PTMC,Pacer Trendpilot US Mid Cap ETF,39.33,USD,39.33,USD,39.11,USD,39.11,USD,47709
JUCY,Aptus Enhanced Yield ETF,21.66,USD,21.695,USD,21.58,USD,21.58,USD,73839
AVSD,Avantis Responsible International Equity ETF,80.175,USD,80.21,USD,79.6533,USD,79.66,USD,22886
BLUC,Bluemonte Large Cap Core ETF,32.15,USD,32.26,USD,31.98,USD,31.98,USD,46774
RSPD,Invesco S&P 500 Equal Weight Consumer Discretionary ETF,52.29,USD,52.33,USD,51.72,USD,51.72,USD,167253
GTOC,Invesco Core Fixed Income ETF,23.87,USD,23.8805,USD,23.87,USD,23.8805,USD,10167
JMSI,JPMorgan Sustainable Municipal Income ETF,47.15,USD,47.47,USD,47.1025,USD,47.2,USD,113000
AAUA,Alpha Architect US Equity 3 ETF,58.7724,USD,58.7724,USD,58.7724,USD,58.7724,USD,16
USSE,Segall Bryant & Hamill Trust Segall Bryant & Hamill Select Equity ETF,41.275,USD,41.3851,USD,41.1,USD,41.1,USD,40680
RGLO,Russell Investments Global Equity ETF,33.35,USD,33.41,USD,33.1999,USD,33.1999,USD,31164
DRIV,Global X Autonomous & Electric Vehicles ETF,33.42,USD,33.444169,USD,33.07,USD,33.1216,USD,26230
CGIB,Capital Group International Bond ETF (USD-Hedged),24.83,USD,24.92,USD,24.83,USD,24.9,USD,235552
PRN,Invesco Dorsey Wright Industrials Momentum ETF,199.64,USD,199.64,USD,197.14,USD,197.8398,USD,27253
GUSE,Goldman Sachs Enhanced U.S. Equity ETF,45.82,USD,46.0906,USD,45.69,USD,45.69,USD,2977
SRMKF,Invesco Markets plc,57.6511,USD,57.6511,USD,57.5294,USD,57.5294,USD,3745
TPSC,Timothy Plan US Small Cap Core ETF,45.15,USD,45.15,USD,44.7,USD,44.7048,USD,30838
RBODF,ISHARES AUTOMATION & ROBOTICS UCITS ETF,14.5974,USD,14.5974,USD,14.5974,USD,14.5974,USD,35593
IQSM,IQ Candriam ESG U.S. Mid Cap Equity ETF,38.61,USD,38.61,USD,38.44,USD,38.444,USD,513
PEJ,Invesco Leisure and Entertainment ETF,62.78,USD,62.83,USD,61.97,USD,61.98,USD,24871
FXN,First Trust Energy AlphaDEX Fund,22.04,USD,22.12,USD,21.82,USD,21.85,USD,650669
BSMR,Invesco BulletShares 2027 Municipal Bond ETF,23.21,USD,23.2976,USD,23.21,USD,23.2628,USD,151954
BENJ,Horizon Landmark ETF,53.2717,USD,53.3,USD,53.26,USD,53.2999,USD,27789
JSML,Janus Henderson Small Cap Growth Alpha ETF,86.48,USD,87.05,USD,85.89,USD,85.9282,USD,23669
GRIN,VictoryShares International Free Cash Flow Growth ETF,32.91,USD,32.91,USD,32.545,USD,32.5456,USD,37658
ILDR,First Trust Innovation Leaders ETF,39.64,USD,39.76,USD,39.3801,USD,39.5,USD,43999
XES,State Street SPDR S&P Oil & Gas Equipment & Services ETF,108.39,USD,108.71,USD,107.368,USD,107.52,USD,92695
WQTM,WisdomTree Quantum Computing Fund,32.27,USD,32.7,USD,32.03,USD,32.06,USD,156095
IVVW,iShares S&P 500 BuyWrite ETF,45.46,USD,45.63,USD,45.4,USD,45.4,USD,78537
TLTE,Northern Trust Morningstar Emerging Markets Factor Tilt ETF,76.4081,USD,76.4081,USD,75.86,USD,76.02,USD,14070
IEZ,iShares U.S. Oil Equipment & Services ETF,26.79,USD,26.885,USD,26.47,USD,26.52,USD,409492
AVDS,Avantis International Small Cap Equity ETF,78.62,USD,78.78,USD,78.108,USD,78.1305,USD,12611
PINK,Simplify Health Care ETF,38.85,USD,39.07,USD,38.6,USD,38.6,USD,44656
FXZ,First Trust Materials AlphaDEX Fund,78.18,USD,78.45,USD,77.28,USD,77.28,USD,149417
PDN,Invesco RAFI Developed Markets ex-U.S. Small-Mid ETF,46.16,USD,46.345,USD,45.82,USD,45.9,USD,8198
ISPAF,ISHARES V PLC IBONDS DEC 2026 TERM USD CORP UCITS ETF,116.2353,USD,116.2353,USD,116.2353,USD,116.2353,USD,11190
TSPY,TappAlpha S&P 500 Growth & Daily Income ETF,25.49,USD,25.57,USD,25.35,USD,25.35,USD,422978
HAWX,iShares Currency Hedged MSCI ACWI ex U.S. ETF,45.6,USD,45.66,USD,45.4,USD,45.4,USD,7305
TPHD,Timothy Plan High Dividend Stock ETF,40.99,USD,41.006,USD,40.56,USD,40.56,USD,10505
DBB,Invesco DB Base Metals Fund,25.37,USD,25.495,USD,25.26,USD,25.3,USD,172605
REVS,Columbia Research Enhanced Value ETF,33.05,USD,33.0799,USD,32.802,USD,32.802,USD,366619
IQSU,NYLIM Candriam U.S. Large Cap Equity ETF,62.76,USD,62.98,USD,62.6241,USD,62.6241,USD,1820
AVUQ,Avantis U.S. Quality ETF,68.23,USD,68.3899,USD,67.7992,USD,67.7992,USD,13731
EWQ,iShares MSCI France Index Fund,43.19,USD,43.19,USD,42.57,USD,42.6,USD,355441
PFFV,Global X Variable Rate Preferred ETF,21.91,USD,21.91,USD,21.71,USD,21.79,USD,80880
CARK,CastleArk Large Growth ETF,48.97,USD,48.97,USD,48.5868,USD,48.5868,USD,318
LQDW,iShares Investment Grade Corporate Bond BuyWrite Strategy ETF,22.76,USD,22.77,USD,22.69,USD,22.73,USD,49868
PATN,Pacer Nasdaq International Patent Leaders ETF,36.09,USD,36.09,USD,35.65,USD,35.67,USD,93550
GREK,Global X MSCI Greece ETF,86.52,USD,86.78,USD,85.66,USD,85.7,USD,46125
IBMS,iShares iBonds Dec 2030 Term Muni Bond ETF,24.95,USD,25.02,USD,24.91,USD,25,USD,192586
XFIV,BondBloxx Bloomberg Five Year Target Duration US Treasury ETF,46.79,USD,46.79,USD,46.62,USD,46.66,USD,66958
ESN,Essential 40 Stock ETF,20.34,USD,20.44,USD,20.27,USD,20.2763,USD,16015
NUMG,Nuveen ESG Mid-Cap Growth ETF,45.63,USD,45.63,USD,45.24,USD,45.24,USD,14830
KOID,KraneShares Global Humanoid Robotics and Physical AI Index ETF,35.97,USD,36,USD,35.73,USD,35.73,USD,82013
PICB,Invesco International Corporate Bond ETF,22.31,USD,22.33,USD,22.22,USD,22.2348,USD,10126
FCOR,Fidelity Corporate Bond ETF,44.69,USD,44.75,USD,44.5642,USD,44.64,USD,72862
AQLT,iShares MSCI Global Quality Factor ETF,32.135,USD,32.18,USD,31.92,USD,31.92,USD,6634
SGDJ,Sprott Junior Gold Miners ETF,89.6,USD,90.21,USD,88.43,USD,88.43,USD,27525
BLCV,iShares Large Cap Value Active ETF,41.69,USD,41.74,USD,41.36,USD,41.36,USD,8891
TURF,T. Rowe Price Natural Resources ETF,33.93,USD,33.93,USD,33.4229,USD,33.4229,USD,1039
CGUI,Capital Group Ultra Short Income ETF,25.18,USD,25.205,USD,25.16,USD,25.19,USD,316470
PBW,Invesco WilderHill Clean Energy ETF,29.28,USD,29.61,USD,29.07,USD,29.07,USD,463265
TMFG,Motley Fool Global Opportunities ETF,30.04,USD,30.2,USD,29.97,USD,29.97,USD,4439
UIVM,VictoryShares International Value Momentum ETF,74.88,USD,74.88,USD,74.31,USD,74.3871,USD,5743
XDTE,Roundhill S&P 500 0DTE Covered Call Strategy ETF,38.29,USD,38.44,USD,38.185,USD,38.185,USD,91865
ISVL,iShares International Developed Small Cap Value Factor ETF,54.23,USD,54.3,USD,53.7942,USD,53.7942,USD,11270
MORT,VanEck Mortgage REIT Income ETF,8.68,USD,8.68,USD,8.41,USD,8.41,USD,3164023
IRSTF,INVESCO MARKETS PLC RUSSELL 2000 UCITS ETF A US USD ACC,144.5377,USD,144.5377,USD,144.4923,USD,144.4923,USD,288
CSPF,Cohen & Steers Preferred and Income Opportunities Active ETF,25.21,USD,25.27,USD,25.17,USD,25.17,USD,88151
OPPJ,WisdomTree Japan Opportunities Fund,59.82,USD,60.08,USD,59.4,USD,59.4116,USD,18753
GCC,WisdomTree EnhancedContinuous Commodity Index Fund,26.86,USD,26.88,USD,26.58,USD,26.64,USD,31919
RFG,Invesco S&P MidCap 400 Pure Growth ETF,59.2,USD,59.27,USD,59.01,USD,59.1355,USD,6570
SHE,State Street SPDR MSCI USA Gender Diversity ETF,157.7892,USD,157.844,USD,157.4666,USD,157.4666,USD,1921
HAP,VanEck Natural Resources ETF,73.9,USD,73.94,USD,73.1,USD,73.1,USD,7459
HYFI,AB High Yield ETF,36.19,USD,36.22,USD,36.05,USD,36.1,USD,82695
FTSD,Franklin Short Duration U.S. Government ETF,89.05,USD,89.05,USD,88.83,USD,88.97,USD,30987
ACLC,American Century Large Cap Equity ETF,85.95,USD,86.015,USD,85.4869,USD,85.4869,USD,6468
CDX,Simplify High Yield ETF,20.27,USD,20.31,USD,20.1548,USD,20.17,USD,111877
UAE,iShares MSCI UAE ETF,20.01,USD,20.14,USD,19.95,USD,20.07,USD,940925
DBAW,Xtrackers MSCI All World ex US Hedged Equity ETF,48.04,USD,48.09,USD,47.66,USD,47.66,USD,24148
VALQ,American Century U.S. Quality Value ETF,69.9601,USD,70.1697,USD,69.639,USD,69.639,USD,6816
QTOP,iShares Nasdaq Top 30 Stocks ETF,39.19,USD,39.52,USD,39.17,USD,39.23,USD,113003
BSMS,Invesco BulletShares 2028 Municipal Bond ETF,22.73,USD,22.83,USD,22.73,USD,22.801,USD,176331
PABD,iShares Paris-Aligned Climate Optimized MSCI World ex USA ETF,68,USD,68,USD,67.9124,USD,67.9124,USD,1866
OBIL,US Treasury 12 Month Bill ETF,49.81,USD,49.81,USD,49.8001,USD,49.805,USD,47984
MRSK,Toews Agility Shares Managed Risk ETF,39.72,USD,39.72,USD,39.4672,USD,39.4672,USD,12971
IDLV,Invesco S&P International Developed Low Volatility ETF,34.46,USD,34.46,USD,34.18,USD,34.18,USD,9198
RFV,Invesco S&P MidCap 400 Pure Value ETF,142.56,USD,142.65,USD,141.43,USD,141.43,USD,4629
SRVR,Pacer Data & Infrastructure Real Estate ETF,28.63,USD,28.63,USD,28.292,USD,28.33,USD,87919
INCE,Franklin Income Equity Focus ETF,65.945,USD,65.95,USD,65.6718,USD,65.6718,USD,10304
CLOX,Eldridge AAA CLO ETF,25.61,USD,25.63,USD,25.5913,USD,25.61,USD,333068
BWZ,State Street SPDR Bloomberg Short Term International Treasury Bond ETF,26.89,USD,26.89,USD,26.74,USD,26.7869,USD,94776
URNJ,Sprott Junior Uranium Miners ETF,20.71,USD,21.045,USD,20.12,USD,20.18,USD,785930
EVSB,Eaton Vance Ultra-Short Income ETF,50.649,USD,50.65,USD,50.58,USD,50.5983,USD,50422
VGHY,Vanguard High-Yield Active ETF,72.41,USD,72.56,USD,72.245,USD,72.245,USD,58966
BSJU,Invesco BulletShares 2030 High Yield Corporate Bond ETF,25.03,USD,25.03,USD,24.78,USD,24.87,USD,137155
BCPL,BNY Mellon Core Plus ETF,23.77,USD,23.8,USD,23.72,USD,23.78,USD,64825
ISMD,Inspire Small/Mid Cap ETF,46.68,USD,46.68,USD,46.35,USD,46.35,USD,39886
HEQT,Simplify Hedged Equity ETF,34.41,USD,34.46,USD,34.24,USD,34.32,USD,95283
IWLG,IQ Winslow Large Cap Growth ETF,58.04,USD,58.04,USD,57.46,USD,57.47,USD,47754
DIVN,Horizon Dividend Income ETF,29.545,USD,29.5783,USD,29.34,USD,29.34,USD,22237
SMB,VanEck Short Muni ETF,16.89,USD,16.935,USD,16.87,USD,16.92,USD,180335
IBTP,iShares iBonds Dec 2034 Term Treasury ETF,23.955371,USD,23.955371,USD,23.955371,USD,23.955371,USD,1044
ECON,Columbia Research Enhanced Emerging Economies ETF,35.49,USD,35.61,USD,35.27,USD,35.3846,USD,22832
LCTD,iShares World ex U.S. Carbon Transition Readiness Aware Active ETF,58.41,USD,58.4396,USD,57.87,USD,57.96,USD,7242
GDXY,YieldMax Gold Miners Option Income Strategy ETF,10.2,USD,10.28,USD,10.08,USD,10.09,USD,590415
NNRGF,NINEPOINT ENERGY FD.,61,USD,61,USD,61,USD,61,USD,200
ISVPF,IShares VII PLC,14.8725,USD,14.8725,USD,14.8725,USD,14.8725,USD,676
EDOW,First Trust Dow 30 Equal Weight ETF,44.8,USD,44.8348,USD,44.28,USD,44.28,USD,12508
VMSB,Voya Multi-Sector Income ETF,47.3474,USD,47.3474,USD,47.3474,USD,47.3474,USD,18
ISVXF,ISHARES IV PLC,6.6081,USD,6.6081,USD,6.6081,USD,6.6081,USD,33450
FDTX,Fidelity Disruptive Technology ETF,59,USD,59.31,USD,58.915,USD,58.93,USD,52614
CAFX,Congress Intermediate Bond ETF,23.93,USD,23.94,USD,23.88,USD,23.8957,USD,35381
ADME,Aptus Drawdown Managed Equity ETF,56.46,USD,56.68,USD,56.26,USD,56.26,USD,9468
GARY,Mango Growth ETF,28.14,USD,28.18,USD,28.01,USD,28.0147,USD,26457
BUSA,Brandes U.S. Value ETF,39.69,USD,39.69,USD,39.27,USD,39.27,USD,23315
GOVZ,iShares 25 Year Treasury STRIPS Bond ETF,31.11,USD,31.11,USD,30.66,USD,30.87,USD,856621
PSQO,Palmer Square Credit Opportunities ETF,20.55,USD,20.57,USD,20.5,USD,20.56,USD,401485
USOI,"ETRACS Crude Oil Shares Covered Call ETNs due April 24, 2037",44.34,USD,44.66,USD,44.29,USD,44.47,USD,106554
SMOT,VanEck Morningstar SMID Moat ETF,37.97,USD,37.97,USD,37.4748,USD,37.4748,USD,18296
HYZD,WisdomTree Interest Rate Hedged High Yield Bond Fund,22.34,USD,22.38,USD,22.28,USD,22.37,USD,151351
SDSI,American Century Short Duration Strategic Income ETF,50.6,USD,50.6,USD,50.505,USD,50.54,USD,161770
EMHC,State Street SPDR Bloomberg Emerging Markets USD Bond ETF,24,USD,24,USD,23.8322,USD,23.87,USD,51029
BLGR,Bluemonte Large Cap Growth ETF,33.025,USD,33.15,USD,32.88,USD,32.88,USD,43906
EQIN,Columbia U.S. Equity Income ETF,51.65,USD,51.65,USD,51.2039,USD,51.2039,USD,13795
TPLC,Timothy Plan US Large/Mid Cap Core ETF,48.82,USD,48.82,USD,48.32,USD,48.38,USD,10932
TCAL,T. Rowe Price Capital Appreciation Premium Income ETF,22.01,USD,22.01,USD,21.84,USD,21.84,USD,135233
DRLL,Strive U.S. Energy ETF,40.36,USD,40.48,USD,40.04,USD,40.04,USD,19924
FLCH,Franklin FTSE China ETF,20.81,USD,20.81,USD,20.6501,USD,20.68,USD,54060
HYBB,iShares BB Rated Corporate Bond ETF,45.21,USD,45.23,USD,45.055,USD,45.06,USD,13367
SMHX,VanEck Fabless Semiconductor ETF,60.76,USD,60.85,USD,60.0539,USD,60.61,USD,36091
IYRI,NEOS Real Estate High Income ETF,45.97,USD,45.97,USD,45.18,USD,45.21,USD,72955
AFIF,Anfield Universal Fixed Income ETF,9.34,USD,9.34,USD,9.22,USD,9.22,USD,61376
HEEM,iShares Currency Hedged MSCI Emerging Markets ETF,42.32,USD,42.32,USD,42.03,USD,42.24,USD,16262
MFUS,PIMCO RAFI Dynamic Multi-Factor U.S. Equity ETF,65.21,USD,65.21,USD,64.8,USD,64.81,USD,15559
IDNA,iShares Genomics Immunology and Healthcare ETF,42.35,USD,42.97,USD,42.24,USD,42.32,USD,577623
USNZ,Xtrackers Net Zero Pathway Paris Aligned US Equity ETF,48.7926,USD,48.7926,USD,48.7926,USD,48.7926,USD,17
XTN,State Street SPDR S&P Transportation ETF,99.38,USD,99.38,USD,97.92,USD,97.92,USD,55331
EVIM,Eaton Vance Intermediate Municipal Income ETF,49.97,USD,50.52,USD,49.97,USD,50.22,USD,563418
YTSLF,PURPOSE INVESTMENTS INC. TESLA TSLA YIELD SHS PURPOSE ETF ETF UNT,12,USD,12,USD,12,USD,12,USD,313
JHCP,John Hancock Core Plus Bond ETF,23.88,USD,23.88,USD,23.805,USD,23.83,USD,144942
BKCH,Global X Blockchain ETF,72.96,USD,72.96,USD,69.78,USD,69.84,USD,63020
KBWY,Invesco KBW Premium Yield Equity REIT ETF,16.76,USD,16.78,USD,16.605,USD,16.64,USD,248417
AFOS,ARS Focused Opportunity Strategy ETF,45.06,USD,45.21,USD,44.854,USD,44.854,USD,7246
VGMS,Vanguard Multi-Sector Income Bond ETF,49.61,USD,49.6359,USD,49.515,USD,49.52,USD,94378
JSTC,Adasina Social Justice All Cap Global ETF,22.59,USD,22.59,USD,22.44,USD,22.4477,USD,14227
RXI,iShares Global Consumer Discretionary ETF,186.15,USD,186.425,USD,184.78,USD,184.87,USD,55434
DIVZ,Polen Dividend Income ETF,36.7166,USD,36.79,USD,36.51,USD,36.51,USD,20662
BRSV,EA Bridgeway Select Small-Cap Value ETF,43.17,USD,43.17,USD,42.61,USD,42.61,USD,7149
NANC,Subversive Congressional Democrats Trading ETF,52.7,USD,52.89,USD,52.4994,USD,52.4994,USD,8412
GQI,Natixis Gateway Quality Income ETF,60.91,USD,60.91,USD,60.43,USD,60.434,USD,47169
USDX,SGI Enhanced Core ETF,25.64,USD,25.64,USD,25.56,USD,25.62,USD,51838
DEXC,Dimensional Emerging Markets ex China Core Equity ETF,80.08,USD,80.08,USD,79.54,USD,79.6897,USD,23088
BVAL,Bluemonte Large Cap Value ETF,31.3,USD,31.345,USD,31.12,USD,31.12,USD,51155
PBDC,Putnam BDC Income ETF,27.32,USD,27.33,USD,26.92,USD,26.92,USD,30655
FYEE,Fidelity Yield Enhanced Equity ETF,29.87,USD,29.89,USD,29.69,USD,29.69,USD,110278
UMMA,Wahed Dow Jones Islamic World ETF,37.17,USD,37.17,USD,36.74,USD,36.8074,USD,40003
YMAG,YieldMax Magnificent 7 Fund of Option Income ETFs,11.26,USD,11.365,USD,11.23,USD,11.28,USD,986166
SEIX,Virtus Seix Senior Loan ETF,23.19,USD,23.21,USD,23.17,USD,23.18,USD,49155
HYTR,Counterpoint High Yield Trend ETF,20.77,USD,20.78,USD,20.765,USD,20.77,USD,134667
TRFM,AAM Transformers ETF,59.49,USD,59.49,USD,59.1,USD,59.1,USD,40805
CPAG,F/m Compoundr U.S. Aggregate Bond ETF,98.93,USD,98.931,USD,98.6,USD,98.7361,USD,72519
ELCV,Strategy Shares Eventide High Dividend ETF,30.56,USD,30.56,USD,30.31,USD,30.31,USD,39371
GTIP,Goldman Sachs Access Inflation Protected USD Bond ETF,46.38,USD,46.43,USD,46.27,USD,46.3065,USD,46678
IFLN,Invesco Bloomberg Enhanced Fallen Angels ETF,17.53,USD,17.55,USD,17.44,USD,17.44,USD,39659
WEAT,Teucrium Wheat Fund ETV,25.29,USD,25.29,USD,24.54,USD,24.57,USD,359094
OPPE,WisdomTree European Opportunities Fund,58.07,USD,58.26,USD,57.57,USD,57.57,USD,42840
FLRG,Fidelity U.S. Multifactor ETF,41.5,USD,41.64,USD,41.27,USD,41.27,USD,7667
SMIZ,Zacks Small/Mid Cap ETF,41.09,USD,41.28,USD,40.93,USD,40.93,USD,40611
ROE,Astoria US Equal Weight Quality Kings ETF,42.87,USD,42.87,USD,42.5753,USD,42.5753,USD,17859
SIO,Touchstone Strategic Income Opportunities ETF,24.6,USD,24.62,USD,24.545,USD,24.59,USD,40943
IUSZF,ISHARES IV PLC,13.2,USD,13.2,USD,13.2,USD,13.2,USD,1154
LRGG,Nomura Focused Large Growth ETF,29.88,USD,30.1736,USD,29.88,USD,29.9,USD,7729
EWM,iShares MSCI Malaysia Index Fund,27.36,USD,27.43,USD,27.33,USD,27.38,USD,165257
DEUS,Xtrackers Russell US Multifactor ETF,63.86,USD,63.88,USD,63.49,USD,63.49,USD,4200
MDST,Westwood Salient Enhanced Midstream Income ETF,27.62,USD,27.72,USD,27.39,USD,27.44,USD,32738
EMBX,VanEck Emerging Markets Bond ETF,49.61,USD,49.61,USD,49.37,USD,49.3952,USD,23751
HOLA,JPMorgan International Hedged Equity Laddered Overlay ETF,55.68,USD,55.68,USD,55.2699,USD,55.2699,USD,11156
XSHQ,Invesco S&P SmallCap Quality ETF,45.37,USD,45.37,USD,44.92,USD,44.92,USD,10362
IFLO,VictoryShares International Free Cash Flow ETF,35.48,USD,35.5,USD,35.15,USD,35.1945,USD,27965
BSMT,Invesco BulletShares 2029 Municipal Bond ETF,22.18,USD,22.29,USD,22.17,USD,22.2633,USD,134571
SPXT,ProShares S&P 500 Ex-Technology ETF,108.37,USD,108.37,USD,107.07,USD,107.07,USD,36025
NSCI,Nuveen Securitized Income ETF,24.94,USD,24.96,USD,24.94,USD,24.945,USD,91361
TOV,JLens 500 Jewish Advocacy U.S. ETF,32.42,USD,32.4399,USD,32.2251,USD,32.2251,USD,2225
FCPI,Fidelity Stocks for Inflation ETF,56.18,USD,56.4,USD,56,USD,56,USD,12469
FTMA,Franklin Massachusetts Municipal Income ETF,8.5,USD,8.56,USD,8.5,USD,8.52,USD,276069
TAXX,BondBloxx IR+M Tax-Aware Short Duration ETF,49.85,USD,49.89,USD,49.79,USD,49.85,USD,32615
HYHG,ProShares High Yield Interest Rate Hedged,64.26,USD,64.5061,USD,64.03,USD,64.19,USD,20721
COPP,Sprott Copper Miners ETF,42.7,USD,42.95,USD,41.66,USD,41.7282,USD,70977
WGMI,CoinShares Bitcoin Mining and Digital Power ETF,47.07,USD,47.149,USD,44.89,USD,44.93,USD,570662
WAGN,Pabrai Wagons ETF,14.98,USD,15.0399,USD,14.88,USD,14.88,USD,63009
TMVE,Thrivent Mid Cap Value ETF,16.985,USD,16.985,USD,16.9179,USD,16.9179,USD,1779
PKB,Invesco Building & Construction ETF,91.98,USD,92.34,USD,90.76,USD,90.76,USD,27409
FPXI,First Trust International Equity Opportunities ETF,68.2,USD,68.28,USD,67.17,USD,67.44,USD,238745
WDIV,State Street SPDR S&P Global Dividend ETF,81.87,USD,81.87,USD,81.338,USD,81.338,USD,2391
RZV,Invesco S&P SmallCap 600 Pure Value ETF,139.33,USD,139.38,USD,138.7723,USD,138.7723,USD,5236
FRWD,Nomura Transformational Technologies ETF,32.78,USD,32.99,USD,32.78,USD,32.8474,USD,28175
WCLD,WisdomTree Cloud Computing Fund,40.07,USD,41.11,USD,39.945,USD,40.61,USD,460973
FMTM,MarketDesk Focused U.S. Momentum ETF,39.03,USD,39.48,USD,38.95,USD,39.008,USD,246003
KBWP,Invesco KBW Property & Casualty Insurance ETF,124.17,USD,124.17,USD,122.6,USD,122.679,USD,6562
FDEV,Fidelity International Multifactor ETF,36.475,USD,36.475,USD,36.08,USD,36.1,USD,146344
TBG,TBG Dividend Focus ETF,36.55,USD,36.55,USD,36.1,USD,36.1,USD,54044
XTWO,BondBloxx Bloomberg Two Year Target Duration US Treasury ETF,48.37,USD,48.37,USD,48.31,USD,48.34,USD,47587
CVSB,Calvert Ultra-Short Investment Grade ETF,50.46,USD,50.46,USD,50.4219,USD,50.44,USD,10182
JMHI,JPMorgan High Yield Municipal ETF,46.78,USD,47.349,USD,46.78,USD,46.94,USD,326516
METV,Roundhill Ball Metaverse ETF,20.98,USD,21.16,USD,20.91,USD,20.91,USD,27527
XOEX,Xtrackers S&P 100 Ex Top 20 ETF,39.6952,USD,39.6952,USD,39.6952,USD,39.6952,USD,77
BSMU,Invesco BulletShares 2030 Municipal Bond ETF,20.81,USD,20.96,USD,20.81,USD,20.8941,USD,175904
QLTI,GMO International Quality ETF,26.84,USD,26.845,USD,26.6184,USD,26.6184,USD,12663
GSC,Goldman Sachs Small Cap Equity ETF,62.41,USD,62.41,USD,61.895,USD,61.8961,USD,19586
WELD,Tema U.S. Manufacturing & Reshoring ETF,53.74,USD,53.83,USD,53.2476,USD,53.2476,USD,19420
ISCB,iShares Morningstar Small-Cap ETF,71.74,USD,71.74,USD,71.1892,USD,71.1892,USD,5860
ACVU,Hartford Alpha Capture Value ETF,30.99,USD,31.27,USD,30.99,USD,31.0617,USD,13145
GCSH,Guggenheim Ultra Short Income ETF,49.97,USD,49.97,USD,49.9401,USD,49.9401,USD,36881
ONEV,State Street SPDR Russell 1000 Low Volatility Focus ETF,139.75,USD,139.79,USD,138.922,USD,138.922,USD,1859
DINT,Davis Select International ETF,27.98,USD,28.195,USD,27.9481,USD,27.97,USD,21658
SMMV,iShares MSCI USA Small-Cap Min Vol Factor ETF,44.82,USD,44.82,USD,44.4851,USD,44.4851,USD,7131
IRSIF,ISHARES IV PLC,7.341,USD,7.341,USD,7.3338,USD,7.3338,USD,27567
VEXC,Vanguard Emerging Markets Ex-China ETF,95.57,USD,95.57,USD,95.21,USD,95.21,USD,25023
UTEN,US Treasury 10 Year Note ETF,40.64,USD,40.64,USD,40.42,USD,40.4802,USD,189849
PSCI,Invesco S&P SmallCap Industrials ETF,161.32,USD,161.32,USD,159.49,USD,159.5025,USD,6179
VFUCF,Vanguard Funds PLC,48.5154,USD,48.5154,USD,48.5154,USD,48.5154,USD,634
TDV,ProShares S&P Technology Dividend Aristocrats ETF,99.46,USD,99.67,USD,99.3,USD,99.38,USD,12848
OACP,OneAscent Core Plus Bond ETF,21.69,USD,21.69,USD,21.605,USD,21.6342,USD,20368
USMF,WisdomTree U.S. Multifactor Fund,52.42,USD,52.53,USD,52.09,USD,52.09,USD,16257
OPTZ,Optimize Strategy Index ETF,45.26,USD,45.26,USD,45.1169,USD,45.1169,USD,53059
TPIF,Timothy Plan International ETF,37.48,USD,37.48,USD,36.87,USD,37.115,USD,27707
OALC,OneAscent Large Cap Core ETF,41.39,USD,41.4,USD,41.071,USD,41.13,USD,17792
OMFS,Invesco Russell 2000 Dynamic Multifactor ETF,49.72,USD,49.72,USD,49.3373,USD,49.3373,USD,20902
IMTB,iShares Core 5-10 Year USD Bond ETF,41.4125,USD,41.45,USD,41.28,USD,41.34,USD,71174
IQSI,NYLIM Candriam International Equity ETF,37.9682,USD,37.9682,USD,37.9682,USD,37.9682,USD,125
FJP,First Trust Japan AlphaDEX Fund,78.71,USD,78.925,USD,77.74,USD,78.1578,USD,25838
SCUS,Schwab Ultra-Short Income ETF,25.09,USD,25.11,USD,25.0807,USD,25.11,USD,134579
SHYL,Xtrackers Short Duration High Yield Bond ETF,43.13,USD,43.13,USD,42.95,USD,42.95,USD,38705
ABND,American Century Core Plus Income ETF,41.7115,USD,41.7115,USD,41.5901,USD,41.63,USD,36488
PIO,Invesco Global Water ETF,43.45,USD,43.48,USD,43.23,USD,43.2347,USD,6231
BSMQ,Invesco BulletShares 2026 Municipal Bond ETF,23.39,USD,23.44,USD,23.36,USD,23.4233,USD,223492
BCTK,Baron Technology ETF,30.99,USD,31.08,USD,30.94,USD,30.95,USD,28860
TMB,Thornburg Multi Sector Bond ETF,24.61,USD,24.63,USD,24.551,USD,24.5734,USD,51976
IDRV,iShares Self-Driving EV and Tech ETF,33.05,USD,33.21,USD,32.866,USD,32.866,USD,26808
SPTE,SP Funds S&P Global Technology ETF,50.09,USD,50.3799,USD,50,USD,50.01,USD,56981
FTMN,Franklin Minnesota Municipal Income ETF,8.2,USD,8.21,USD,8.16,USD,8.19,USD,259517
TUSB,Thrivent Ultra Short Bond ETF,50.39,USD,50.39,USD,50.08,USD,50.352,USD,43684
TMAT,Main Thematic Innovation ETF,29.88,USD,29.9099,USD,29.76,USD,29.8123,USD,27632
FDM,First Trust DJ Select MicroCap ETF,88.39,USD,88.39,USD,87.4,USD,87.5541,USD,7628
WOOD,iShares Global Timber & Forestry ETF,67.79,USD,68.05,USD,67.08,USD,67.2213,USD,14435
FUMB,First Trust Ultra Short Duration Municipal ETF,19.89,USD,19.93,USD,19.88,USD,19.9,USD,377016
BEDY,BNY Mellon Enhanced Dividend and Income ETF,28.86,USD,28.86,USD,28.56,USD,28.5944,USD,98668
IBTQ,iShares iBonds Dec 2035 Term Treasury ETF,23.54567,USD,23.54567,USD,23.54567,USD,23.54567,USD,1061
FDIG,Fidelity Crypto Industry and Digital Payments ETF,43.59,USD,43.59,USD,42.04,USD,42.1453,USD,29593
HSCZ,iShares Currency Hedged MSCI EAFE Small-Cap ETF,43.61,USD,43.61,USD,43.4,USD,43.44,USD,11128
ULVM,VictoryShares US Value Momentum ETF,103.59,USD,103.59,USD,102.4721,USD,102.4721,USD,1532
DBO,Invesco DB Oil Fund,23.98,USD,24.11,USD,23.71,USD,23.75,USD,331575
HBTA,Horizon Expedition Plus ETF,33.02,USD,33.14,USD,32.8819,USD,32.8819,USD,19057
LDRX,SGI Enhanced Market Leaders ETF,37,USD,37.18,USD,36.9043,USD,36.9043,USD,2790
AESR,Anfield U.S. Equity Sector Rotation ETF,20.02,USD,20.02,USD,19.88,USD,19.88,USD,81832
IBIE,iShares iBonds Oct 2028 Term TIPS ETF,25.68,USD,25.68,USD,25.62,USD,25.66,USD,64182
SPUC,Simplify US Equity Income ETF,48.7571,USD,48.97,USD,48.5,USD,48.5,USD,12130
PIE,Invesco Dorsey Wright Emerging Markets Momentum ETF,34.28,USD,34.28,USD,33.995,USD,34.0696,USD,26267
TRUT,VanEck Technology TruSector ETF,33.75,USD,33.75,USD,33.5157,USD,33.5157,USD,65966
SELV,SEI Enhanced Low Volatility U.S. Large Cap ETF,33.92,USD,34.01,USD,33.72,USD,33.72,USD,9455
SNTH,MRP SynthEquity ETF,29.74,USD,29.74,USD,29.49,USD,29.5,USD,40336
FTXO,First Trust Nasdaq Bank ETF,38.95,USD,39.13,USD,38.64,USD,38.7,USD,99135
EUHY,iShares Euro High Yield Corporate Bond USD Hedged ETF,52.3028,USD,52.315,USD,52.22,USD,52.235,USD,21942
FAHYF,ISHARES IV PLC,5.2537,USD,5.2577,USD,5.2526,USD,5.2526,USD,27928
IGBH,iShares Interest Rate Hedged Long-Term Corporate Bond ETF,24.6,USD,24.63,USD,24.58,USD,24.59,USD,234657
VTP,Vanguard Total Inflation-Protected Securities ETF,73.4257,USD,73.4257,USD,73.0501,USD,73.18,USD,43735
SHOC,Strive U.S. Semiconductor ETF,112.48,USD,112.48,USD,111.68,USD,111.95,USD,6865
ISDMF,iShares II plc.,6.1511,USD,6.1511,USD,6.1381,USD,6.1421,USD,13283
PSDM,PGIM Short Duration Multi-Sector Bond ETF,50.07,USD,50.0799,USD,49.97,USD,50,USD,28855
EMNT,PIMCO Enhanced Short Maturity Active ESG Exchange-Traded Fund,98.69,USD,98.69,USD,98.57,USD,98.5943,USD,15239
FXD,First Trust Cons. Discret. AlphaDEX,64.94,USD,64.94,USD,64.1333,USD,64.1333,USD,5162
FDLS,Inspire Fidelis Multi Factor ETF,41.58,USD,41.58,USD,41.18,USD,41.18,USD,21950
RWX,State Street SPDR Dow Jones International Real Estate ETF,25.7,USD,25.7,USD,25.3427,USD,25.37,USD,21347
ESPO,VanEck Video Gaming and eSports ETF,96.27,USD,97.13,USD,96.27,USD,96.5103,USD,11205
DSCO,DoubleLine Securitized Credit ETF,24.4263,USD,24.4637,USD,24.37,USD,24.39,USD,18648
INTL,Main International ETF,30.65,USD,30.65,USD,30.48,USD,30.493,USD,16146
SMLV,State Street SPDR US Small Cap Low Volatility Index ETF,151.27,USD,151.27,USD,150.0321,USD,150.0321,USD,3683
APMU,ActivePassive Intermediate Municipal Bond ETF,23.9799,USD,23.98,USD,23.91,USD,23.9597,USD,15993
SGVA,F/m Accumulator Ultrashort Treasury Fund,101.0011,USD,101.04,USD,101.0011,USD,101.035,USD,12771
GTEK,Goldman Sachs Future Tech Leaders Equity ETF,59,USD,59,USD,58.63,USD,58.6903,USD,7852
FMAG,Fidelity Magellan ETF,36.43,USD,36.43,USD,36.152,USD,36.152,USD,9701
SCEP,Sterling Capital Hedged Equity Premium Income ETF,24.895,USD,24.895,USD,24.78,USD,24.78,USD,5405
FMUB,Fidelity Municipal Bond Opportunities ETF,48.07,USD,48.35,USD,48.07,USD,48.2332,USD,101167
QHY,WisdomTree U.S. High Yield Corporate Bond Fund,44.35,USD,44.39,USD,44.23,USD,44.23,USD,26294
TAXE,Intermediate Municipal Income ETF,48.22,USD,48.6,USD,48.22,USD,48.4161,USD,409930
EWK,iShares MSCI Belgium ETF,26.1,USD,26.15,USD,25.82,USD,25.82,USD,54622
UEVM,VictoryShares Emerging Markets Value Momentum ETF,58.38,USD,58.38,USD,58.27,USD,58.2959,USD,2366
BKFI,BNY Mellon Active Core Bond ETF,22.82,USD,22.8243,USD,22.82,USD,22.8243,USD,2088
TCAI,Tortoise AI Infrastructure ETF,47.35,USD,47.35,USD,46.689,USD,46.92,USD,35224
MBSF,Regan Floating Rate MBS ETF,25.39,USD,25.42,USD,25.32,USD,25.41,USD,78125
SPWO,SP Funds S&P World (ex-US) ETF,33.73,USD,33.84,USD,33.47,USD,33.5,USD,91174
PBTP,Invesco 0-5 Yr US TIPS ETF,25.465,USD,25.47,USD,25.435,USD,25.45,USD,15742
EMBD,Global X Emerging Markets Bond ETF,22.785,USD,22.785,USD,22.57,USD,22.57,USD,28398
SCJ,iShares MSCI Japan Sm Cap,110.42,USD,110.87,USD,109.5,USD,109.5,USD,31239
WCPB,Weitz Core Plus Bond ETF,24.2396,USD,24.26,USD,24.17,USD,24.215,USD,35398
PY,Principal Value ETF,56.29,USD,56.35,USD,55.82,USD,55.82,USD,16949
GVLU,Gotham 1000 Value ETF,27.06,USD,27.06,USD,26.88,USD,26.89,USD,7157
FIXT,TCW Core Plus Bond ETF,35.98,USD,35.98,USD,35.87,USD,35.9099,USD,8441
STCE,Schwab Crypto Thematic Natural Language Processing ETF,68.76,USD,69,USD,65.9,USD,66.02,USD,209110
PCMM,BondBloxx Private Credit CLO ETF,50.09,USD,50.09,USD,49.84,USD,50.03,USD,114678
CSB,VictoryShares US Small Cap High Div Volatility Wtd ETF,62.2,USD,62.2,USD,61.49,USD,61.5098,USD,4322
FCTE,SMI 3Fourteen Full-Cycle Trend ETF,29.05,USD,29.0801,USD,28.9,USD,28.904,USD,15892
TOK,iShares MSCI Kokusai ETF,153.22,USD,153.57,USD,152.6264,USD,152.6264,USD,433
JOET,Virtus Terranova U.S. Quality Momentum ETF,45.57,USD,45.57,USD,45.03,USD,45.03,USD,9375
LDRT,iShares iBonds 1-5 Year Treasury Ladder ETF,24.5997,USD,24.605,USD,24.57,USD,24.59,USD,48461
OILK,ProShares K-1 Free Crude Oil ETF,58.2,USD,58.41,USD,57.8671,USD,57.98,USD,88395
NBIE,Neuberger International Core Equity ETF,26.81,USD,26.81,USD,26.49,USD,26.55,USD,44886
XSLV,Invesco S&P SmallCap Low Volatility ETF,49.31,USD,49.35,USD,48.83,USD,48.9434,USD,106456
IVOL,Quadratic Interest Rate Volatility and Inflation Hedge ETF,16.76,USD,16.83,USD,16.7002,USD,16.73,USD,110624
QVMS,Invesco S&P SmallCap 600 QVM Multi-factor ETF,32.285,USD,32.285,USD,32.0564,USD,32.0564,USD,1503
IMDVF,ISHARES V PLC,5.4714,USD,5.4714,USD,5.4714,USD,5.4714,USD,10000
RTH,VanEck Retail ETF,252.23,USD,253.03,USD,250.4359,USD,250.4359,USD,3341
VANVF,VANECK UCITS ETFS PLC JP MORGAN EM LOC CCY BD UCT ETF A USD AC,68.9055,USD,68.9055,USD,68.9055,USD,68.9055,USD,10812
LYTE,Roundhill Photonics & Optics ETF,24.57,USD,24.72,USD,23.98,USD,24.36,USD,760561
PRFD,PIMCO Preferred and Capital Securities Active Exchange-Traded Fund,49.08,USD,49.1,USD,48.93,USD,48.98,USD,8479
GDIV,Harbor Dividend Growth Leaders ETF,18.35,USD,18.37,USD,18.22,USD,18.23,USD,26317
FSTB,Fidelity Short-Term Bond ETF,19.73843,USD,19.73843,USD,19.73843,USD,19.73843,USD,5
EMQQ,EMQQ The Emerging Markets Internet ETF,30.87,USD,30.9,USD,30.67,USD,30.8,USD,62727
STOX,Horizon Core Equity ETF,32.23,USD,32.26,USD,31.9842,USD,31.9842,USD,22048
GIGL,Goldman Sachs Corporate Bond ETF,48.0445,USD,48.05,USD,47.87,USD,47.94,USD,59377
SPRX,Spear Alpha ETF,48.78,USD,48.78,USD,47.7301,USD,48.2041,USD,22642
JIII,Janus Henderson Income ETF,48.44,USD,48.46,USD,48.05,USD,48.11,USD,291129
BCHP,Principal Focused Blue Chip ETF,37.45,USD,37.8,USD,37.45,USD,37.4762,USD,29528
XTWY,BondBloxx Bloomberg Twenty Year Target Duration US Treasury ETF,33.125,USD,33.125,USD,32.895,USD,33.01,USD,167816
IRESF,IShares Plc.,10.3392,USD,10.3392,USD,10.3392,USD,10.3392,USD,1845
XCCC,BondBloxx CCC-Rated USD High Yield Corporate Bond ETF,34.28,USD,34.31,USD,34.03,USD,34.04,USD,85966
AVSE,Avantis Responsible Emerging Markets Equity ETF,79.47,USD,79.53,USD,78.95,USD,79.11,USD,9760
FFOX,FundX Future Fund Opportunities ETF,28.36,USD,28.37,USD,28.24,USD,28.24,USD,23697
SCNM,Sterling Capital National Municipal Bond ETF,23.54,USD,23.61,USD,23.52,USD,23.5237,USD,4070
BFOR,Barron's 400 ETF,23.09,USD,23.09,USD,22.94,USD,22.94,USD,172567
EWZS,iShares MSCI Brazil Small-Cap ETF,13.14,USD,13.39,USD,13.0301,USD,13.3113,USD,458388
SCMC,Sterling Capital Multi-Strategy Income ETF,24.47,USD,24.47,USD,24.42,USD,24.42,USD,3792
PGHY,Invesco Global ex-US High Yield Corporate Bond ETF,19.13,USD,19.18,USD,19,USD,19.09,USD,17465
YOKE,YOKE Core ETF,31.1,USD,31.11,USD,30.9204,USD,30.9204,USD,21104
HTAB,Hartford Schroders Tax-Aware Bond ETF,17.9,USD,17.98,USD,17.89,USD,17.89,USD,102845
SLNZ,TCW Senior Loan ETF,45.56,USD,45.608,USD,45.42,USD,45.47,USD,1907
GOOY,YieldMax GOOGL Option Income Strategy ETF,12,USD,12.23,USD,11.935,USD,12.02,USD,579832
MRNY,YieldMax MRNA Option Income Strategy ETF,39.07,USD,40.505,USD,38.65,USD,40.21,USD,517133
IDBFF,ISHARES V PLC ISHRS IBNDS DEC 2031 TRM USD CRP UCITS,106.6266,USD,106.7513,USD,106.6266,USD,106.7513,USD,19226
VTG,Vanguard Total Treasury ETF,72.38,USD,72.58,USD,72.165,USD,72.24,USD,164485
ENOR,iShares MSCI Norway ETF,35.39,USD,35.53,USD,35.01,USD,35.01,USD,42468
PSQA,Palmer Square CLO Senior Debt ETF,20.57,USD,20.59,USD,20.55,USD,20.57,USD,104800
MLPB,"ETRACS Alerian MLP Infrastructure Index ETN Series B due April 2, 2040",29.33,USD,29.33,USD,29.02,USD,29.1466,USD,842
SSGWF,SSGA SPDR ETFS EUROPE II PLC,83.7392,USD,83.7392,USD,83.7392,USD,83.7392,USD,144
GPZ,VanEck Alternative Asset Manager ETF,21.53,USD,21.5399,USD,21.28,USD,21.35,USD,243895
HYBI,NEOS Enhanced Income Credit Select ETF,48.2,USD,48.21,USD,48.16,USD,48.1747,USD,18245
XYLUF,GLOBAL X ETFS ICAV,15.8079,USD,15.8079,USD,15.8079,USD,15.8079,USD,316
AFMC,First Trust Active Factor Mid Cap ETF,40.05,USD,40.05,USD,39.61,USD,39.61,USD,64559
AIBF,iShares Future AI Beneficiaries ETF,25.039,USD,25.039,USD,24.8291,USD,24.8291,USD,31145
JHPI,John Hancock Preferred Income ETF,21.82,USD,21.86,USD,21.69,USD,21.71,USD,42095
XHS,State Street SPDR S&P Health Care Services ETF,133.3,USD,133.64,USD,131.9007,USD,132.29,USD,63903
DXIV,Dimensional International Vector Equity ETF,72.51,USD,72.64,USD,71.95,USD,72.01,USD,123104
DBP,Invesco DB Precious Metals Fund,96.43,USD,96.44,USD,95.29,USD,95.5358,USD,22319
IVAL,Alpha Architect International Quantitative Value ETF,36.31,USD,36.33,USD,36.02,USD,36.06,USD,21499
IFV,First Trust Dorsey Wright International Focus 5 ETF,25.18,USD,25.18,USD,24.76,USD,24.8082,USD,29705
PGRO,Putnam Focused Large Cap Growth ETF,48.3859,USD,48.42,USD,48.0731,USD,48.0731,USD,7716
FEMS,First Trust Emerging Markets Small Cap AlphaDEX Fund,44.47,USD,44.575,USD,43.96,USD,44.14,USD,14549
QQMG,Invesco ESG NASDAQ 100 ETF,51.81,USD,52.134,USD,51.81,USD,51.8356,USD,16381
LOUP,Innovator Deepwater Frontier Tech ETF,89.1,USD,89.1,USD,88.565,USD,88.81,USD,19025
CAPE,DoubleLine Shiller CAPE U.S. Equities ETF,31.0831,USD,31.16,USD,30.9003,USD,30.9003,USD,124830
DAX,Global X DAX Germany ETF,44.59,USD,44.61,USD,43.98,USD,43.999,USD,13333
PSP,Invesco Global Listed Private Equity ETF,57.15,USD,57.15,USD,56.27,USD,56.29,USD,36184
FNK,First Trust Mid Cap Value AlphaDEX Fund,59.87,USD,59.87,USD,59.0625,USD,59.0625,USD,11281
SGLC,SGI U.S. Large Cap Core ETF,45.72,USD,45.72,USD,45.38,USD,45.38,USD,7183
AINP,Allspring Income Plus ETF,24.06,USD,24.0601,USD,23.99,USD,24.0306,USD,87410
CSD,Invesco S&P Spin-Off ETF,128.59,USD,128.59,USD,126.72,USD,126.72,USD,2692
IGLIF,ISHARES II PLC GLOBAL INFRASTRUCTURE UCITS ETF USD ACC,6.5985,USD,6.5985,USD,6.5985,USD,6.5985,USD,2989
SRET,Global X SuperDividend REIT ETF,20.33,USD,20.33,USD,20.025,USD,20.03,USD,32681
FBOT,Fidelity Disruptive Automation ETF,39,USD,39.11,USD,38.7487,USD,38.7487,USD,8641
SNSR,Global X Internet of Things ETF,49.18,USD,49.18,USD,48.75,USD,48.83,USD,3970
GINC,Goldman Sachs Income ETF,48.575,USD,48.575,USD,48.575,USD,48.575,USD,49
AMZY,YieldMax AMZN Option Income Strategy ETF,10.21,USD,10.37,USD,10.1818,USD,10.26,USD,132206
ASLV,Allspring Special Large Value ETF,29.95,USD,29.95,USD,29.805,USD,29.805,USD,404898
DLUX,DoubleLine Ultrashort Income ETF,49.93,USD,49.9447,USD,49.9299,USD,49.94,USD,1893
SBIO,ALPS Medical Breakthroughs ETF,58.42,USD,59.02,USD,57.85,USD,58.3,USD,21980
COLO,Global X MSCI Colombia ETF,47.01,USD,47.355,USD,46.87,USD,47.16,USD,65835
DEMWF,WISDOMTREE ISSUER ICAV WISDOMTREE EMG MKTS EQT INC UCIT ETF DIS,20.008,USD,20.008,USD,20.008,USD,20.008,USD,2919
NIHI,NEOS MSCI EAFE High Income ETF,51.322,USD,51.41,USD,50.88,USD,50.93,USD,45121
VSDA,VictoryShares Dividend Accelerator ETF,56.75,USD,56.83,USD,56.1335,USD,56.1335,USD,7715
COM,Direxion Auspice Broad Commodity Strategy ETF,35.02,USD,35.03,USD,34.77,USD,34.83,USD,25324
FCAL,First Trust California Municipal High income ETF,45.96,USD,46.44,USD,45.96,USD,46.235,USD,50631
CANC,Tema Oncology ETF,42.34,USD,42.95,USD,41.99,USD,42.01,USD,46760
BSMW,Invesco BulletShares 2032 Municipal Bond ETF,23.555,USD,23.65,USD,23.555,USD,23.6084,USD,120934
INCO,Columbia India Consumer ETF,58.1502,USD,58.1502,USD,58.01,USD,58.0736,USD,8656
SRHQ,SRH U.S. Quality GARP ETF,46.57,USD,46.57,USD,46.5027,USD,46.5027,USD,269
YNOT,Horizon Digital Frontier ETF,33.5151,USD,33.58,USD,33.4562,USD,33.4659,USD,16794
FTMS,Franklin Short-Term Municipal Income ETF,9.7,USD,9.73,USD,9.7,USD,9.73,USD,73526
IMATF,ISHARES V PLC,11.0956,USD,11.0956,USD,11.0956,USD,11.0956,USD,972
FAI,First Trust Bloomberg Artificial Intelligence ETF,56.8,USD,57.11,USD,56.66,USD,56.68,USD,63900
PSH,PGIM Short Duration High Yield ETF,48.97,USD,48.97,USD,48.67,USD,48.67,USD,26633
MBCE,Monarch Blue Chips Elite Index ETF,39.15,USD,39.22,USD,39,USD,39.1148,USD,9772
FLJH,Franklin FTSE Japan Hedged ETF,46.46,USD,46.57,USD,46.15,USD,46.16,USD,16869
FXG,First Trust Cons. Staples AlphaDEX,58.74,USD,58.74,USD,57.8156,USD,57.8156,USD,8841
ECOW,Pacer Emerging Markets Cash Cows 100 ETF,26.36,USD,26.36,USD,26.02,USD,26.2075,USD,80381
IHHSF,Ishares III Plc,56.0047,USD,56.0047,USD,55.9426,USD,55.9426,USD,4142
XJR,iShares ESG Select Screened S&P Small-Cap ETF,48.75,USD,48.75,USD,48.2757,USD,48.2757,USD,15663
GEQ,Cambria Global EW 2 ETF,50.925,USD,50.925,USD,50.639,USD,50.639,USD,226
FEMR,Fidelity Enhanced Emerging Markets ETF,41.41,USD,41.5,USD,41.16,USD,41.16,USD,52191
FLAU,Franklin FTSE Australia ETF,34.22,USD,34.2999,USD,33.8893,USD,33.8893,USD,7709
IG,Principal Investment Grade Corporate Active ETF,19.66,USD,19.66,USD,19.45,USD,19.5601,USD,201199
LOWV,AB US Low Volatility Equity ETF,82.98,USD,82.98,USD,82.393,USD,82.393,USD,1174
CNYA,iShares MSCI China A ETF,33.875,USD,33.89,USD,33.7,USD,33.7,USD,14497
LST,Leuthold Select Industries ETF,46.9,USD,47.07,USD,46.72,USD,46.7334,USD,27324
HIDV,AB US High Dividend ETF,89.54,USD,89.54,USD,88.91,USD,88.91,USD,1818
SBND,Columbia Short Duration Bond ETF,18.34,USD,18.34,USD,18.26,USD,18.29,USD,114663
GCAL,Goldman Sachs Dynamic California Municipal Income ETF,48.51,USD,48.66,USD,48.42,USD,48.5,USD,81403
BAGX,EA Bridgeway Aggressive Investors ETF,100.62,USD,100.62,USD,100.1409,USD,100.1409,USD,7697
CPLS,AB Core Plus Bond ETF,33.51,USD,33.51,USD,33.38,USD,33.4053,USD,7926
SPRE,SP Funds S&P Global REIT Sharia ETF,19.21,USD,19.21,USD,18.92,USD,18.95,USD,134058
FAN,First Trust Global Wind Energy ETF,22.86,USD,22.86,USD,22.65,USD,22.68,USD,59490
MSTB,LHA Market State Tactical Beta ETF,44.1264,USD,44.1264,USD,43.85,USD,43.96,USD,37213
FICS,First Trust International Developed Capital Strength ETF,40.2,USD,40.2799,USD,39.94,USD,39.9414,USD,7632
PALC,Pacer Lunt Large Cap Multi-Factor Alternator ETF,54.05,USD,54.155,USD,53.81,USD,53.8165,USD,9506
UTHY,US Treasury 30 Year Bond ETF,36.81,USD,36.81,USD,36.5,USD,36.61,USD,155082
GLOF,iShares Global Equity Factor ETF,61.02,USD,61.15,USD,60.65,USD,60.65,USD,18981
XTRE,BondBloxx Bloomberg Three Year Target Duration US Treasury ETF,47.9199,USD,47.935,USD,47.87,USD,47.9,USD,1112830
XMPT,VanEck CEF Muni Income ETF,19.11,USD,19.42,USD,19.1,USD,19.22,USD,254669
CLOB,VanEck AA-BB CLO ETF,50.439,USD,50.45,USD,50.34,USD,50.3873,USD,5422
RNIN,Bushido Capital US SMID Cap Equity ETF,35.26,USD,35.8199,USD,35.26,USD,35.57,USD,14095
EWO,iShares MSCI Austria ETF,43.12,USD,43.1415,USD,42.55,USD,42.56,USD,133708
ASCE,Allspring SMID Core ETF,33.01,USD,33.01,USD,32.76,USD,32.76,USD,370394
XMAG,Defiance Large Cap ex-Mag 7 ETF,25.59,USD,25.62,USD,25.37,USD,25.37,USD,46569
ESUM,Eventide US Market ETF,30.44,USD,30.44,USD,30.25,USD,30.25,USD,27229
IDVZ,Polen International Dividend Income Fund,33.255,USD,33.255,USD,33,USD,33,USD,16133
THIR,THOR Index Rotation ETF,33.73,USD,33.78,USD,33.53,USD,33.54,USD,31752
NZAC,State Street SPDR MSCI ACWI Climate Paris Aligned ETF,46.565,USD,46.71,USD,46.4095,USD,46.4095,USD,4583
BSMV,Invesco BulletShares 2031 Municipal Bond ETF,19.81,USD,19.93,USD,19.77,USD,19.8916,USD,224305
GOAU,US Global GO Gold and Precious Metal Miners ETF,43.95,USD,43.95,USD,43.1,USD,43.1,USD,6951
TCV,Towle Small-Cap Value ETF,31.71,USD,31.73,USD,31.4567,USD,31.4567,USD,23883
AFIX,Allspring Broad Market Core Bond ETF,23.56,USD,23.5713,USD,23.55,USD,23.5713,USD,57906
DFMC,U.S. Micro Cap Portfolio: ETF Class Shares,57.5,USD,57.505,USD,57.17,USD,57.17,USD,14733
SIXL,ETC 6 Meridian Low Beta Equity ETF,37.423,USD,37.423,USD,37.223,USD,37.223,USD,2173
GHYG,iShares US & Intl High Yield Corp Bond ETF,43.75,USD,43.75,USD,43.5,USD,43.5002,USD,10866
GRNB,VanEck Green Bond ETF,23.28,USD,23.28,USD,23.18,USD,23.22,USD,36052
SEPI,Shelton Equity Premium Income ETF,28.98,USD,28.98,USD,28.66,USD,28.73,USD,68591
GMMF,iShares Government Money Market ETF,100.2478,USD,100.25,USD,100.2309,USD,100.24,USD,11089
JHMB,John Hancock Mortgage-Backed Securities ETF,20.88,USD,20.881898,USD,20.76,USD,20.79,USD,1134051
ETHO,Amplify Etho Climate Leadership U.S. ETF,79.57,USD,79.9599,USD,79.57,USD,79.6714,USD,5144
TFRNF,WISDOMTREE ISSUER ICAV WSDMTR USD FLTG RT TRSY BD UCT ETF USDAC,61.8447,USD,61.8447,USD,61.8447,USD,61.8447,USD,47500
BNDI,NEOS Enhanced Income Aggregate Bond ETF,44.98,USD,44.98,USD,44.81,USD,44.8535,USD,31094
SDFI,AB Short Duration Income ETF,34.8,USD,34.82,USD,34.8,USD,34.81,USD,3192
HYXF,iShares ESG Advanced High Yield Corporate Bond ETF,45.34,USD,45.34,USD,45.01,USD,45.1073,USD,13608
QQQY,Defiance Nasdaq 100 Weekly Distribution ETF,22.4998,USD,22.4998,USD,22.4998,USD,22.4998,USD,1944
BEEX,The Beehive ETF,27.34,USD,27.36,USD,27.2103,USD,27.2103,USD,410
TAXI,Northern Trust Intermediate Tax-Exempt Bond ETF,49.04,USD,49.19,USD,49.04,USD,49.166,USD,178725
USEW,Cambria US EW ETF,55.67,USD,55.67,USD,55.3327,USD,55.3327,USD,142
DJIA,Global X Dow 30 Covered Call ETF,22.3598,USD,22.41,USD,22.2001,USD,22.22,USD,49861
VEGN,US Vegan Climate ETF,79.3,USD,79.47,USD,79.0895,USD,79.0895,USD,5230
XHE,State Street SPDR S&P Health Care Equipment ETF,91.74,USD,91.74,USD,90.4601,USD,90.72,USD,13175
CTIF,Castellan Targeted Income ETF,51.71,USD,51.71,USD,51.3274,USD,51.3274,USD,79758
GINN,Goldman Sachs Innovate Equity ETF,81.3,USD,81.4,USD,81.0214,USD,81.0214,USD,733
ELFY,ALPS Electrification Infrastructure ETF,38.63,USD,38.78,USD,38.4944,USD,38.4944,USD,32670
ITWO,ProShares Russell 2000 High Income ETF,43.49,USD,43.49,USD,43.03,USD,43.03,USD,14536
MBS,Angel Oak Mortgage-Backed Securities ETF,8.21,USD,8.21,USD,8.17,USD,8.17,USD,35049
XCOR,FundX ETF,89.58,USD,90.08,USD,89.58,USD,89.6598,USD,1431
EEMX,State Street SPDR MSCI Emerging Markets Fossil Fuel Reserves Free ETF,53.14,USD,53.14,USD,52.76,USD,52.76,USD,2082
FRI,First Trust S&P REIT Index Fund,29.96,USD,29.96,USD,29.57,USD,29.57,USD,36402
WEEK,Roundhill Weekly T-Bill ETF,99.99,USD,100.01,USD,99.99,USD,99.995,USD,28196
FBCV,Fidelity Blue Chip Value ETF,41.29,USD,41.43,USD,41.18,USD,41.1803,USD,18315
WCBR,WisdomTree Cybersecurity Fund,45.32,USD,46.4399,USD,45.11,USD,45.7688,USD,64400
HFGO,Hartford Large Cap Growth ETF,30.9,USD,30.9,USD,30.25,USD,30.25,USD,19238
EMMF,WisdomTree Emerging Markets Multifactor Fund,37.87,USD,37.87,USD,37.7,USD,37.7379,USD,26068
GSGO,Goldman Sachs Growth Opportunities ETF,45.75,USD,45.76,USD,45.4602,USD,45.4602,USD,6366
UGA,United States Gasoline Fund LP,145.67,USD,147.56,USD,145.67,USD,146.68,USD,24230
EGGY,NestYield Dynamic Income ETF,34.75,USD,34.9575,USD,34.24,USD,34.35,USD,84473
PSCH,Invesco S&P SmallCap Health Care ETF,53.02,USD,53.15,USD,52.02,USD,52.07,USD,63260
EDEN,iShares MSCI Denmark ETF,109.68,USD,109.68,USD,109.255,USD,109.255,USD,1375
XPAY,Roundhill S&P 500 Target 20 Managed Distribution ETF,52.115,USD,52.33,USD,51.9,USD,51.9,USD,19618
EMKT,Lazard Emerging Markets Opportunities ETF,31.27,USD,31.35,USD,31.14,USD,31.2039,USD,9979
PTIN,Pacer Trendpilot International ETF,36.88,USD,36.88,USD,36.45,USD,36.45,USD,12305
CNRG,State Street SPDR S&P Kensho Clean Power ETF,84.6372,USD,84.77,USD,83.765,USD,83.765,USD,25760
IBHJ,iShares iBonds 2030 Term High Yield and Income ETF,25.81,USD,25.81,USD,25.5609,USD,25.64,USD,105133
QYLG,Global X Nasdaq 100 Covered Call & Growth ETF,30.34,USD,30.54,USD,30.3307,USD,30.4188,USD,29587
JA,Janus Henderson AA-A CLO ETF,50.12,USD,50.12,USD,50.03,USD,50.03,USD,20806
PRCS,Parnassus Core Select ETF,28.885,USD,28.885,USD,28.61,USD,28.61,USD,28632
GBUG,Sprott Active Gold & Silver Miners ETF,47.37,USD,47.65,USD,46.66,USD,46.7356,USD,11975
RDTE,Roundhill Russell 2000 0DTE Covered Call Strategy ETF,26.47,USD,26.525,USD,26.34,USD,26.36,USD,246976
FYT,First Trust Small Cap Value AlphaDEX Fund,67.64,USD,67.64,USD,66.84,USD,66.8509,USD,8427
IHYBF,ISHARES PLC,7.3673,USD,7.3673,USD,7.3673,USD,7.3673,USD,922
NBDS,Neuberger Berman Disrupters ETF,41.05,USD,41.05,USD,40.87,USD,40.87,USD,121159
BWET,Breakwave Tanker Shipping ETF,772.3,USD,804.8,USD,772.3,USD,803,USD,83881
CHGX,Stance Sustainable Beta ETF,33.14,USD,33.14,USD,32.96,USD,32.9834,USD,10159
GTOQ,Invesco High Yield Systematic Bond ETF,21.66,USD,21.66,USD,21.5755,USD,21.5755,USD,2965
PLTM,GraniteShares Platinum Shares ETF,16.36,USD,16.4177,USD,16.26,USD,16.34,USD,160470
ROKT,State Street SPDR S&P Kensho Final Frontiers ETF,104.37,USD,105.25,USD,104.0361,USD,104.0361,USD,6965
FLCC,Federated Hermes MDT Large Cap Core ETF,36.44,USD,36.58,USD,36.29,USD,36.29,USD,10776
QWLD,State Street SPDR MSCI World StrategicFactors ETF,154.72,USD,154.775,USD,154.1473,USD,154.1473,USD,660
FFLX,First Trust Flexible Income ETF,9.41,USD,9.4146,USD,9.36,USD,9.39,USD,156497
IQSZ,Invesco Global Equity Net Zero ETF,31.985,USD,31.985,USD,31.985,USD,31.985,USD,53
GQQQ,Astoria US Quality Growth Kings ETF,36.24,USD,36.25,USD,36.02,USD,36.0462,USD,31802
CSTK,Invesco Comstock Contrarian Equity ETF,32.73,USD,32.73,USD,32.454,USD,32.454,USD,8263
IEUS,iShares MSCI Europe Small-Cap ETF,70.6,USD,70.6,USD,70.1805,USD,70.1805,USD,832
JABS,Janus Henderson Asset-Backed Securities ETF,49.22,USD,49.35,USD,49.22,USD,49.27,USD,4711
WTCCF,WISDOMTREE COMMODITY SECURITIES LTD,8.6069,USD,8.6069,USD,8.46,USD,8.46,USD,1745
YLDE,Franklin ClearBridge Enhanced Income ETF,54.33226,USD,54.33226,USD,54.33226,USD,54.33226,USD,756
TALV,Transamerica Large Value Active ETF,28.13,USD,28.16,USD,27.9706,USD,27.9706,USD,1700
RSPM,Invesco S&P 500 Equal Weight Materials ETF,37.67,USD,37.7,USD,37.17,USD,37.17,USD,16124
EMXF,iShares ESG Advanced MSCI EM ETF,57.56,USD,57.56,USD,57.155,USD,57.25,USD,8649
VEGI,iShares MSCI Agriculture Producers ETF,45.91,USD,46.05,USD,45.22,USD,45.33,USD,93387
ADPV,Adaptiv Select ETF,43.49,USD,43.57,USD,43.2,USD,43.2339,USD,33955
TSEC,Touchstone Securitized Income ETF,25.09,USD,25.1,USD,25.07,USD,25.1,USD,91412
RAFE,PIMCO RAFI ESG U.S. ETF,49.43,USD,49.505,USD,49.2,USD,49.2068,USD,11270
GSEU,Goldman Sachs ActiveBeta Europe Equity ETF,48.06,USD,48.185,USD,47.709,USD,47.709,USD,13445
CZA,Invesco Zacks Mid-Cap ETF,118.52,USD,118.66,USD,118.1573,USD,118.1573,USD,742
TSCV,Thrivent Small Cap Value ETF,29.44,USD,29.46,USD,29.2,USD,29.23,USD,17539
JEDI,Defiance Drone and Modern Warfare ETF,25.38,USD,25.965,USD,25.03,USD,25.09,USD,74837
BBBS,BondBloxx BBB Rated 1-5 Year Corporate Bond ETF,49.91,USD,49.91,USD,49.83,USD,49.86,USD,12440
IROC,Invesco Rochester High Yield Municipal ETF,47.92,USD,48.21,USD,47.58,USD,47.9,USD,30456
LPRE,Long Pond Real Estate Select ETF,27.15,USD,27.21,USD,26.9,USD,26.9,USD,2449
DUNK,Dana Unconstrained Equity ETF,28.1,USD,28.4601,USD,28.1,USD,28.2324,USD,9705
FLCV,Federated Hermes MDT Large Cap Value ETF,36.26,USD,36.26,USD,35.995,USD,35.9952,USD,9896
HTUS,Hull Tactical US ETF,46.11,USD,46.11,USD,45.5,USD,45.55,USD,6988
FMUN,Fidelity Systematic Municipal Bond Index ETF,46.795,USD,47.13,USD,46.73,USD,46.8183,USD,63067
FTNJ,Franklin New Jersey Municipal Income ETF,8.22,USD,8.28,USD,8.22,USD,8.26,USD,102774
BLST,Bluemonte Short Term Bond ETF,24.33,USD,24.35,USD,24.3,USD,24.33,USD,39321
RBIL,F/m Ultrashort Treasury Inflation-Protected Security (TIPS) ETF,49.91,USD,49.96,USD,49.9,USD,49.955,USD,25607
TUR,iShares MSCI Turkey ETF,33.99,USD,34.22,USD,33.8,USD,33.8,USD,475864
HAPS,Harbor Human Capital Factor US Small Cap ETF,36.5516,USD,36.5516,USD,36.5516,USD,36.5516,USD,21
IXCVF,BLACKROCK ASSET MANAGEMENT CA LTD ISHARES CANADIAN VALUE INDEX ETF,44.5328,USD,44.5328,USD,44.5328,USD,44.5328,USD,225
MINV,Matthews Asia Innovators Active ETF,48.55,USD,48.74,USD,48.3301,USD,48.4121,USD,4338
PFDE,Pathfinder Disciplined US Equity ETF,28.3563,USD,28.41,USD,28.18,USD,28.1984,USD,11591
FID,First Trust S&P International Dividend Aristocrats ETF,22.47,USD,22.47,USD,22.2806,USD,22.2998,USD,15562
QLV,Northern Trust US Quality Low Volatility ETF,78.8772,USD,78.9,USD,78.3742,USD,78.3742,USD,4550
BSMC,Brandes U.S. Small-Mid Cap Value ETF,37.98,USD,37.98,USD,37.7091,USD,37.7108,USD,15121
IBMT,iShares iBonds Dec 2031 Term Muni Bond ETF,24.56,USD,24.7,USD,24.56,USD,24.66,USD,134397
TOGA,Managed Portfolio Series Tremblant Global ETF,29,USD,29,USD,28.9474,USD,28.9474,USD,1504
BKHY,BNY Mellon High Yield ETF,45.93,USD,46.03,USD,45.83,USD,45.84,USD,16285
VRVAF,Vanguard Funds PLC,100.7811,USD,100.7811,USD,100.7811,USD,100.7811,USD,1161
SPYT,Defiance S&P 500 Target Income ETF,17.25,USD,17.295,USD,17.18,USD,17.2,USD,104231
BNDC,Northern Trust Core Bond ETF,21.1,USD,21.1,USD,21.04,USD,21.0719,USD,5692
POWA,Invesco Bloomberg Pricing Power ETF,86.75,USD,86.75,USD,86.2197,USD,86.2197,USD,1550
BRIF,FIS Bright Portfolios Focused Equity ETF,37.63,USD,37.63,USD,37.23,USD,37.23,USD,12846
GLDI,"ETRACS Gold Shares Covered Call ETNs due February 2, 2033",140.58,USD,141.82,USD,139.85,USD,140.51,USD,108130
DFE,WisdomTree Europe SmallCap Dividend Fund,75.01,USD,75.01,USD,74.456,USD,74.456,USD,2706
MGMT,Ballast Small/Mid Cap ETF,48.87,USD,48.87,USD,48.51,USD,48.51,USD,5292
COPJ,Sprott Junior Copper Miners ETF,44.48,USD,44.925,USD,43.7701,USD,43.8,USD,45254
KNCT,Invesco Next Gen Connectivity ETF,205.32,USD,206.11,USD,204.9181,USD,204.9181,USD,2469
GKAT,Scharf Global Opportunity ETF,43.7743,USD,43.7743,USD,43.7743,USD,43.7743,USD,213
LSAF,LeaderShares AlphaFactor US Core Equity ETF,53.55,USD,53.55,USD,53.2489,USD,53.2489,USD,3965
MMTM,State Street SPDR S&P 1500 Momentum Tilt ETF,308.448885,USD,309.06,USD,306.57,USD,306.57,USD,17110
SDG,iShares MSCI Global Sustainable Development Goals ETF,87.47,USD,87.4701,USD,87.3713,USD,87.3713,USD,975
XAIX,Xtrackers Artificial Intelligence and Big Data ETF,58.64,USD,59.21,USD,58.64,USD,58.78,USD,30890
GXIG,Global X Investment Grade Corporate Bond ETF,23.5944,USD,23.5944,USD,23.5944,USD,23.5944,USD,523
PJFV,PGIM Jennison Focused Value ETF,100.19,USD,100.2499,USD,99.4345,USD,99.4345,USD,8504
GLRY,Inspire Growth ETF,37.86,USD,38.055,USD,37.85,USD,37.91,USD,3452
AVMU,Avantis Core Municipal Fixed Income ETF,42.53,USD,42.87,USD,42.52,USD,42.72,USD,17176
BAIV,Brown Advisory International Value Select ETF,27.9,USD,27.9,USD,27.7087,USD,27.7087,USD,108251
PQUS,Pictet AI Enhanced US Equity ETF,28.6624,USD,28.7376,USD,28.53,USD,28.54,USD,26069
LDSF,First Trust Low Duration Strategic Focus ETF,18.49,USD,18.49,USD,18.392,USD,18.42,USD,25879
SECR,NYLIM MacKay Securitized Income ETF,24.16,USD,24.16,USD,24.04,USD,24.1054,USD,4044
BLTD,Bluemonte Long Term Bond ETF,23.46,USD,23.46,USD,23.365,USD,23.42,USD,48150
SLX,VanEck Steel ETF,102.74,USD,103.5,USD,102.25,USD,102.2633,USD,15816
IBIG,iShares iBonds Oct 2030 Term TIPS ETF,25.18,USD,25.18,USD,25.11,USD,25.17,USD,123542
NPFI,Nuveen Preferred and Income ETF,25.2,USD,25.22,USD,25.1,USD,25.13,USD,58187
DIM,WisdomTree International MidCap Dividend Fund,86.81,USD,86.81,USD,86.08,USD,86.1336,USD,1720
IDETF,ISHARES V PLC ISHARES IBONDS DEC 2034 TERM CORP UCITS ETF,104.9491,USD,104.9491,USD,104.9491,USD,104.9491,USD,225
KCSH,KraneShares Sustainable Ultra Short Duration Index ETF,25,USD,25,USD,25,USD,25,USD,323
COMB,GraniteShares Bloomberg Commodity Broad Strategy No K-1 ETF,28.12,USD,28.135,USD,27.86,USD,27.86,USD,32958
TOLZ,ProShares DJ Brookfield Global Infrastructure ETF,54.99,USD,54.99,USD,54.435,USD,54.446,USD,21769
HOOY,YieldMax HOOD Option Income Strategy ETF,28.9,USD,28.98,USD,26.95,USD,27.09,USD,292756
FSML,Franklin Small Cap Enhanced ETF,28.97,USD,28.97,USD,28.8278,USD,28.8278,USD,207656
UDIV,Franklin U.S. Core Dividend Tilt Index ETF,61.52,USD,61.6231,USD,61.2,USD,61.21,USD,9675
BLES,Inspire Global Hope ETF,47.67,USD,47.67,USD,47.243,USD,47.243,USD,62561
FRGN,Horizon International Equity ETF,31.54,USD,31.54,USD,31.1599,USD,31.1599,USD,26222
IIQSF,ISHARES VI PLC EDGE S&P 500 MIN VOL UCITS USD DIS,10.344,USD,10.344,USD,10.344,USD,10.344,USD,86829
MFEM,PIMCO RAFI Dynamic Multi-Factor Emerging Markets Equity ETF,28.73,USD,28.7499,USD,28.575,USD,28.5778,USD,4364
NUSB,Nuveen Ultra Short Income ETF,25.2,USD,25.2196,USD,25.2,USD,25.21,USD,4756
TOS,Twin Oak Strategic Solutions ETF,30.4298,USD,30.4298,USD,30.4298,USD,30.4298,USD,17
GIND,Goldman Sachs India Equity ETF,23.44,USD,23.48,USD,23.41,USD,23.435,USD,3033
AFDM,First Trust Active Factor International ETF,89.59,USD,89.74,USD,88.63,USD,88.8896,USD,24199
ISRA,VanEck Israel ETF,66.74,USD,66.92,USD,66.58,USD,66.6727,USD,1349
FINX,Global X FinTech ETF,24.71,USD,24.71,USD,24.252,USD,24.26,USD,45653
SHDG,Soundwatch Hedged Equity ETF,33.61,USD,33.6104,USD,33.4275,USD,33.4275,USD,1753
DEW,WisdomTree Global High Dividend Fund,69.48,USD,69.48,USD,68.92,USD,68.92,USD,1709
SVAL,iShares US Small Cap Value Factor ETF,41.63,USD,41.63,USD,41.3221,USD,41.3221,USD,20928
SIHY,Harbor Ares Systematic High Yield ETF,44.28,USD,44.28,USD,44.03,USD,44.1398,USD,17735
DABS,DoubleLine Asset-Backed Securities ETF,49.755,USD,49.7943,USD,49.64,USD,49.7722,USD,5492
VSMV,VictoryShares US Multi-Factor Minimum Volatility ETF,59.84,USD,60.0199,USD,59.6103,USD,59.6103,USD,3355
RINT,Russell Investments International Developed Equity ETF,32.17,USD,32.25,USD,31.89,USD,32,USD,28864
FRTY,Alger Mid Cap 40 ETF,23.56,USD,23.88,USD,23.56,USD,23.6958,USD,10082
ICMNF,Invesco Markets plc,98.4039,USD,98.4039,USD,98.4039,USD,98.4039,USD,204
EFFI,Harbor Osmosis International Resource Efficient ETF,26.1955,USD,26.1955,USD,26.1955,USD,26.1955,USD,15
CSEN,Cohen & Steers Future of Energy Active ETF,24.925,USD,24.982,USD,24.69,USD,24.7739,USD,59995
NCLO,Nuveen AA-BBB CLO ETF,25.12,USD,25.1399,USD,25.03,USD,25.05,USD,37136
FAB,First Trust Multi Cap Value AlphaDEX Fund,99.85,USD,99.85,USD,98.7163,USD,98.7163,USD,10204
IMOM,Alpha Architect International Quantitative Momentum ETF,40.41,USD,40.77,USD,40.3439,USD,40.3439,USD,18467
PHEQ,Parametric Hedged Equity ETF,35.42,USD,35.49,USD,35.31,USD,35.3952,USD,14563
ACVF,American Conservative Values ETF,54.805,USD,54.831,USD,54.42,USD,54.42,USD,7370
PUSH,PGIM Ultra Short Municipal Bond ETF,49.93,USD,49.97,USD,49.62,USD,49.75,USD,102217
SMWCF,SSGA SPDR ETFS EUROPE II PLC,53.1066,USD,53.1066,USD,53.1066,USD,53.1066,USD,1355
TAXS,Northern Trust Short-Term Tax-Exempt Bond ETF,49.3,USD,49.3,USD,49.23,USD,49.275,USD,120993
STXG,Strive 1000 Growth ETF,56.95,USD,56.95,USD,56.55,USD,56.57,USD,2559
FITE,State Street SPDR S&P Kensho Future Security ETF,110.29,USD,112,USD,110.29,USD,110.82,USD,22749
WLDR,Simplify Affinity World Leaders Equity ETF,47.64,USD,47.64,USD,46.63,USD,46.63,USD,11351
SCOP,Sprott Physical Copper Trust,12.39,USD,12.47,USD,12.12,USD,12.16,USD,94600
BCUS,Bancreek U.S. Large Cap ETF,34.22,USD,34.22,USD,33.8568,USD,33.8568,USD,4488
VFJUF,Vanguard Funds PLC,84.74,USD,84.74,USD,84.74,USD,84.74,USD,205
TABD,Transamerica Bond Active ETF,23.86,USD,23.86,USD,23.785,USD,23.8,USD,4094
KNRG,Simplify Kayne Anderson Energy and Infrastructure Credit ETF,25.01,USD,25.01,USD,24.92,USD,24.9311,USD,15107
OOSP,Obra Opportunistic Structured Products ETF,10.06,USD,10.06,USD,9.985,USD,9.985,USD,4961
DGRE,WisdomTree Emerging Markets Quality Dividend Growth Fund,40.89,USD,40.89,USD,40.392,USD,40.5157,USD,2677
JPQAF,JPMORGAN ETFS (IRELAND) ICAV NASDAQ EQ PREM INC ACT UCT,33.957,USD,33.957,USD,33.957,USD,33.957,USD,1277
IBCB,iShares iBonds Dec 2036 Term Corporate ETF,23.75,USD,23.75,USD,23.595,USD,23.63,USD,436677
SPFF,Global X SuperIncome Preferred ETF,9.25,USD,9.25,USD,9.07,USD,9.07,USD,28685
SCDV,Bahl & Gaynor Small Cap Dividend ETF,26.05,USD,26.05,USD,25.8899,USD,25.8899,USD,15056
DEFR,Aptus Deferred Income ETF,26.04,USD,26.04,USD,25.96,USD,25.9609,USD,5848
IPAY,Amplify Digital Payments ETF,47.05,USD,47.05,USD,46.28,USD,46.28,USD,176378
GCPB,Goldman Sachs Core Plus Bond ETF,48.52,USD,48.52,USD,48.3901,USD,48.41,USD,2092
SMOX,Horizon Small/Mid Cap Core Equity ETF,28.72,USD,29.3,USD,28.7035,USD,28.7035,USD,97934
CGVV,Capital Group U.S. Large Value ETF,31.12,USD,31.17,USD,30.92,USD,30.92,USD,35633
MBOX,Freedom Day Dividend ETF,40.18,USD,40.225,USD,39.9597,USD,39.9597,USD,1064
BBBI,BondBloxx BBB Rated 5-10 Year Corporate Bond ETF,48.86,USD,48.879,USD,48.661,USD,48.715,USD,137047
AGZD,WisdomTree Interest Rate Hedged U.S. Aggregate Bond Fund,22.45,USD,22.6,USD,22.44,USD,22.54,USD,168962
FCLD,Fidelity Cloud Computing ETF,44.42,USD,45,USD,44.42,USD,44.77,USD,14734
TRPA,Hartford AAA CLO ETF,38.95,USD,38.95,USD,38.8456,USD,38.8498,USD,42539
IIBDF,ISHARES V PLC ISHRS IBNDS DC 2032 TRM US CRP UCITS ETF,105.6071,USD,105.6071,USD,105.6071,USD,105.6071,USD,2230
IPO,Renaissance IPO ETF,53.07,USD,53.15,USD,52.62,USD,52.62,USD,10528
MSSS,Monarch Select Subsector Index ETF,34.58,USD,34.58,USD,34.321,USD,34.321,USD,2036
LGRO,Level Four Large Cap Growth Active ETF,46.9,USD,47.21,USD,46.8442,USD,46.8442,USD,2285
INVPF,Invesco Markets plc,607.4995,USD,607.4995,USD,607.4995,USD,607.4995,USD,33
STXE,Strive Emerging Markets Ex-China ETF,49.74,USD,49.84,USD,49.29,USD,49.4014,USD,15754
UCRD,VictoryShares Corporate Bond ETF,20.51,USD,20.51,USD,20.455,USD,20.455,USD,2676
LGDX,Intech S&P Large Cap Diversified Alpha ETF,25.3371,USD,25.3371,USD,25.3371,USD,25.3371,USD,8
AIFD,TCW Artificial Intelligence ETF,54.61,USD,54.61,USD,54.1,USD,54.16,USD,14857
PJFG,PGIM Jennison Focused Growth ETF,121.29,USD,121.752395,USD,120.8532,USD,120.8532,USD,2124
FTHF,First Trust Emerging Markets Human Flourishing ETF,49.67,USD,49.67,USD,48.49,USD,49.04,USD,42215
GXPT,Global X PureCap MSCI Information Technology ETF,35.31,USD,35.53,USD,35.27,USD,35.29,USD,14977
CRTC,Xtrackers US National Critical Technologies ETF,41.65,USD,41.65,USD,41.33,USD,41.35,USD,58852
XLEI,State Street Energy Select Sector SPDR Premium Income ETF,27.65,USD,27.66,USD,27.4,USD,27.44,USD,267864
SWP,SWP Growth & Income ETF,27.15,USD,27.27,USD,27.0366,USD,27.0366,USD,3508
MKOR,Matthews Korea Active ETF,62.92,USD,62.92,USD,62.525,USD,62.7207,USD,4107
EFFE,Harbor Osmosis Emerging Markets Resource Efficient ETF,27.4836,USD,27.4836,USD,27.4836,USD,27.4836,USD,13
GPRF,Goldman Sachs Access U.S. Preferred Stock and Hybrid Securities ETF,48.09,USD,48.1197,USD,48.06,USD,48.1197,USD,4129
IMPRF,Invesco Markets plc,26.2832,USD,26.2832,USD,26.2832,USD,26.2832,USD,913
SMCY,YieldMax SMCI Option Income Strategy ETF,5.41,USD,5.4848,USD,5.25,USD,5.33,USD,911965
FSYD,Fidelity Sustainable High Yield ETF,46.69,USD,46.81,USD,46.54,USD,46.5853,USD,22202
BRHY,iShares High Yield Active ETF,49.5152,USD,49.53,USD,49.31,USD,49.3261,USD,8953
GEW,Cambria Global EW ETF,54.9168,USD,54.9168,USD,54.9168,USD,54.9168,USD,81
RVER,Trenchless Fund ETF,36.52,USD,36.52,USD,36.2951,USD,36.2951,USD,5378
TIER,T. Rowe Price International Equity Research ETF,32.425,USD,32.425,USD,32.1463,USD,32.1463,USD,3429
QQXT,First Trust NASDAQ-100 Ex-Technology Sector Index Fund,96.24,USD,96.445,USD,95.7915,USD,95.7915,USD,8334
ABEQ,Absolute Select Value ETF,37.21,USD,37.31,USD,37.1149,USD,37.1149,USD,3930
IBID,iShares iBonds Oct 2027 Term TIPS ETF,25.88,USD,25.9,USD,25.85,USD,25.9,USD,116751
IQSHF,IShares Plc.,7.338,USD,7.338,USD,7.338,USD,7.338,USD,10258
JPXN,iShares JPX-Nikkei 400 ETF,104.095,USD,104.46,USD,103.41,USD,103.4183,USD,1891
NEMD,Neuberger Emerging Markets Debt Hard Currency ETF,50.4,USD,50.47,USD,50.1,USD,50.1325,USD,5033
KRBN,KraneShares Global Carbon Strategy ETF,34.12,USD,34.12,USD,33.7,USD,33.7,USD,14792
DSMC,Distillate Small/Mid Cash Flow ETF,41.88,USD,41.88,USD,41.6824,USD,41.745,USD,5960
GSEE,Goldman Sachs MarketBeta Emerging Markets Equity ETF,68.7167,USD,68.7167,USD,68.7167,USD,68.7167,USD,196
BSMY,Invesco BulletShares 2034 Municipal Bond ETF,22.85,USD,22.87,USD,22.71,USD,22.7205,USD,18584
MTRA,Invesco International Growth Focus ETF,26.3872,USD,26.3872,USD,26.3872,USD,26.3872,USD,12
AIVC,Amplify Bloomberg AI Equal Weight ETF,115.1756,USD,115.29,USD,114.9948,USD,114.9948,USD,7002
SIXS,ETC 6 Meridian Small Cap Equity ETF,54.74,USD,54.74,USD,54.5538,USD,54.5538,USD,3388
AVEE,Avantis Emerging Markets Small Cap Equity ETF,68.84,USD,68.84,USD,68.38,USD,68.58,USD,15313
ELD,WisdomTree Emerging Markets Local Debt Fund,27.88,USD,27.93,USD,27.81,USD,27.87,USD,11791
CATF,American Century California Municipal Bond ETF,47.3,USD,47.51,USD,47.22,USD,47.2406,USD,11748
BOAT,SonicShares Global Shipping ETF,51.33,USD,51.8,USD,50.77,USD,51.1,USD,41640
EPHE,iShares MSCI Philippines ETF,22.8,USD,22.8498,USD,22.735,USD,22.74,USD,55735
BSSX,Invesco BulletShares 2033 Municipal Bond ETF,23.93,USD,24.21,USD,23.93,USD,24.0753,USD,100173
CGV,Conductor Global Equity Value ETF,15.72,USD,15.72,USD,15.657,USD,15.6699,USD,2043
KQQQ,Kurv Technology Titans Select ETF,29.4,USD,29.6599,USD,29.2983,USD,29.345,USD,29551
CVGD,CresAlta Global Dividend ETF,25.42,USD,25.42,USD,25.29,USD,25.29,USD,427
BAMG,Brookstone Growth Stock ETF,45.23,USD,45.29,USD,44.9,USD,44.9,USD,10901
ESG,Northern Trust STOXX US ESG Select ETF,179.544,USD,179.544,USD,179.544,USD,179.544,USD,318
GHYB,Goldman Sachs Access High Yield Corporate Bond ETF,43.375,USD,43.38,USD,43.1999,USD,43.1999,USD,1554
VUSI,Voya Ultra Short Income ETF,49.855,USD,49.855,USD,49.855,USD,49.855,USD,48
SPYA,Twin Oak Endure ETF,30.5579,USD,30.5579,USD,30.5579,USD,30.5579,USD,10
FAAA,Fidelity AAA CLO ETF,50.24,USD,50.26,USD,50.235,USD,50.255,USD,47414
DXJJF,WISDOMTREE ISSUER ICAV WISDOMTREE JAPAN EQTY UCITS ETF USDH DIS,55.4778,USD,55.4778,USD,55.4778,USD,55.4778,USD,550
CORN,Teucrium Corn Fund ETV,19.59,USD,19.65,USD,18.95,USD,19.04,USD,587180
KEMX,KraneShares MSCI Emerging Markets ex China Index ETF,51.33,USD,51.43,USD,51.13,USD,51.2116,USD,5470
SMCO,Hilton Small-MidCap Opportunity ETF,27.58,USD,27.59,USD,27.43,USD,27.4462,USD,10386
PXE,Invesco Energy Exploration & Production ETF,39.5,USD,39.89,USD,39.33,USD,39.39,USD,115265
BNDP,Vanguard Core-Plus Bond Index ETF,71.16,USD,71.16,USD,70.93,USD,70.9376,USD,2843
CGHY,Capital Group High Yield Bond ETF,24.43,USD,24.46,USD,24.38,USD,24.38,USD,43445
RJDI,RJ Eagle GCM Dividend Select Income ETF,28.66,USD,28.66,USD,28.45,USD,28.45,USD,15843
BBP,Virtus Biotech ETF,106.73,USD,107.055,USD,105.4,USD,105.5872,USD,13552
IZRL,ARK Israel Innovative Technology ETF,28.06,USD,28.75,USD,28.06,USD,28.56,USD,15223
PRSD,State Street Short Duration IG Public & Private Credit ETF,24.68,USD,24.68,USD,24.6501,USD,24.6617,USD,2157
PFRL,PGIM Floating Rate Income ETF,49.4872,USD,49.5399,USD,49.43,USD,49.5096,USD,9617
SPVM,Invesco S&P 500 Value with Momentum ETF,73.31,USD,73.31,USD,72.48,USD,72.48,USD,5218
GPTY,YieldMax AI & Tech Portfolio Option Income ETF,42.7,USD,42.849,USD,42.5703,USD,42.7,USD,41599
RVNU,Xtrackers Municipal Infrastructure Revenue Bond Active ETF,23.25,USD,23.37,USD,23.1,USD,23.3,USD,104930
CHPS,Xtrackers Semiconductor Select Equity ETF,90.31,USD,90.32,USD,89.61,USD,89.93,USD,63187
QVMT,Invesco S&P 500 Concentrated QVM ETF,64.98,USD,64.98,USD,64.551,USD,64.595,USD,8205
AGGM,iShares 1-10 Year U.S. Aggregate Bond ETF,99.72,USD,99.72,USD,99.345,USD,99.4639,USD,14604
NHYM,Nuveen High Yield Municipal Income ETF,23.14,USD,23.25,USD,23.0275,USD,23.06,USD,21318
VETZ,Academy Veteran Bond ETF,18.78,USD,18.8,USD,18.731,USD,18.731,USD,1115
KBA,KraneShares Bosera MSCI China A 50 Connect Index ETF,31.1,USD,31.1057,USD,30.85,USD,30.94,USD,43322
BUL,Pacer US Cash Cows Growth ETF,61.065,USD,61.3297,USD,60.9819,USD,60.9819,USD,9962
GXPC,Global X PureCap MSCI Communication Services ETF,30.98,USD,31.29,USD,30.75,USD,30.78,USD,46808
AFSM,First Trust Active Factor Small Cap ETF,39.63,USD,39.66,USD,39.19,USD,39.19,USD,5209
IBIF,iShares iBonds Oct 2029 Term TIPS ETF,25.42,USD,25.435,USD,25.4,USD,25.41,USD,68042
SMOG,VanEck Low Carbon Energy ETF,133.2441,USD,133.2441,USD,133.2441,USD,133.2441,USD,229
PZT,Invesco New York AMT-Free Municipal Bond ETF,20.46,USD,20.705,USD,20.46,USD,20.58,USD,28825
LEGR,First Trust Indxx Innovative Transaction & Process ETF,65.53,USD,65.53,USD,65.132,USD,65.1583,USD,1519
BKCI,BNY Mellon Concentrated International ETF,51.8256,USD,51.83,USD,51.655,USD,51.655,USD,4880
SPBTF,SSGA SPDR ETFS EUROPE I PLC SPDR BB 1 0 + YR US TREAS BOND UCITS ETF,19.7301,USD,19.7301,USD,19.7301,USD,19.7301,USD,22811
PFIG,Invesco Fundamental Investment Grade Corporate Bond ETF,23.11,USD,23.11,USD,23.02,USD,23.05,USD,18043
OAEM,OneAscent Emerging Markets ETF,49.38,USD,49.46,USD,49.08,USD,49.2081,USD,355918
SSPY,Stratified LargeCap Index ETF,96.5901,USD,96.66,USD,96.1094,USD,96.1094,USD,1455
ZINN,Virtus Zevenbergen Innovative Growth ETF,41.44,USD,41.44,USD,41.3155,USD,41.3155,USD,1847
CEPI,REX Crypto Equity Premium Income ETF,31.49,USD,31.49,USD,30.95,USD,30.9566,USD,58272
BSJV,Invesco BulletShares 2031 High Yield Corporate Bond ETF,25.19,USD,25.27,USD,25.02,USD,25.07,USD,39198
PXJ,Invesco Oil & Gas Services ETF,43.79,USD,43.94,USD,43.408,USD,43.408,USD,42610
SMDX,Intech S&P Small-Mid Cap Diversified Alpha ETF,25.4549,USD,25.4549,USD,25.4549,USD,25.4549,USD,26
FOTO,Tuttle Capital Pure Play Photonics ETF,18.36,USD,18.4388,USD,17.75,USD,18.05,USD,267921
NBJP,Neuberger Japan Equity ETF,35.95,USD,35.95,USD,35.8219,USD,35.8219,USD,576
UPSD,Aptus Large Cap Upside ETF,30.05,USD,30.2,USD,29.8611,USD,29.8611,USD,5082
LVIG,Longview Advantage Fixed Income ETF,95.36,USD,95.4084,USD,95.36,USD,95.4084,USD,292
LFSC,F/m Emerald Life Sciences Innovation ETF,44.375,USD,45.009,USD,44.375,USD,44.5697,USD,3587
GOEX,Global X Gold Explorers ETF,83.33,USD,83.33,USD,83.09,USD,83.1291,USD,1036
ERTH,Invesco MSCI Sustainable Future ETF,42.6,USD,42.6,USD,42.3537,USD,42.3537,USD,1002
ECML,Euclidean Fundamental Value ETF,39.2636,USD,39.2636,USD,39.2636,USD,39.2636,USD,15
FTDPF,FIRST TRUST GLOBAL FUNDS ICAV EUROZONE ALPHADEX UCITS ETF A EUR ACC,74.13,USD,74.13,USD,74.13,USD,74.13,USD,671
REMG,Russell Investments Emerging Markets Equity ETF,36.5,USD,36.69,USD,36.4369,USD,36.4369,USD,13023
KSPY,KraneShares Hedgeye Hedged Equity Index ETF,30.1228,USD,30.18,USD,30.1,USD,30.115,USD,23453
GROZ,Zacks Focus Growth ETF,33.99,USD,34.1,USD,33.8283,USD,33.8283,USD,16558
FBY,YieldMax META Option Income Strategy ETF,9.63,USD,9.755,USD,9.568,USD,9.62,USD,126635
BKCG,BNY Mellon Concentrated Growth ETF,39.7,USD,39.71,USD,39.4253,USD,39.4253,USD,1636
DWUS,AdvisorShares Dorsey Wright FSM US Core ETF,59.13,USD,59.2099,USD,59.0198,USD,59.0198,USD,1372
BAMV,Brookstone Value Stock ETF,36.43,USD,36.45,USD,36.23,USD,36.23,USD,53159
DBE,Invesco DB Energy Fund,36.88,USD,36.98,USD,36.56,USD,36.71,USD,30945
RZG,Invesco S&P SmallCap 600 Pure Growth ETF,62.94,USD,63.13,USD,62.4695,USD,62.4695,USD,1088
IBUY,Amplify Online Retail ETF,67.23,USD,67.62,USD,66.7675,USD,66.7675,USD,3752
JHDG,John Hancock Hedged Equity ETF,28.21,USD,28.22,USD,28.0103,USD,28.0103,USD,11796
IBNTF,ISHARES IBONDS DEC 2030 TERM CORP UCITS ETF,5.0323,USD,5.0323,USD,5.0323,USD,5.0323,USD,1500
APLY,YieldMax AAPL Option Income Strategy ETF,11.66,USD,11.93,USD,11.66,USD,11.765,USD,52312
ESGG,Northern Trust STOXX Global ESG Select ETF,239.57,USD,239.57,USD,237.9231,USD,237.9231,USD,697
EDGI,3EDGE Dynamic International Equity ETF,31.5699,USD,31.5699,USD,31.33,USD,31.36,USD,14654
CSNR,Cohen & Steers Natural Resources Active ETF,36.415,USD,36.44,USD,36.1026,USD,36.1026,USD,40413
BUSM,EA Bridgeway Ultra-Small Company Market ETF,16.18,USD,16.19,USD,16.0844,USD,16.0844,USD,12882
FTRI,First Trust Indxx Global Natural Resources Income ETF,16.96,USD,16.96,USD,16.78,USD,16.7838,USD,23147
CRPT,First Trust SkyBridge Crypto Industry and Digital Economy ETF,15.89,USD,15.96,USD,15.58,USD,15.58,USD,16915
FEUS,Northern Trust ESG & Climate US Large Cap Core ETF,83.1,USD,83.43,USD,82.8562,USD,82.8562,USD,5914
EMSQF,ISHARES IV PLC,17.9451,USD,17.9451,USD,17.9451,USD,17.9451,USD,1139
CWS,AdvisorShares Focused Equity ETF,66.46,USD,66.69,USD,66.4,USD,66.5289,USD,8399
KEAT,Keating Active ETF,32.73,USD,32.73,USD,32.5246,USD,32.5246,USD,167
OPER,ClearShares Ultra-Short Maturity ETF,100.08,USD,100.1047,USD,100.08,USD,100.1,USD,5016
AOHY,Angel Oak High Yield Opportunities ETF,10.73,USD,10.73,USD,10.67,USD,10.67,USD,55377
ICAP,InfraCap Equity Income Fund ETF,27.63,USD,27.7268,USD,27.25,USD,27.41,USD,31383
GTOS,Invesco Short Duration Total Return Bond ETF,24.6199,USD,24.6199,USD,24.59,USD,24.59,USD,996
FEUZ,First Trust Eurozone AlphaDEX ETF,64.3148,USD,64.3148,USD,64.3148,USD,64.3148,USD,597
VBCB,Vanguard Target Maturity 2028 Corporate Bond ETF,74.915,USD,74.93,USD,74.86,USD,74.8754,USD,24779
FPA,First Trust Asia Pacific Ex-Japan AlphaDEX Fund,50.1,USD,50.1,USD,49.5,USD,49.635,USD,1748
DRNZ,REX Drone ETF,20.23,USD,20.32,USD,19.78,USD,19.8729,USD,98848
ITAN,Sparkline Intangible Value ETF,43.72,USD,43.83,USD,43.5783,USD,43.5783,USD,4856
FMCX,FM Focus Equity ETF,36.35,USD,36.35,USD,36.2305,USD,36.2305,USD,180
AMID,Argent Mid Cap ETF,36.52,USD,36.52,USD,36.309,USD,36.309,USD,3362
HGRO,Hedgeye Quality Growth ETF,30.3116,USD,30.5399,USD,30.1501,USD,30.1501,USD,97015
CHPX,Global X AI Semiconductor & Quantum ETF,101.96,USD,101.96,USD,100.83,USD,101.09,USD,20223
KCCA,KraneShares California Carbon Allowance Strategy ETF,16.7,USD,16.78,USD,16.66,USD,16.68,USD,9383
AGRW,Allspring LT Large Growth ETF,33.0012,USD,33.0012,USD,33.0012,USD,33.0012,USD,42
UPGD,Invesco Bloomberg Analyst Rating Improvers ETF,80.74,USD,80.74,USD,79.9204,USD,79.9204,USD,1113
PCPI,PIMCO Inflation PLUS Active Exchange-Traded Fund,50.17,USD,50.18,USD,50.145,USD,50.155,USD,189988
PFFR,InfraCap REIT Preferred ETF,16.84,USD,16.85,USD,16.6642,USD,16.8,USD,61802
ACSI,American Customer Satisfaction ETF,75.51,USD,75.51,USD,75.0456,USD,75.0456,USD,778
ATTR,Arin Tactical Tail Risk ETF,96.14,USD,96.14,USD,95.9499,USD,95.9499,USD,8042
PBD,Invesco Global Clean Energy ETF,16.92,USD,16.96,USD,16.79,USD,16.79,USD,14390
ILS,Brookmont Catastrophic Bond ETF,20.13,USD,20.16,USD,20.11,USD,20.16,USD,188262
STXT,Strive Total Return Bond ETF,19.03,USD,19.03,USD,18.931,USD,18.95,USD,23787
PQDI,Principal Spectrum Preferred and Income ETF,18.73,USD,18.73,USD,18.674,USD,18.674,USD,1460
GIAX,Nicholas Global Equity and Income ETF,16.15,USD,16.3299,USD,16.11,USD,16.12,USD,68464
CVMC,Calvert US Mid-Cap Core Responsible Index ETF,73.3208,USD,73.3208,USD,72.995,USD,72.995,USD,1101
AIEQ,Amplify AI Powered Equity ETF,49.4401,USD,49.4781,USD,49.1254,USD,49.1254,USD,991
CPTL,Global X Morningstar Capital Allocation Leaders ETF,48.75,USD,48.75,USD,48.5463,USD,48.5463,USD,1345
BATT,Amplify Lithium & Battery Technology ETF,14.57,USD,14.58,USD,14.3,USD,14.3,USD,21622
MJ,ETFMG Alternative Harvest ETF,26.06,USD,26.43,USD,24.465,USD,24.82,USD,81788
TSMY,YieldMax TSM Option Income Strategy ETF,15.83,USD,15.88,USD,15.7525,USD,15.81,USD,81587
NUHY,Nuveen ESG High Yield Corporate Bond ETF,20.52,USD,20.54,USD,20.43,USD,20.43,USD,55778
LVDS,JPMorgan Fundamental Data Science Large Value ETF,58.89,USD,58.89,USD,58.37,USD,58.4362,USD,2952
JOYT,JPMorgan Equity and Options Total Return ETF,59.51,USD,59.66,USD,59.2996,USD,59.2996,USD,4471
BILT,iShares Infrastructure Active ETF,26.05,USD,26.05,USD,25.8902,USD,25.8902,USD,20114
USAI,Pacer American Energy Infrastructure ETF,43.83,USD,43.83,USD,43.37,USD,43.37,USD,8163
CGFS,CG Flagship Equity ETF,25.1384,USD,25.1384,USD,25.1384,USD,25.1384,USD,22
DBEM,Xtrackers MSCI Emerging Markets Hedged Equity ETF,39.11,USD,39.31,USD,39.1,USD,39.14,USD,3127
FVC,First Trust Dorsey Wright Dynamic Focus 5 ETF,42.565,USD,42.65,USD,42.4197,USD,42.4197,USD,1027
KURE,KraneShares MSCI All China Health Care Index ETF,19.5,USD,19.5,USD,19.19,USD,19.25,USD,58407
VABS,Virtus Newfleet ABS/MBS ETF,23.825,USD,23.83,USD,23.7,USD,23.71,USD,22976
IQHI,IQ MacKay ESG High Income ETF,25.0406,USD,25.0406,USD,25.0406,USD,25.0406,USD,17
ACGO,Hartford Alpha Capture Growth ETF,38.9714,USD,38.9714,USD,38.9714,USD,38.9714,USD,155
FDIF,Fidelity Disruptors ETF,41.9,USD,41.9,USD,41.7141,USD,41.7141,USD,914
BKEM,BNY Mellon Emerging Markets Equity ETF,30.605,USD,30.605,USD,30.3,USD,30.35,USD,9985
IQDY,Northern Trust International Quality Dividend Dynamic ETF,42.3,USD,42.3,USD,41.99,USD,42.0287,USD,12940
TLCI,Touchstone International Equity ETF,26.56,USD,26.56,USD,26.3305,USD,26.3305,USD,5011
AOTG,AOT Growth and Innovation ETF,67.62,USD,67.7,USD,67.315,USD,67.3616,USD,12265
LAZR,Tema Photonics & Optical ETF,45,USD,45.28,USD,44.03,USD,44.46,USD,62182
HYGW,iShares High Yield Corporate Bond BuyWrite Strategy ETF,28.33,USD,28.38,USD,28.24,USD,28.2663,USD,26758
FLLA,Franklin FTSE Latin America ETF,27.46,USD,27.51,USD,27.31,USD,27.37,USD,14595
ROAM,Hartford Multifactor Emerging Markets ETF,35.63,USD,35.63,USD,35.435,USD,35.55,USD,4286
KDEF,PLUS Korea Defense Industry Index ETF,42.05,USD,42.14,USD,41.36,USD,41.39,USD,6986
DYTA,SGI Dynamic Tactical ETF,31.7,USD,31.739,USD,31.6268,USD,31.6268,USD,2527
IDYN,iShares International Equity Factor Rotation Active ETF,30.45,USD,30.54,USD,30.3654,USD,30.3879,USD,302418
IBBQ,Invesco Nasdaq Biotechnology ETF,35.255,USD,35.5,USD,35.11,USD,35.14,USD,26322
NBSM,Neuberger Small-Mid Cap ETF,27.48,USD,27.515,USD,27.28,USD,27.28,USD,14110
DMX,DoubleLine Multi-Sector Income ETF,49.16,USD,49.16,USD,49.02,USD,49.0392,USD,5041
TLG,Touchstone Large Company Growth ETF,28.08,USD,28.16,USD,27.9769,USD,27.9769,USD,1807
IGLUF,ISHARES II PLC,5.1449,USD,5.1449,USD,5.1449,USD,5.1449,USD,2925
ITEQ,Amplify BlueStar Israel Technology ETF,62.2665,USD,62.309,USD,62.0418,USD,62.0418,USD,1835
OVLH,Overlay Shares Hedged Large Cap Equity ETF,42.26,USD,42.39,USD,42.1481,USD,42.1481,USD,9012
HDUS,Hartford Disciplined US Equity ETF,73.35,USD,73.35,USD,72.54,USD,72.54,USD,8227
LODI,AAM SLC Low Duration Income ETF,24.8799,USD,24.91,USD,24.865,USD,24.88,USD,14882
AVOS,Avos Global Equities ETF,26.86,USD,26.86,USD,26.7163,USD,26.7163,USD,1578
FLEE,Franklin FTSE Europe ETF,38.27,USD,38.27,USD,37.9011,USD,37.91,USD,158659
LCLG,Logan Capital Large Cap Growth ETF,70.57,USD,70.57,USD,70.1573,USD,70.1573,USD,445
AAAP,Pacer Barings CLO Market Flex ETF,25.37,USD,25.37,USD,25.33,USD,25.33,USD,243
TMFM,Motley Fool Mid-Cap Growth ETF,21.06,USD,21.132251,USD,21,USD,21,USD,4812
WEEI,Westwood Salient Enhanced Energy Income ETF,24.37,USD,24.37,USD,24.12,USD,24.1947,USD,19583
FTPA,Franklin Pennsylvania Municipal Income ETF,8.1,USD,8.14,USD,8.09,USD,8.1,USD,178118
GENT,Genter Capital Taxable Quality Intermediate ETF,9.91,USD,9.92,USD,9.89,USD,9.9,USD,37893
NUAG,Nuveen Enhanced Yield U.S. Aggregate Bond ETF,20.02,USD,20.02,USD,19.99,USD,20.02,USD,62792
HYSD,Columbia Short Duration High Yield ETF,19.605,USD,19.63,USD,19.575,USD,19.575,USD,1430
KAMO,Kensington Credit Opportunities ETF,23.92,USD,23.92,USD,23.87,USD,23.8843,USD,24511
MID,American Century Mid Cap Growth Impact ETF,69.94,USD,70.07,USD,69.5,USD,69.5,USD,2101
GINX,SGI Enhanced Global Income ETF,35.61,USD,35.61,USD,35.4056,USD,35.4056,USD,10856
MFSM,MFS Active Intermediate Muni Bond ETF,23.44,USD,23.525,USD,23.34,USD,23.51,USD,106134
AAAC,Columbia AAA CLO ETF,20.09,USD,20.12,USD,20.09,USD,20.12,USD,400303
OWNS,Quaker Investment Trust CCM Affordable Housing MBS ETF,16.37,USD,16.37,USD,16.21,USD,16.28,USD,54317
BUZZ,VanEck Social Sentiment ETF,38.76,USD,38.875,USD,38.38,USD,38.41,USD,39439
FDCF,Fidelity Disruptive Communications ETF,51.41,USD,51.91,USD,51.32,USD,51.3467,USD,6847
GNOM,Global X Genomics & Biotechnology ETF,70.35,USD,71.095,USD,70.34,USD,70.48,USD,16096
RIET,Hoya Capital High Dividend Yield ETF,8.6,USD,8.622,USD,8.52,USD,8.53,USD,70334
INDS,Pacer Industrial Real Estate ETF,37.88,USD,37.88,USD,37.3668,USD,37.3668,USD,13403
LFGY,YieldMax Crypto Industry & Tech Portfolio Option Income ETF,19.52,USD,19.52,USD,18.99,USD,19,USD,26535
IBOT,VanEck Robotics ETF,64.89,USD,65.0025,USD,64.57,USD,64.57,USD,9284
WDTRF,WISDOMTREE ISSUER ICAV WISDOMTREE JPN EQTY UCITS ETF USD ACC HG,72.6564,USD,72.6564,USD,72.6564,USD,72.6564,USD,642
XV,Simplify Target 15 Distribution ETF,24.08,USD,24.23,USD,24.0551,USD,24.1,USD,46905
ASEA,Global X FTSE Southeast Asia ETF,21.11,USD,21.11,USD,20.96,USD,20.96,USD,9502
PSCE,Invesco S&P SmallCap Energy ETF,57.49,USD,58.122,USD,57.28,USD,57.64,USD,15493
WTIPF,WISDOMTREE ISSUER ICAV WISDOMTREE US EQTY INC UCITS ETF USD ACC,38.4607,USD,38.4607,USD,38.4607,USD,38.4607,USD,540
SPDV,AAM S&P 500 High Dividend Value ETF,39.24,USD,39.24,USD,38.837,USD,38.837,USD,4833
TISC,Thrivent International Small Cap ETF,23.6465,USD,23.6465,USD,23.6465,USD,23.6465,USD,35
SPD,Simplify US Equity PLUS Downside Convexity ETF,41.9,USD,41.97,USD,41.51,USD,41.51,USD,2882
PBSC,Pacer Barings Secured Credit Flex ETF,24.82,USD,24.834,USD,24.82,USD,24.834,USD,613
TRSY,Xtrackers US 0-1 Year Treasury ETF,30.2,USD,30.2,USD,30.19,USD,30.195,USD,2008
NFTY,First Trust India Nifty 50 Equal Weight ETF,51.05,USD,51.05,USD,50.85,USD,50.995,USD,2084
CHIQ,Global X MSCI China Consumer Discretionary ETF,15.84,USD,15.92,USD,15.77,USD,15.77,USD,7064
HERD,Pacer Cash Cows Fund of Funds ETF,49.18,USD,49.21,USD,48.8606,USD,48.8606,USD,3414
CCOM,Simplify Chinese Commodities Strategy No K-1 ETF,23.91,USD,23.91,USD,23.91,USD,23.91,USD,26
ACEP,ARS Core Equity Portfolio ETF,19.94,USD,19.94,USD,19.8338,USD,19.8338,USD,6273
BMVP,Invesco Bloomberg MVP Multi-factor ETF,52.06,USD,52.085,USD,51.7611,USD,51.7611,USD,1408
EDGU,3EDGE Dynamic US Equity ETF,31.625,USD,31.64,USD,31.4602,USD,31.4602,USD,12203
AFK,VanEck Africa Index ETF,27.75,USD,27.75,USD,27.3,USD,27.53,USD,10967
BCLO,iShares BBB-B CLO Active ETF,50.03,USD,50.06,USD,50.01,USD,50.02,USD,38508
INEQ,Columbia International Equity Income ETF,39.959,USD,40,USD,39.65,USD,39.6625,USD,6447
JHHY,John Hancock High Yield ETF,24.79,USD,24.79,USD,24.6696,USD,24.68,USD,996970
ABLD,Abacus FCF Real Assets Leaders ETF,30.81,USD,30.83,USD,30.355,USD,30.5375,USD,9471
WSDDF,WISDOMTREE ISSUER ICAV WSDMTR US QLTY DIV GTH UCITS ETF USD DIS,50.0891,USD,50.0891,USD,50.0891,USD,50.0891,USD,1269
BLDX,Impax Global Sustainable Infrastructure ETF,24.73,USD,24.73,USD,24.5044,USD,24.5044,USD,2082
HYSA,BondBloxx High Yield Income ETF,14.44,USD,14.46,USD,14.37,USD,14.37,USD,157551
AGGA,EA Astoria Beacon Dynamic Core US Fixed Income ETF,24.41,USD,24.42,USD,24.3721,USD,24.3721,USD,25903
GSJY,Goldman Sachs ActiveBeta Japan Equity ETF,56.2414,USD,56.34,USD,55.609,USD,55.609,USD,6530
HAWG,HCM Hedged Equity ETF,30.66,USD,30.66,USD,30.3918,USD,30.3918,USD,24467
NBFC,Neuberger Flexible Credit Income ETF,49.35,USD,49.36,USD,49.28,USD,49.28,USD,83259
ACES,ALPS Clean Energy ETF,27.87,USD,27.87,USD,27.62,USD,27.65,USD,4488
WTBN,WisdomTree Bianco Total Return Fund,23.978,USD,24.04,USD,23.91,USD,23.9476,USD,9295
DALI,First Trust Dorsey Wright DALI Equity ETF,28.46,USD,28.46,USD,28.2654,USD,28.2654,USD,12741
INTM,Invesco Intermediate Municipal ETF,48.6701,USD,49.179,USD,48.6701,USD,49.07,USD,1398
MGOV,First Trust Intermediate Government Opportunities ETF,19.14,USD,19.14,USD,18.94,USD,19.03,USD,25112
HISF,First Trust High Income Strategic Focus ETF,42.45,USD,42.45,USD,42.27,USD,42.28,USD,4319
MAGY,Roundhill Magnificent Seven Covered Call ETF,42.87,USD,43.32,USD,42.7824,USD,42.9,USD,23236
GMOV,GMO US Value ETF,31.78,USD,31.78,USD,31.5465,USD,31.5465,USD,2874
PAB,PGIM Active Aggregate Bond ETF,40.29,USD,40.29,USD,40.105,USD,40.1489,USD,12369
NCLD,Roundhill Neocloud ETF,24.36,USD,24.6,USD,23.52,USD,23.5444,USD,344703
XDIV,Roundhill S&P 500 No Dividend Target ETF,31.39,USD,31.41,USD,31.17,USD,31.21,USD,30631
FFND,One Global ETF,32.18,USD,32.219,USD,32.0742,USD,32.0742,USD,15086
GAIUF,GLOBAL X ARTIFICIAL INTELLIGENCE UCITS ETF,29.3997,USD,29.3997,USD,29.3997,USD,29.3997,USD,520
EMCB,WisdomTree Emerging Markets Corporate Bond Fund,64.325,USD,64.325,USD,63.81,USD,63.8898,USD,6832
HYDR,Global X Hydrogen ETF,44.95,USD,44.95,USD,43.9161,USD,44.18,USD,18922
FCVT,First Trust SSI Strategic Convertible Securities ETF,49.22,USD,49.2599,USD,48.87,USD,49.0207,USD,4597
SSGMF,SSGA SPDR ETFS EUROPE II PLC,86.1773,USD,86.1773,USD,86.1773,USD,86.1773,USD,6008
IMVP,Invesco India ETF,18.64,USD,18.7,USD,18.64,USD,18.65,USD,28629
EVX,VanEck Environmental Services ETF,38.84,USD,38.89,USD,38.6,USD,38.66,USD,22533
JPMB,JPMorgan USD Emerging Markets Sovereign Bond ETF,38.27,USD,38.27,USD,38.02,USD,38.06,USD,9227
EXUS,Nomura Focused International Core ETF,28.15,USD,28.16,USD,28.0122,USD,28.0122,USD,3078
OASC,OneAscent Enhanced Small and Mid Cap ETF,34.16,USD,34.16,USD,33.89,USD,33.89,USD,11111
FITZ,Fitz-Gerald Must Have Portfolio ETF,25.91,USD,25.9399,USD,25.72,USD,25.72,USD,25786
PIFI,ClearShares Piton Intermediate Fixed Income ETF,90.87,USD,90.94,USD,90.67,USD,90.7183,USD,9800
JHCB,John Hancock Corporate Bond ETF,20.07,USD,20.07,USD,19.98,USD,20.0214,USD,18285
CNXT,VanEck ChiNext Innovators ETF,45.2,USD,45.2,USD,44.9,USD,45.05,USD,45987
RCGE,RockCreek Global Equality ETF,29.1125,USD,29.1125,USD,29.1125,USD,29.1125,USD,8
VCHY,Vanguard U.S. High-Yield Corporate Bond Index ETF,73.04,USD,73.08,USD,72.7908,USD,72.7908,USD,25852
QUIZ,Zacks Quality International ETF,28.9699,USD,28.97,USD,28.7213,USD,28.7213,USD,9878
BAMD,Brookstone Dividend Stock ETF,32.435,USD,32.435,USD,32.15,USD,32.15,USD,15040
BNDS,Infrastructure Capital Bond Income ETF,48.92,USD,49.02,USD,48.79,USD,48.8064,USD,27820
LDRC,iShares iBonds 1-5 Year Corporate Ladder ETF,24.64,USD,24.679,USD,24.62,USD,24.6351,USD,16686
DIEM,Franklin Emerging Market Core Dividend Tilt Index ETF,42.95,USD,42.97,USD,42.7,USD,42.7513,USD,7684
VCOB,Voya Core Bond ETF,47.3124,USD,47.3124,USD,47.3124,USD,47.3124,USD,224
GOP,Subversive Congressional Republicans Trading ETF,44.75,USD,44.75,USD,44.51,USD,44.52,USD,5606
VUSV,Vanguard Wellington U.S. Value Active ETF,69.19,USD,69.24,USD,68.63,USD,68.63,USD,10660
GISC,Guggenheim Securitized Income ETF,49.52,USD,49.52,USD,49.41,USD,49.47,USD,8662
FGM,First Trust Germany AlphaDEX Fund,59.26,USD,59.26,USD,59.1861,USD,59.1861,USD,849
IMKXF,Invesco Markets II plc,13.4686,USD,13.4686,USD,13.4686,USD,13.4686,USD,29743
MAVF,Matrix Advisors Value ETF,137.7432,USD,137.7432,USD,137.7432,USD,137.7432,USD,73
JMMF,JPMorgan 100% U.S. Treasury Securities Money Market ETF,100.16,USD,100.19,USD,100.1001,USD,100.19,USD,2699
NORW,Global X MSCI Norway ETF,35.76,USD,35.8243,USD,35.36,USD,35.36,USD,13184
LOEV,Harding Loevner International Developed Markets Select Equity ETF,15.95,USD,15.95,USD,15.86,USD,15.86,USD,1451
NATO,Themes Transatlantic Defense ETF,37.32,USD,37.32,USD,36.7,USD,36.7855,USD,27371
IBIK,iShares iBonds Oct 2034 Term TIPS ETF,24.21,USD,24.2128,USD,24.105,USD,24.15,USD,9876
PRXG,Praxis Impact Large Cap Growth ETF,41.1,USD,41.155,USD,40.8363,USD,40.8363,USD,5368
PRMR,PeakShares RMR Prime Equity ETF,28.72,USD,28.77,USD,28.59,USD,28.5949,USD,12650
HUMN,Roundhill Humanoid Robotics ETF,29.07,USD,29.21,USD,28.98,USD,29.0175,USD,47727
ZUSFF,BMO ASSET MANAGEMENT INC,46.81,USD,46.81,USD,46.81,USD,46.81,USD,420
AFGR,First Trust Multi-Manager Large Growth ETF,38.17,USD,38.235,USD,37.9303,USD,37.9303,USD,4583
FRNW,Fidelity Clean Energy ETF,21.26,USD,21.3,USD,21.08,USD,21.08,USD,24132
KLIP,KraneShares KWEB Covered Call Strategy ETF,22.04,USD,22.06,USD,21.81,USD,21.81,USD,34647
DWAW,AdvisorShares Dorsey Wright FSM All Cap World ETF,49.84,USD,49.86,USD,49.84,USD,49.86,USD,115
BCIL,Bancreek International Large Cap ETF,29.11,USD,29.14,USD,28.8407,USD,28.8407,USD,2388
WSEMF,WISDOMTREE ISSUER ICAV WISDOMTR EMG MKTS HIGH DIV UCT ETF ACC,38.8217,USD,38.8217,USD,38.8217,USD,38.8217,USD,567
STNC,Hennessy Sustainable ETF,35.65,USD,35.65,USD,35.3888,USD,35.3888,USD,625
PRXV,Praxis Impact Large Cap Value ETF,34.9,USD,34.93,USD,34.63,USD,34.63,USD,12967
FCUS,Pinnacle Focused Opportunities ETF,42.4,USD,42.54,USD,42.13,USD,42.2929,USD,8093
FIMU,Fidelity Intermediate Municipal Income ETF,18.97,USD,19.24,USD,18.97,USD,18.975,USD,77539
AGNG,Global X Aging Population ETF,36.76,USD,36.76,USD,36.507,USD,36.6113,USD,4058
PCLG,Polen Focus Growth ETF,22.772,USD,22.772,USD,22.772,USD,22.772,USD,20
EGGQ,NestYield Visionary ETF,54.93,USD,54.93,USD,54.32,USD,54.4208,USD,4882
IQM,Franklin Intelligent Machines ETF,111.22,USD,111.22,USD,110.655,USD,110.73,USD,2750
CVSM,CresAlta Small and Mid-Cap ETF,24.69,USD,24.69,USD,24.57,USD,24.59,USD,3105
XB,BondBloxx B-Rated USD High Yield Corporate Bond ETF,38.16,USD,38.16,USD,38.03,USD,38.0389,USD,5034
DISK,Tema Memory ETF,39.05,USD,39.115,USD,38.545,USD,38.86,USD,62607
GLIN,VanEck India Growth Leaders ETF,42.97,USD,42.9837,USD,42.83,USD,42.9837,USD,18432
OAKI,Oakmark International Large Cap ETF,25.925,USD,25.925,USD,25.66,USD,25.6601,USD,6864
MILN,Global X Millennial Consumer ETF,42.49,USD,42.575,USD,42.3187,USD,42.3187,USD,7038
IBIH,iShares iBonds Oct 2031 Term TIPS ETF,25.05,USD,25.05,USD,24.97,USD,25.01,USD,75571
BZWHF,BMO ASSET MANAGEMENT INC,25.6,USD,25.6,USD,25.6,USD,25.6,USD,102
PFOE,Pathfinder Focused Opportunities ETF,22.055,USD,22.08,USD,21.93,USD,21.9368,USD,3733
IWMY,Defiance R2000 Weekly Distribution ETF,17.28,USD,17.28,USD,17.16,USD,17.16,USD,66851
SPXE,ProShares S&P 500 Ex-Energy ETF,82.521,USD,82.59,USD,82.1409,USD,82.1409,USD,1010
MBSD,Northern Trust Disciplined Duration MBS ETF,19.89,USD,19.89,USD,19.815,USD,19.8754,USD,10507
FTCE,First Trust New Constructs Core Earnings Leaders ETF,27.19,USD,27.19,USD,26.96,USD,26.96,USD,6387
MSFO,YieldMax MSFT Option Income Strategy ETF,12.22,USD,12.41,USD,12.22,USD,12.32,USD,48470
SOCL,Global X Social Media ETF,43.52,USD,43.905,USD,43.29,USD,43.29,USD,2917
ISDBF,ISHARES IBONDS DEC 2029 TERM CORP UCITS ETF,5.0637,USD,5.0637,USD,5.0637,USD,5.0637,USD,1400
QXQ,SGI Enhanced Nasdaq-100 ETF,33.06,USD,33.13,USD,32.9,USD,32.9307,USD,7666
JPY,Lazard Japanese Equity ETF,39.29,USD,39.29,USD,39.2169,USD,39.2169,USD,696
VAMO,Cambria Value and Momentum ETF,35.07,USD,35.1,USD,34.8366,USD,34.8366,USD,6328
MMCA,NYLIM MacKay California Muni Intermediate ETF,20.54,USD,20.54,USD,20.465,USD,20.475,USD,38835
PTBD,Pacer Trendpilot US Bond ETF,18.42,USD,18.42,USD,18.36,USD,18.36,USD,36070
PBJ,Invesco Food & Beverage ETF,45.3,USD,45.3,USD,44.782,USD,44.782,USD,4202
HIS,Humilis US Focused Opportunities ETF,26.28,USD,26.365,USD,26.1698,USD,26.1698,USD,343008
IBLC,iShares Blockchain and Tech ETF,47.46,USD,47.46,USD,45.6882,USD,45.6882,USD,2786
AIMS,Acuitas Small Cap Active ETF,27.11,USD,27.13,USD,27.0483,USD,27.0483,USD,2816
PGJ,Invesco Golden Dragon China ETF,21.82,USD,22.1,USD,21.82,USD,21.94,USD,54973
QABA,First Trust NASDAQ ABA Community Bank Index Fund,64.75,USD,64.75,USD,63.95,USD,64.2067,USD,2272
BKSE,BNY Mellon US Small Cap Core Equity ETF,41.84,USD,41.88,USD,41.53,USD,41.54,USD,2619
ALTL,Pacer Lunt Large Cap Alternator ETF,44.040302,USD,44.040302,USD,43.7002,USD,43.7002,USD,14460
NUMI,Nuveen Municipal Income ETF,23.579,USD,23.66,USD,23.37,USD,23.42,USD,55424
HBDC,Hilton BDC Corporate Bond ETF,24.34,USD,24.34,USD,24.18,USD,24.2413,USD,1261
HECO,State Street Galaxy Hedged Digital Asset Ecosystem ETF,63.8079,USD,63.8079,USD,63.8079,USD,63.8079,USD,110
RDFI,Rareview Dynamic Fixed Income ETF,21.5501,USD,21.75188,USD,21.5501,USD,21.6761,USD,3912
SOVF,Sovereign's Capital Flourish Fund,29.85,USD,29.85,USD,29.7428,USD,29.7428,USD,2585
AFEM,First Trust Active Factor Emerging Markets ETF,98.39,USD,98.407,USD,97.85,USD,97.9518,USD,3379
FLCE,Frontier Asset U.S. Large Cap Equity ETF,31.7501,USD,31.79,USD,31.58,USD,31.58,USD,5587
DYNB,Hartford Dynamic Bond ETF,37.7599,USD,37.7599,USD,37.62,USD,37.6666,USD,38441
RSPR,Invesco S&P 500 Equal Weight Real Estate ETF,33.35,USD,33.35,USD,33.1458,USD,33.2445,USD,24784
STBF,Performance Trust Short Term Bond ETF,24.92,USD,24.92,USD,24.8699,USD,24.87,USD,121509
YALL,God Bless America ETF,42.39,USD,42.45,USD,42.07,USD,42.07,USD,19622
TSEL,Touchstone Sands Capital US Select Growth ETF,29.87,USD,29.87,USD,29.6665,USD,29.6665,USD,2217
FLSW,Franklin FTSE Switzerland ETF,41.26,USD,41.26,USD,40.75,USD,40.7783,USD,16159
REXC,Sprott Rare Earths Ex-China ETF,15.85,USD,16.11,USD,15.735,USD,15.7547,USD,86400
SPYC,Simplify US Equity PLUS Convexity ETF,45.97,USD,46.0914,USD,45.5383,USD,45.5383,USD,4476
MMSD,NYLIM MacKay Muni Short Duration ETF,24.63,USD,24.73,USD,24.63,USD,24.73,USD,17132
FEDM,Northern Trust ESG & Climate Developed Markets ex-US Core ETF,63.714,USD,63.714,USD,63.714,USD,63.714,USD,171
WDEF,WisdomTree Europe Defense Fund,28.01,USD,28.1099,USD,27.9562,USD,27.9562,USD,16242
METL,Sprott Active Metals & Miners ETF,25.92,USD,25.9473,USD,25.4737,USD,25.4737,USD,7228
IBHK,iShares iBonds 2031 Term High Yield and Income ETF,24.79,USD,24.81,USD,24.59,USD,24.65,USD,50129
BRIB,FIS Bright Portfolios Core Bond ETF,24.0541,USD,24.0948,USD,24.0541,USD,24.0948,USD,10744
BMLWF,BMO ASSET MANAGEMENT INC LOW VOLATILITY US EQUITY ETF,45.1,USD,45.1,USD,45.1,USD,45.1,USD,316
TIPZ,PIMCO Broad U.S. TIPS Index Exchange-Traded Fund,49.69,USD,49.69,USD,49.51,USD,49.57,USD,12473
FLMX,Franklin FTSE Mexico ETF,35.2,USD,35.215,USD,34.45,USD,34.6,USD,27719
FLXN,Horizon Flexible Income ETF,24.14,USD,24.14,USD,24.02,USD,24.02,USD,9312
CNBS,Amplify Seymour Cannabis ETF,27.52,USD,27.52,USD,25.61,USD,26.1317,USD,38464
SPXN,ProShares S&P 500 Ex-Financials ETF,84.86,USD,84.94,USD,84.5011,USD,84.5011,USD,846
TAXT,Northern Trust Tax-Exempt Bond ETF,48.88,USD,49.11,USD,48.88,USD,48.9954,USD,156590
FINT,Frontier Asset Total International Equity ETF,36.27,USD,36.295,USD,36.03,USD,36.0554,USD,2520
PMFXF,PIMCO ETFS PLC ADV US LOW DUR CORP BOND UCITS ETF USD,97.821,USD,97.821,USD,97.821,USD,97.821,USD,400
EIRL,iShares MSCI Ireland ETF,82.27,USD,82.3,USD,81.9818,USD,81.9818,USD,3240
RUSC,Russell Investments U.S. Small Cap Equity ETF,36.25,USD,36.34,USD,36.23,USD,36.232,USD,21784
STXK,Strive Small-Cap ETF,36.15,USD,36.15,USD,35.9524,USD,35.955,USD,5094
ICPY,"Tweedy, Browne International Insider + Value ETF",13.08,USD,13.08,USD,12.9842,USD,12.9842,USD,9678
RFDA,ALPS Dynamic US Dividend Advantage ETF,71.22,USD,71.24,USD,70.67,USD,70.67,USD,5908
SPWUF,SSGA SPDR ETFS EUROPE II PLC,66.5844,USD,66.5844,USD,66.576,USD,66.576,USD,21943
EINC,VanEck Energy Income ETF,112.585,USD,112.585,USD,112.3162,USD,112.3162,USD,1188
QTPI,North Square RCIM Tax-Advantaged Preferred and Income Securities ETF,24.76,USD,24.85,USD,24.7,USD,24.7903,USD,7210
PSL,Invesco Dorsey Wright Consumer Staples Momentum ETF,106.84,USD,107.14,USD,106.3621,USD,106.3621,USD,1922
QARP,Xtrackers Russell 1000 US Quality at a Reasonable Price ETF,66.7306,USD,66.7306,USD,66.7306,USD,66.7306,USD,411
ASCI,abrdn International Small Cap Active ETF,36.35,USD,36.63,USD,36.35,USD,36.4126,USD,3947
IFGL,iShares International Developed Real Estate ETF,20.84,USD,20.9,USD,20.67,USD,20.7249,USD,9628
GLOW,VictoryShares WestEnd Global Equity ETF,34.58,USD,34.6599,USD,34.42,USD,34.4327,USD,7498
STXV,Strive 1000 Value ETF,37.84,USD,37.84,USD,37.56,USD,37.59,USD,13006
AQLG,HCM Large Cap Growth ETF,25.9984,USD,25.9984,USD,25.9984,USD,25.9984,USD,8
HTEC,ROBO Global Healthcare Technology and Innovation ETF,44.365,USD,44.64,USD,44.33,USD,44.3638,USD,3769
REGS,Columbia Large Cap Growth ETF,11.55,USD,11.65,USD,11.55,USD,11.5725,USD,3754
XUDV,Franklin U.S. Dividend Booster Index ETF,31.75,USD,31.75,USD,31.4726,USD,31.4726,USD,8162
NACP,Impact Shares NAACP Minority Empowerment ETF,61.08,USD,61.23,USD,60.9702,USD,60.9702,USD,4203
AVNV,Avantis All International Markets Value ETF,84.5649,USD,84.5649,USD,84.5649,USD,84.5649,USD,313
FPFD,Fidelity Preferred Securities & Income ETF,20.54,USD,20.56,USD,20.48,USD,20.48,USD,20961
PAYR,Federated Hermes Enhanced Income ETF,53.05,USD,53.05,USD,52.0515,USD,52.0515,USD,13706
TMFE,Motley Fool Capital Efficiency 100 Index ETF,30.65,USD,30.7199,USD,30.46,USD,30.46,USD,13539
PRAY,FIS Biblically Responsible Risk Managed ETF,35.25,USD,35.25,USD,34.8004,USD,34.8004,USD,20305
SAGP,Strategas Global Policy Opportunities ETF,35.2,USD,35.2,USD,34.99,USD,34.9951,USD,1924
NULC,Nuveen ESG Large-Cap ETF,55.95,USD,55.98,USD,55.6,USD,55.61,USD,4620
DBEZ,Xtrackers MSCI Eurozone Hedged Equity ETF,62.41,USD,62.41,USD,61.8522,USD,61.8522,USD,3487
IBIC,iShares iBonds Oct 2026 Term TIPS ETF,25.7353,USD,25.76,USD,25.7353,USD,25.76,USD,6125
FTWO,Strive Natural Resources and Security ETF,44.6,USD,44.6,USD,44.191,USD,44.235,USD,5839
SASS,M.D. Sass Concentrated Value ETF,23.47,USD,23.47,USD,23.38,USD,23.38,USD,1252
JGRW,Jensen Quality Growth ETF,27.68,USD,27.68,USD,27.5096,USD,27.5096,USD,1718
HQDG,Raub Brock Dividend Growth ETF,24.73,USD,24.73,USD,24.5973,USD,24.5973,USD,114
XC,WisdomTree True Emerging Markets Fund,30.75,USD,30.75,USD,30.53,USD,30.5367,USD,11472
IBII,iShares iBonds Oct 2032 Term TIPS ETF,24.6,USD,24.6,USD,24.505,USD,24.55,USD,58624
SLJY,Amplify SILJ Junior Silver Miners Covered Call ETF,27.95,USD,28.12,USD,27.6,USD,27.67,USD,28909
SMOM,Symmetry Panoramic Sector Momentum ETF,29.03,USD,29.07,USD,28.85,USD,28.9055,USD,6391
GXPS,Global X PureCap MSCI Consumer Staples ETF,26.12,USD,26.12,USD,25.755,USD,25.78,USD,36177
DDIV,First Trust Dorsey Wright Momentum & Dividend ETF,44.57,USD,44.57,USD,43.9327,USD,43.9327,USD,2774
IBGA,iShares iBonds Dec 2044 Term Treasury ETF,22.284475,USD,22.284475,USD,22.284475,USD,22.284475,USD,130
WDTE,Defiance S&P 500 Weekly Distribution ETF,28.79,USD,29.1525,USD,28.72,USD,28.72,USD,16204
RWLC,Rayliant Wilshire NxtGen US Large Cap Equity ETF,38.67,USD,38.7449,USD,38.51,USD,38.518,USD,1725
GTR,WisdomTree Target Range Fund,27.5,USD,27.5,USD,27.3132,USD,27.3132,USD,616
RWEM,Rayliant Wilshire NxtGen Emerging Markets Equity ETF,35.96,USD,36.1,USD,33.72,USD,35.77,USD,7652
DVOL,First Trust Dorsey Wright Momentum & Low Volatility ETF,35.48,USD,35.48,USD,35.0756,USD,35.0756,USD,14688
NODE,VanEck Onchain Economy ETF,40.69,USD,40.73,USD,39.1064,USD,39.1064,USD,19396
NSIV,North Square Disciplined Value ETF,25.2526,USD,25.2526,USD,25.2526,USD,25.2526,USD,14
MNVT,Moonvest ETF,28.31,USD,28.31,USD,27.9322,USD,27.9322,USD,7086
DTEC,ALPS Disruptive Technologies ETF,51.21,USD,51.21,USD,50.77,USD,50.7778,USD,2637
OTAX,Optimal Tax Managed Equity ETF,50.06,USD,50.15,USD,49.9206,USD,50.05,USD,1244
KARS,KraneShares Electric Vehicles and Future Mobility Index ETF,27.69,USD,27.795,USD,27.69,USD,27.7545,USD,3380
MTGP,WisdomTree Mortgage Plus Bond Fund,42.0368,USD,42.08,USD,41.88,USD,41.96,USD,7723
FTOH,Franklin Ohio Municipal Income ETF,7.85,USD,7.92,USD,7.85,USD,7.87,USD,86657
EVHY,Eaton Vance High Yield ETF,50.65,USD,50.6501,USD,50.4316,USD,50.4316,USD,1321
IUHYF,iShares II plc.,103.5418,USD,103.5418,USD,103.5418,USD,103.5418,USD,1055
RSPE,Invesco ESG S&P 500 Equal Weight ETF,33.605,USD,33.7,USD,33.446,USD,33.446,USD,2008
FLEU,Franklin FTSE Eurozone ETF,35.06,USD,35.06,USD,34.7367,USD,34.7367,USD,417
DVYA,iShares Asia / Pacific Dividend 30 Index Fund Exchange Traded Fund,50.025,USD,50.2242,USD,49.8425,USD,49.8425,USD,3881
AAA,Alternative Access First Priority CLO Bond ETF,24.89,USD,24.94,USD,24.75,USD,24.7501,USD,5399
SOXY,YieldMax Target 12 Semiconductor Option Income ETF,97.46,USD,97.46,USD,96.0552,USD,96.7729,USD,8489
LCF,Touchstone US Large Cap Focused ETF,46.1,USD,46.11,USD,45.8656,USD,45.8656,USD,3483
USOY,Defiance Oil Enhanced Options Income ETF,7.2974,USD,7.2974,USD,7.2974,USD,7.2974,USD,3017
MOTI,VanEck Morningstar International Moat ETF,34.5922,USD,34.5922,USD,34.5922,USD,34.5922,USD,334
PCL,PGIM Corporate Bond 10+ Year ETF,45.2238,USD,45.2238,USD,45.2238,USD,45.2238,USD,12
SHAG,WisdomTree Yield Enhanced U.S. Short-Term Aggregate Bond Fund,46.37,USD,46.63,USD,46.35,USD,46.3649,USD,79176
XYLG,Global X S&P 500 Covered Call & Growth ETF,29.61,USD,29.69,USD,29.5217,USD,29.5217,USD,4823
DEMZ,Democratic Large Cap Core ETF,48.755,USD,48.755,USD,48.5352,USD,48.5352,USD,1808
DHLX,Diamond Hill Large Cap Concentrated ETF,13.41,USD,13.45,USD,13.355,USD,13.355,USD,26533
PZLV,Pzena U.S. Large Cap Value ETF,29.8445,USD,29.8445,USD,29.8445,USD,29.8445,USD,14
TRUC,VanEck Communication Services TruSector ETF,25.875,USD,26.1,USD,25.66,USD,25.7045,USD,2960
MVPA,Miller Value Partners Appreciation ETF,34.7,USD,34.7,USD,34.2633,USD,34.65,USD,519
FMCE,FM Compounders Equity ETF,28.51,USD,28.51,USD,28.4226,USD,28.4226,USD,186
RACK,VanEck Data Center Supply Chain ETF,49.6,USD,49.6,USD,48.83,USD,48.83,USD,66123
FFTY,CapForce IBD 50 ETF,35.14,USD,35.15,USD,34.8103,USD,34.8103,USD,1475
SPCT,Liberty One Spectrum ETF,26.69,USD,26.73,USD,26.46,USD,26.5056,USD,7161
DSTX,Distillate International Fundamental Stability & Value ETF,33.93,USD,33.93,USD,33.8251,USD,33.92,USD,940
MMKT,Texas Capital Government Money Market ETF,100.19,USD,100.2,USD,100.19,USD,100.195,USD,5838
VPX,Variant Perception Cycle Aware US Equity ETF,31.32,USD,31.38,USD,31.06,USD,31.06,USD,9479
LSAT,LeaderShares AlphaFactor Tactical Focused ETF,44.39,USD,44.39,USD,43.95,USD,43.95,USD,3525
SNOY,YieldMax SNOW Option Income Strategy ETF,11.2,USD,11.565,USD,11.2,USD,11.34,USD,108436
FFEM,Fidelity Fundamental Emerging Markets ETF,42.33,USD,42.33,USD,41.9,USD,41.9628,USD,12733
HTAX,Nomura National High-Yield Municipal Bond ETF,23.13,USD,23.13,USD,22.95,USD,23,USD,44285
CGGG,Capital Group U.S. Large Growth ETF,29.07,USD,29.07,USD,28.75,USD,28.75,USD,9551
XITK,State Street SPDR FactSet Innovative Technology ETF,199.3,USD,199.3,USD,199.1324,USD,199.1324,USD,446
KWT,iShares MSCI Kuwait ETF,36.49,USD,36.79,USD,36.49,USD,36.675,USD,1760
DMXU,Xtrackers Bloomberg Developed Markets ex US Equity ETF,36.94,USD,38.07,USD,36.94,USD,37.83,USD,28338
EUDG,WisdomTree Europe Quality Dividend Growth Fund,38.04,USD,38.04,USD,37.6246,USD,37.6246,USD,2958
DVAL,BrandywineGLOBAL-Dynamic US Large Cap Value ETF,15.78,USD,15.7801,USD,15.6994,USD,15.6994,USD,2548
BKF,iShares MSCI BIC ETF,38.85,USD,39.0707,USD,38.85,USD,38.91,USD,1890
STXD,Strive 1000 Dividend Growth ETF,38.87,USD,38.88,USD,38.59,USD,38.59,USD,6680
BOTT,Themes Humanoid Robotics ETF,42.25,USD,42.25,USD,41.66,USD,41.7261,USD,13723
IMPPF,Invesco Markets II plc,43.9029,USD,43.9029,USD,43.9029,USD,43.9029,USD,461
LQDI,iShares Inflation Hedged Corporate Bond ETF,24.82,USD,24.92,USD,24.82,USD,24.8442,USD,1082
ZDIS,Virtus Zevenbergen Discovery Growth ETF,59.95,USD,60.02,USD,59.6877,USD,59.6877,USD,4036
AVRY,Avory Foundational ETF,24.925,USD,24.97,USD,24.7825,USD,24.7825,USD,45463
BAMU,Brookstone Ultra-Short Bond ETF,25.21,USD,25.225,USD,25.21,USD,25.225,USD,3354
PSTR,PeakShares Sector Rotation ETF,31.34,USD,31.34,USD,31.1031,USD,31.1031,USD,3951
FCSH,Federated Hermes Short Duration Corporate ETF,23.61,USD,23.63,USD,23.574,USD,23.5901,USD,3891
BSMZ,Invesco BulletShares 2035 Municipal Bond ETF,23.42,USD,23.64,USD,23.4,USD,23.5325,USD,91488
ENZL,iShares MSCI New Zealand ETF,45.22,USD,45.22,USD,45.02,USD,45.075,USD,6814
KNGZ,First Trust S&P 500 Diversified Dividend Aristocrats ETF,40.77,USD,40.77,USD,40.5292,USD,40.5292,USD,1586
VBCA,Vanguard Target Maturity 2027 Corporate Bond ETF,75.45,USD,75.51,USD,75.435,USD,75.445,USD,5115
OVF,Overlay Shares Foreign Equity ETF,31.01,USD,31.15,USD,30.77,USD,30.77,USD,42607
AVGB,Avantis Credit ETF,49.625,USD,49.67,USD,49.58,USD,49.6197,USD,13512
CAMX,Cambiar Aggressive Value ETF,33.2686,USD,33.2686,USD,33.2686,USD,33.2686,USD,18
EPRF,Innovator S&P Investment Grade Preferred ETF,15.76,USD,15.76,USD,15.6599,USD,15.7079,USD,6066
PXI,Invesco Dorsey Wright Energy Momentum ETF,61.3301,USD,61.8299,USD,61.21,USD,61.21,USD,2731
XSHD,Invesco S&P SmallCap High Dividend Low Volatility ETF,13.03,USD,13.03,USD,12.85,USD,12.85,USD,26470
VBCC,Vanguard Target Maturity 2029 Corporate Bond ETF,74.13,USD,74.18,USD,74.04,USD,74.0652,USD,9149
SYZ,Lazard US Systematic Small Cap Equity ETF,29.1,USD,29.12,USD,28.99,USD,29.0038,USD,4588
PYZ,Invesco Dorsey Wright Basic Materials Momentum ETF,113.0973,USD,113.0973,USD,113.0973,USD,113.0973,USD,76
IWFG,IQ Winslow Focused Large Cap Growth ETF,56.13,USD,56.13,USD,55.859,USD,55.859,USD,131
KWIN,KraneShares Wahed Alternative Income Index ETF,25.899,USD,25.9,USD,25.8,USD,25.84,USD,15622
IBAT,iShares Energy Storage & Materials ETF,40.92,USD,40.94,USD,40.32,USD,40.4527,USD,6231
MAGG,Madison Aggregate Bond ETF,19.135,USD,19.135,USD,19.135,USD,19.135,USD,96
EGGS,NestYield Total Return Guard ETF,36.42,USD,36.5,USD,36.3,USD,36.4049,USD,10404
SEMG,Suncoast Select Growth ETF,27.75,USD,27.88,USD,27.665,USD,27.665,USD,1822
NSIG,North Square Growth Opportunities ETF,25.79,USD,25.81,USD,25.6299,USD,25.6299,USD,771
POW,VistaShares Electrification Supercycle ETF,26.14,USD,26.26,USD,26,USD,26,USD,17004
ECNS,iShares MSCI China Small-Cap ETF,27.97,USD,27.97,USD,27.72,USD,27.73,USD,2807
CSSD,Cohen & Steers Short Duration Preferred and Income Active ETF,24.59,USD,24.59,USD,24.51,USD,24.53,USD,13702
TRND,Pacer Trendpilot Fund of Funds ETF,36.75,USD,36.8835,USD,36.6878,USD,36.6878,USD,11125
LENS,Sarmaya Thematic ETF,43.23,USD,43.23,USD,42.8675,USD,42.8675,USD,17022
CEFA,Global X S&P Catholic Values Developed ex-U.S. ETF,40.6,USD,40.64,USD,40.2135,USD,40.2135,USD,38117
GRW,TCW Durable Growth ETF,31.04,USD,31.215,USD,30.75,USD,30.8647,USD,7455
IBIJ,iShares iBonds Oct 2033 Term TIPS ETF,24.48,USD,24.4873,USD,24.3888,USD,24.44,USD,18817
DYFI,IDX Dynamic Fixed Income ETF,22.2189,USD,22.22,USD,22.1901,USD,22.1904,USD,7967
ISEVF,ISHARES V PLC IBONDS DEC 2033 TERM CORP UCITS ETF,107.0936,USD,107.0936,USD,107.0936,USD,107.0936,USD,4100
SGRT,SMART Earnings Growth 30 ETF,34.24,USD,34.405,USD,34.2207,USD,34.2207,USD,10533
EFAD,ProShares MSCI EAFE Dividend Growers ETF,43.28,USD,43.28,USD,42.975,USD,42.975,USD,2364
PHDG,Invesco S&P 500 Downside Hedged ETF,41.47,USD,41.53,USD,41.13,USD,41.2831,USD,4296
WSGE,Warren Street Global Equity ETF,28.29,USD,28.29,USD,28.1768,USD,28.1768,USD,497
PIPE,Invesco SteelPath MLP & Energy Infrastructure ETF,28.6,USD,28.62,USD,28.325,USD,28.325,USD,3842
RAUS,RACWI US ETF,30.225,USD,30.233,USD,30.0017,USD,30.0017,USD,2194
EFAS,Global X MSCI SuperDividend EAFE ETF,21.97,USD,22.02,USD,21.7724,USD,21.7724,USD,15128
PJIO,PGIM Jennison Focused International Equity ETF,62.723,USD,62.723,USD,62.723,USD,62.723,USD,274
HERO,Global X Video Games & Esports ETF,26.77,USD,27.045,USD,26.77,USD,26.8277,USD,2703
EQLCF,INVESCO CANADA LTD CI INVESCO S&P 500 EQUAL WEIGHT INDEX,31.85,USD,31.85,USD,31.85,USD,31.85,USD,212
HYDW,Xtrackers Low Beta High Yield Bond ETF,45.7836,USD,45.7836,USD,45.61,USD,45.62,USD,2987
GUMI,Goldman Sachs Ultra Short Municipal Income ETF,50.145,USD,50.21,USD,50.14,USD,50.18,USD,45273
CLOC,AAM Crescent CLO ETF,25.03,USD,25.03,USD,25.01,USD,25.01,USD,6265
SXQG,ETC 6 Meridian Quality Growth ETF,33.77,USD,33.82,USD,33.5689,USD,33.5689,USD,7251
KOOL,North Shore Equity Rotation ETF,14.5407,USD,14.5407,USD,14.5407,USD,14.5407,USD,279
RTRE,Rareview Total Return Bond ETF,23.62,USD,23.62,USD,23.6,USD,23.6,USD,1281
VNKAF,VANECK UCITS ETFS PLC VNCK EMG MKT HI YLD BD UCT ETF A USD ACC,139.5898,USD,139.5898,USD,139.5898,USD,139.5898,USD,145
PRNT,3D Printing (The) ETF,24.88,USD,24.965,USD,24.8011,USD,24.8011,USD,2740
AIVI,WisdomTree International AI Enhanced Value Fund,58.335,USD,58.39,USD,57.795,USD,57.8022,USD,2403
WCAP,WarCap Unconstrained Equity ETF,9.28,USD,9.29,USD,9.1988,USD,9.1988,USD,2020
EMCR,Xtrackers Emerging Markets Carbon Reduction and Climate Improvers ETF,43.61,USD,43.61,USD,43.1,USD,43.1242,USD,1716
QEMM,State Street SPDR MSCI Emerging Markets StrategicFactors ETF,80.8,USD,80.96,USD,80.24,USD,80.3191,USD,4186
GEEQ,Guggenheim Enhanced Equity Income ETF,47.0731,USD,47.0731,USD,47.0731,USD,47.0731,USD,12
AHYB,American Century Select High Yield ETF,44.93,USD,44.93,USD,44.7652,USD,44.7652,USD,1465
GCLO,Guggenheim Investment Grade CLO ETF,50.31,USD,50.31,USD,50.26,USD,50.26,USD,1476
GURU,Global X Guru Index ETF,67.96,USD,67.96,USD,67.7144,USD,67.7144,USD,384
FHYS,Federated Hermes Short Duration High Yield ETF,22.51,USD,22.515,USD,22.45,USD,22.45,USD,33594
OVT,Overlay Shares Short Term Bond ETF,21.27,USD,21.28,USD,21.1993,USD,21.1993,USD,16148
DIVP,Cullen Enhanced Equity Income ETF,26.13,USD,26.18,USD,26.01,USD,26.0251,USD,8666
TAFL,AB Tax-Aware Long Municipal ETF,23.33,USD,23.77,USD,23.325,USD,23.3822,USD,161329
VBCD,Vanguard Target Maturity 2030 Corporate Bond ETF,73.0382,USD,73.0382,USD,73.0382,USD,73.0382,USD,4
DIVL,Madison Dividend Value ETF,24.3339,USD,24.3339,USD,24.3339,USD,24.3339,USD,134
EASY,Liberty One Defensive Dividend Growth ETF,25.9,USD,25.93,USD,25.66,USD,25.6764,USD,21968
ABIG,Argent Large Cap ETF,35.44,USD,35.44,USD,35.2659,USD,35.2659,USD,262
TEKY,Lazard Next Gen Technologies ETF,46.4,USD,46.4,USD,46.3242,USD,46.3242,USD,218
TYLD,Cambria Tactical Yield ETF,25.34,USD,25.345,USD,25.34,USD,25.345,USD,1038
ARMS,Aristotle Multi-Sector Income ETF,24.43,USD,24.43,USD,24.42,USD,24.4284,USD,20562
EMM,Global X Emerging Markets ex-China ETF,44.635,USD,44.67,USD,44.05,USD,44.4353,USD,4635
WBIY,WBI Power Factor High Dividend ETF,35.265,USD,35.265,USD,34.91,USD,34.91,USD,10948
MADE,iShares U.S. Manufacturing ETF,35.13,USD,35.13,USD,34.69,USD,34.69,USD,8754
DEED,First Trust Securitized Plus ETF,20.35,USD,20.35,USD,20.2501,USD,20.27,USD,988
ARCP,Aristotle Core Plus Income ETF,24.25,USD,24.25,USD,24.24,USD,24.2429,USD,20108
HIGH,Simplify Enhanced Income ETF,21.68,USD,21.68,USD,21.15,USD,21.15,USD,8527
GRNI,Fundstrat Granny Shots US Large Cap & Income ETF,21.24,USD,21.24,USD,20.96,USD,21.03,USD,13933
RIGS,ALPS Strategic Income Fund,22.07,USD,22.07,USD,21.85,USD,21.85,USD,11704
FLAX,Franklin FTSE Asia ex Japan ETF,36.65,USD,36.65,USD,36.535,USD,36.5836,USD,2726
HARD,Simplify Commodities Strategy No K-1 ETF,33.9701,USD,34.19,USD,33.68,USD,33.68,USD,12586
TRUD,VanEck Consumer Discretionary TruSector ETF,24.66,USD,24.705,USD,24.59,USD,24.5918,USD,18689
WEEUF,WISDOMTREE ISSUER ICAV WISDOMTREE EURP EQTY UCITS ETF USDH ACC,42.4737,USD,42.545,USD,42.425,USD,42.425,USD,3558
EMC,Global X Emerging Markets Great Consumer ETF,37.46,USD,37.46,USD,37.17,USD,37.21,USD,5372
LQDB,iShares BBB Rated Corporate Bond ETF,82.38,USD,82.39,USD,82.252,USD,82.2529,USD,1393
QVOL,Infrastructure Capital Nasdaq Option Income ETF,100.58,USD,100.91,USD,100.38,USD,100.4013,USD,5671
MARO,YieldMax MARA Option Income Strategy ETF,4.2,USD,4.2,USD,3.9,USD,3.91,USD,1038444
OZEM,Roundhill GLP-1 & Weight Loss ETF,30.85,USD,31.1091,USD,30.76,USD,30.79,USD,8360
FSCS,First Trust SMID Capital Strength ETF,35.88,USD,35.88,USD,35.5071,USD,35.5071,USD,2183
TMSF,T. Rowe Price Multi-Sector Income ETF,48.66,USD,48.7,USD,48.66,USD,48.6664,USD,432
RHRX,RH Tactical Rotation ETF,21.59,USD,21.62,USD,21.42,USD,21.47,USD,8585
NBTR,Neuberger Total Return Bond ETF,47.4623,USD,47.4623,USD,47.4623,USD,47.4623,USD,14
WOMN,Impact Shares YWCA Womenas Empowerment ETF,44.01,USD,44.07,USD,43.7536,USD,43.7536,USD,4780
QAT,iShares MSCI Qatar ETF,16.33,USD,16.33,USD,16.25,USD,16.29,USD,11462
MEMX,Matthews Emerging Markets ex China Active ETF,48.03,USD,48.0399,USD,47.68,USD,47.8755,USD,7392
CBLS,Clough Hedged Equity ETF,31.1624,USD,31.1624,USD,31.1624,USD,31.1624,USD,130
MDPL,Monarch Dividend Plus Index ETF,27.315,USD,27.32,USD,27.22,USD,27.22,USD,3905
PEXL,Pacer US Export Leaders ETF,74.07,USD,74.07,USD,73.8364,USD,73.8364,USD,521
BD,Russell Investments Core Plus Bond ETF,23.8481,USD,23.8481,USD,23.8481,USD,23.8481,USD,21
ONLN,ProShares Online Retail ETF,54.2,USD,54.6,USD,54.2,USD,54.21,USD,4686
QFF,Qualivian Focus Fund ETF,24.355,USD,24.41,USD,24.2482,USD,24.2482,USD,2658
IWMW,iShares Russell 2000 BuyWrite ETF,38.02,USD,38.02,USD,37.82,USD,37.82,USD,5557
NXTE,AXS Green Alpha ETF,48.64,USD,48.6401,USD,48.5302,USD,48.5302,USD,923
PFI,Invesco Dorsey Wright Financial Momentum ETF,58.55,USD,58.55,USD,57.7237,USD,57.7237,USD,3672
CNAV,Mohr Company Nav ETF,41.57,USD,41.85,USD,41.5,USD,41.5,USD,6046
TSCZ,T. Rowe Price Securitized Income ETF,49.49,USD,49.5302,USD,49.49,USD,49.5302,USD,118
VGFAF,VANECK UCITS ETFS PLC,74.9375,USD,75.2376,USD,74.9375,USD,75.2176,USD,5430
PSR,Invesco Active U.S. Real Estate Fund,96.8015,USD,96.8015,USD,96.4929,USD,96.4929,USD,920
XLUI,State Street Utilities Select Sector SPDR Premium Income ETF,21.97,USD,21.97,USD,21.63,USD,21.69,USD,137363
THMZ,Lazard Equity Megatrends ETF,34.57,USD,34.595,USD,34.4461,USD,34.4461,USD,1093
VEMY,Virtus Stone Harbor Emerging Markets High Yield Bond ETF,27.44,USD,27.45,USD,27.24,USD,27.25,USD,18847
AMUN,abrdn Ultra Short Municipal Income Active ETF,25.985,USD,25.985,USD,25.87,USD,25.985,USD,4642
SURE,AdvisorShares Insider Advantage ETF,145.19,USD,145.19,USD,144.1059,USD,144.1059,USD,1155
KWH,GMO Power Infrastructure ETF,23.6114,USD,23.6114,USD,23.4569,USD,23.4569,USD,418
DEEF,Xtrackers FTSE Developed ex US Multifactor ETF,39.0156,USD,39.0156,USD,39.0156,USD,39.0156,USD,192
BBSB,JPMorgan BetaBuilders U.S. Treasury Bond 1-3 Year ETF,97.2355,USD,97.24,USD,97.162,USD,97.1814,USD,2273
MNBD,ALPS Intermediate Municipal Bond ETF,24.58,USD,24.62,USD,24.5799,USD,24.6,USD,8811
TBLU,Tortoise Global Water ETF,49.072,USD,49.072,USD,48.8142,USD,48.91,USD,1009
FFGX,Fidelity Fundamental Global ex-U.S. ETF,33.85,USD,33.9,USD,33.85,USD,33.8837,USD,1783
RSPC,Invesco S&P 500 Equal Weight Communication Services ETF,35.04,USD,35.4,USD,35.04,USD,35.0818,USD,2147
HRTS,Tema Heart & Health ETF,36.36,USD,36.73,USD,36.3152,USD,36.3152,USD,891
MEM,Matthews Emerging Markets Equity Active ETF,43.53,USD,43.67,USD,43.45,USD,43.5013,USD,1236
THLV,THOR Equal Weight Low Volatility ETF,31.29,USD,31.29,USD,31.1833,USD,31.22,USD,1785
EVYM,Eaton Vance High Income Municipal ETF,47.09,USD,47.09,USD,46.77,USD,46.85,USD,7131
REIT,ALPS Active REIT ETF,28.65,USD,28.65,USD,28.34,USD,28.3782,USD,5582
NIKL,Sprott Nickel Miners ETF,13.64,USD,13.65,USD,13.4,USD,13.4593,USD,76573
BAMB,Brookstone Intermediate Bond ETF,24.895,USD,24.9,USD,24.88,USD,24.885,USD,5168
CDIG,City Different Investments Global Equity ETF,25.17,USD,25.17,USD,25.09,USD,25.09,USD,627
ADIV,Guinness Atkinson Asia Pacific Dividend Builder ETF,19.49,USD,19.53,USD,19.43,USD,19.46,USD,8295
CANE,Teucrium Sugar Fund ETV,11.3,USD,11.37,USD,11.2112,USD,11.26,USD,349155
NCPB,Nuveen Core Plus Bond ETF,23.77,USD,23.8,USD,23.75,USD,23.7873,USD,32203
TLIE,American Beacon The London Company Income Equity ETF,24.915,USD,24.935,USD,24.7755,USD,24.7755,USD,4652
AGQI,First Trust Active Global Quality Income ETF,18.32,USD,18.32,USD,18.1649,USD,18.1649,USD,1352
QLDY,Defiance Nasdaq 100 LightningSpread Income ETF,41.03,USD,41.38,USD,41.03,USD,41.1332,USD,36367
FLMB,Franklin Municipal Green Bond ETF,21.75,USD,22.02,USD,21.75,USD,21.9308,USD,58620
PSIL,AdvisorShares Psychedelics ETF,22.81,USD,23.02,USD,22.5,USD,22.5,USD,23195
NUDV,Nuveen ESG Dividend ETF,32.18,USD,32.2,USD,31.97,USD,31.97,USD,10942
COAL,Range Global Coal Index ETF,24.3,USD,24.75,USD,24.175,USD,24.37,USD,18466
PMIO,PGIM Municipal Income Opportunities ETF,48.19,USD,48.56,USD,48.19,USD,48.47,USD,21191
FCTR,First Trust Lunt U.S. Factor Rotation ETF,37.75,USD,37.75,USD,37.5675,USD,37.5675,USD,658
FDIV,MarketDesk Focused U.S. Dividend ETF,25.93,USD,25.93,USD,25.7653,USD,25.7653,USD,15945
DVND,Touchstone Dividend Select ETF,38.42,USD,38.43,USD,38.15,USD,38.16,USD,3878
BCEM,Baron Emerging Markets Select ETF,26.75,USD,26.78,USD,26.6858,USD,26.74,USD,7085
AWEXF,XTRACKERS IE PLC,10.2432,USD,10.2492,USD,10.2432,USD,10.2492,USD,2057
BBIB,JPMorgan BetaBuilders U.S. Treasury Bond 3-10 Year ETF,94.11,USD,94.11,USD,93.9,USD,93.919,USD,2319
TMFS,Motley Fool Small-Cap Growth ETF,32.815,USD,32.82,USD,32.66,USD,32.66,USD,1364
FMED,Fidelity Disruptive Medicine ETF,32.499,USD,32.74,USD,32.3871,USD,32.3871,USD,11150
HUSV,First Trust Horizon Managed Volatility Domestic ETF,38.97,USD,38.97,USD,38.6825,USD,38.6825,USD,6486
ASIA,Matthews Pacific Tiger Active ETF,41.42,USD,41.42,USD,41.4022,USD,41.4022,USD,875
RUDQF,RBC GLOBAL ASSET MANAGEMENT INC QUANT U.S. DIVIDEND LEADERS ETF,22.2,USD,22.2,USD,22.2,USD,22.2,USD,200
QQQA,ProShares Nasdaq-100 Dorsey Wright Momentum ETF,72.26,USD,72.84,USD,72.26,USD,72.4656,USD,19056
MMSC,First Trust Multi-Manager Small Cap Opportunities ETF,26.81,USD,26.875,USD,26.77,USD,26.77,USD,1787
DUKZ,Ocean Park Diversified Income ETF,24.7,USD,24.72,USD,24.68,USD,24.68,USD,1863
QSIG,WisdomTree U.S. Short Term Corporate Bond Fund,47.21,USD,47.21,USD,47.17,USD,47.1852,USD,3390
LVLN,State Street SPDR S&P Leveraged Loan ETF,24.73,USD,24.73,USD,24.695,USD,24.695,USD,458
PAMC,Pacer Lunt MidCap Multi-Factor Alternator ETF,52.01,USD,52.01,USD,51.5409,USD,51.5409,USD,439
RMHY,Global X Adaptive Risk Managed Yield ETF,24.33,USD,24.33,USD,24.19,USD,24.2217,USD,3845
CRCO,YieldMax CRCL Option Income Strategy ETF,13.72,USD,13.72,USD,13.208,USD,13.28,USD,112998
BLDG,Cambria Global Real Estate ETF,25.09,USD,25.14,USD,25.09,USD,25.1165,USD,1298
LNGX,Global X U.S. Natural Gas ETF,41.56,USD,41.74,USD,41.12,USD,41.12,USD,4063
QLVD,Northern Trust Developed Markets ex-US Quality Low Volatility ETF,33.0591,USD,33.0591,USD,33.0591,USD,33.0591,USD,12
QQQT,Defiance Nasdaq 100 Income Target ETF,17.9965,USD,17.9965,USD,17.9965,USD,17.9965,USD,1447
LSTB,Natixis Loomis Sayles Total Return Bond ETF,23.91,USD,23.9133,USD,23.91,USD,23.9133,USD,208
MYCF,State Street My2026 Corporate Bond ETF,25.04,USD,25.075,USD,25.04,USD,25.04,USD,4577
OEI,Optimized Equity Income ETF,26.17,USD,26.21,USD,26.0972,USD,26.0972,USD,25953
IFED,ETRACS IFED Invest with the Fed TR Index ETN,45.99,USD,46.4527,USD,45.99,USD,46.4527,USD,253
ACSG,American Century Small Cap Growth Insights ETF,46.27,USD,46.31,USD,46.0074,USD,46.0074,USD,12581
BRLN,BlackRock Floating Rate Loan ETF,50.75,USD,50.98,USD,50.69,USD,50.8,USD,4048
ARCM,Arrow Reserve Capital Management ETF,99.83,USD,99.83,USD,99.8292,USD,99.8292,USD,385
BSJW,Invesco BulletShares 2032 High Yield Corporate Bond ETF,24.39,USD,24.39,USD,24.2427,USD,24.2427,USD,11915
VBCE,Vanguard Target Maturity 2031 Corporate Bond ETF,72.95,USD,73.07,USD,72.76,USD,72.8157,USD,16614
QQQG,Pacer Nasdaq 100 Top 50 Cash Cows Growth Leaders ETF,32.63,USD,32.705,USD,32.59,USD,32.6416,USD,2249
CCRP,Columbia Corporate Bond ETF,18.71,USD,18.71,USD,18.6913,USD,18.6913,USD,249737
BBCB,JPMorgan BetaBuilders USD Investment Grade Corporate Bond ETF,43.06,USD,43.08,USD,42.955,USD,43.0107,USD,18241
MYLD,Cambria Micro and SmallCap Shareholder Yield ETF,32.14,USD,32.14,USD,31.86,USD,31.875,USD,7281
YCLO,Franklin BSP CLO ETF,25.245,USD,25.245,USD,25.245,USD,25.245,USD,11
FEIG,Northern Trust ESG & Climate Investment Grade Corporate Core ETF,38.67,USD,38.67,USD,38.621,USD,38.6508,USD,1407
FFIU,UVA Unconstrained Medium-Term Fixed Income ETF,20.4,USD,20.4494,USD,20.34,USD,20.4494,USD,11240
LSCP,Natixis Loomis Sayles Dynamic Core Plus ETF,23.8875,USD,23.8875,USD,23.8875,USD,23.8875,USD,17
IBIL,iShares iBonds Oct 2035 Term TIPS ETF,23.88,USD,23.88,USD,23.78,USD,23.82,USD,12859
DRUP,GraniteShares Nasdaq Select Disruptors ETF,71.54,USD,71.54,USD,70.8904,USD,70.8904,USD,1064
NTSD,WisdomTree Efficient U.S. Plus International Equity Fund,47.27,USD,47.41,USD,46.83,USD,46.8773,USD,8923
XFLX,FundX Flexible ETF,22.52,USD,22.52,USD,22.485,USD,22.485,USD,3290
SRHR,SRH REIT Covered Call ETF,54.523,USD,54.523,USD,54.523,USD,54.523,USD,101
CSIO,Cohen & Steers Infrastructure Opportunities Active ETF,27.01,USD,27.01,USD,26.8518,USD,26.8518,USD,2589
NBET,Neuberger Energy Transition & Infrastructure ETF,39.53,USD,39.53,USD,39.145,USD,39.145,USD,8385
TOLL,Tema Monopolies and Oligopolies ETF,40.85,USD,40.9199,USD,40.7911,USD,40.8458,USD,8651
TILL,Teucrium Agricultural Strategy No K-1 ETF,20.23,USD,20.23,USD,19.92,USD,19.945,USD,23549
TRBF,Angel Oak Total Return ETF,46.795,USD,46.86,USD,46.73,USD,46.7576,USD,12843
GABF,Gabelli ETFs Trust Gabelli Financial Services Opportunities ETF,42.3056,USD,42.3056,USD,41.96,USD,42.0525,USD,1807
NQLT,Neuberger Quality Select ETF,25.1439,USD,25.1439,USD,25.1439,USD,25.1439,USD,8
EVPF,Eaton Vance Preferred Securities and Income ETF,48.3,USD,48.3,USD,48.04,USD,48.1194,USD,15731
CBSE,Clough Select Equity ETF,46.54,USD,46.685,USD,46.41,USD,46.5262,USD,2481
CARZ,First Trust S-Network Future Vehicles & Technology ETF,107.6204,USD,107.75,USD,107.6204,USD,107.6863,USD,1408
GMNY,Goldman Sachs Dynamic New York Municipal Income ETF,47.71,USD,47.83,USD,47.7,USD,47.7532,USD,4358
MDLV,Morgan Dempsey Large Cap Value ETF,30.11,USD,30.11,USD,29.9566,USD,29.9566,USD,6847
ROSC,Hartford Multifactor Small Cap ETF,54.03,USD,54.03,USD,53.5252,USD,53.5252,USD,21071
NETL,Colterpoint Net Lease Real Estate ETF,24.13,USD,24.13,USD,23.89,USD,23.89,USD,54438
NDIA,Global X India Active ETF,26.04,USD,26.105,USD,26.04,USD,26.1007,USD,685
USL,United States 12 Month Oil,57.46,USD,57.47,USD,57.03,USD,57.0886,USD,2445
MINN,Mairs & Power Minnesota Municipal Bond ETF,20.75,USD,20.75,USD,20.65,USD,20.67,USD,179762
TEMD,Templeton Emerging Markets Debt ETF,24.02,USD,24.02,USD,24.02,USD,24.02,USD,20
MSTI,Madison Short Term Strategic Income ETF,19.75,USD,19.75,USD,19.735,USD,19.735,USD,223
PUI,Invesco Dorsey Wright Utilities Momentum ETF,41.31,USD,41.3848,USD,40.9846,USD,40.9846,USD,4062
CLOO,NYLIM Investment Grade CLO ETF,25.085,USD,25.085,USD,25.085,USD,25.085,USD,33
MYCJ,State Street My2030 Corporate Bond ETF,23.97,USD,23.97,USD,23.91,USD,23.93,USD,18110
VDG,Vanguard Developed Markets ex-US Growth Index ETF,80.005,USD,80.005,USD,79.2104,USD,79.2104,USD,11660
LOHA,Roundhill HALO ETF,24.99,USD,24.99,USD,24.63,USD,24.63,USD,19625
GXPD,Global X PureCap MSCI Consumer Discretionary ETF,24.7,USD,24.89,USD,24.7,USD,24.7828,USD,3598
IBGC,iShares iBonds Dec 2046 Term Treasury ETF,22.721766,USD,22.721766,USD,22.721766,USD,22.721766,USD,52
FREI,Fidelity Real Estate Income ETF,24.1,USD,24.16,USD,24.02,USD,24.0226,USD,24007
DVLU,First Trust Dorsey Wright Momentum & Value ETF,38.858269,USD,38.858269,USD,38.6619,USD,38.6619,USD,1678
KTEC,KraneShares Hang Seng TECH Index ETF,11.82,USD,11.83,USD,11.7301,USD,11.786,USD,20425
FGSM,Frontier Asset Global Small Cap Equity ETF,34.41,USD,34.41,USD,34.1638,USD,34.1638,USD,1930
SPIN,State Street US Equity Premium Income ETF,33.69,USD,33.7,USD,33.483,USD,33.483,USD,3177
OVB,Overlay Shares Core Bond ETF,19.46,USD,19.5,USD,19.4024,USD,19.4024,USD,8701
KGRN,KraneShares MSCI China Clean Technology Index ETF,21.43,USD,21.45,USD,21.3618,USD,21.415,USD,3472
DIVE,Dana Concentrated Dividend ETF,26.8,USD,26.8,USD,26.7654,USD,26.7654,USD,378
VDV,Vanguard Developed Markets ex-US Value Index ETF,76.59,USD,76.79,USD,76.115,USD,76.1414,USD,20452
ACVT,Advent Convertible Bond ETF,28.225,USD,28.28,USD,28.225,USD,28.2342,USD,1356
HYUP,Xtrackers High Beta High Yield Bond ETF,39.95,USD,39.98,USD,39.7225,USD,39.7225,USD,5561
DCMT,DoubleLine Commodity Strategy ETF,37.57,USD,37.66,USD,37.33,USD,37.394,USD,4553
DARP,Grizzle Growth ETF,58.21,USD,58.3,USD,57.9906,USD,57.9906,USD,45232
NYSX,Global X NYSE 100 ETF,131.87,USD,132.24,USD,131.45,USD,131.45,USD,3467
MARS,Roundhill Space & Technology ETF,25.33,USD,25.95,USD,25.12,USD,25.12,USD,11921
ZHOG,F/m Opportunistic Income ETF,49.93,USD,49.93,USD,49.8754,USD,49.8754,USD,978
BZDYF,BMO ASSET MANAGEMENT INC,43.03,USD,43.03,USD,43.03,USD,43.03,USD,547
SOYB,Teucrium Soybean Fund ETV,27.7,USD,27.7999,USD,27.4852,USD,27.51,USD,51120
NMB,Simplify National Muni Bond ETF,23.09,USD,23.28,USD,23.08,USD,23.115,USD,7262
XIDV,Franklin International Dividend Booster Index ETF,37.7116,USD,37.79,USD,37.66,USD,37.664,USD,1559
RCLO,Reckoner BBB-B CLO ETF,25.18,USD,25.18,USD,25.155,USD,25.155,USD,2668
ACKY,VistaShares Target 15 ACKtivist Distribution ETF,17.3,USD,17.32,USD,17.25,USD,17.27,USD,14904
SSXU,Day Hagan Smart Sector International ETF,35.52,USD,35.56,USD,35.51,USD,35.55,USD,3830
BCFN,Baron Financials ETF,21.335,USD,21.335,USD,21.2875,USD,21.2875,USD,1254
EMSF,Matthews Emerging Markets Sustainable Future Active ETF,39.2806,USD,39.2806,USD,39.2806,USD,39.2806,USD,63
MYCG,State Street My2027 Corporate Bond ETF,24.9,USD,24.9259,USD,24.9,USD,24.915,USD,2289
WEEL,Peerless Option Income Wheel ETF,19.9524,USD,19.955,USD,19.81,USD,19.81,USD,58605
GGME,Invesco Next Gen Media and Gaming ETF,65.9,USD,65.9,USD,65.6177,USD,65.6177,USD,519
FLQS,Franklin U.S. Small Cap Multifactor Index ETF,46.75,USD,46.75,USD,46.6644,USD,46.6644,USD,593
RILA,Indexperts Gorilla Aggressive Growth ETF,12.24,USD,12.25,USD,12.17,USD,12.17,USD,1324
NUIB,Nuveen Impact Bond ETF,24.6808,USD,24.6808,USD,24.6808,USD,24.6808,USD,10
FLN,First Trust Latin America AlphaDEX Fund,25.39,USD,25.695,USD,25.39,USD,25.5731,USD,2538
AIYY,YieldMax AI Option Income Strategy ETF,7.25,USD,7.54,USD,7.25,USD,7.5,USD,125398
DFVE,DoubleLine Fortune 500 Equal Weight ETF,35.231,USD,35.315,USD,35.009,USD,35.009,USD,18943
CVAR,Opportunities Trust Cultivar ETF,29.985,USD,29.985,USD,29.985,USD,29.985,USD,12
SDEM,Global X MSCI SuperDividend Emerging Markets ETF,32.915,USD,33,USD,32.915,USD,32.9569,USD,1167
CCSO,Carbon Collective Climate Solutions U.S. Equity ETF,24.61,USD,24.715,USD,24.5447,USD,24.5447,USD,3574
GLIX,Lazard Listed Infrastructure ETF,25.35,USD,25.39,USD,25.235,USD,25.25,USD,17558
LRNZ,"TrueShares Technology, AI & Deep Learning ETF",69.285,USD,69.78,USD,69.2243,USD,69.2243,USD,4989
GVLE,Goldman Sachs Value Opportunities ETF,47.61,USD,47.64,USD,47.3457,USD,47.3457,USD,1095
CNQQ,Rayliant-ChinaAMC Transformative China Tech ETF,21.55,USD,21.55,USD,21.47,USD,21.52,USD,2448
SEMI,I Columbia Seligman Semiconductor and Technology ETF,40.05,USD,40.31,USD,40.05,USD,40.11,USD,5869
GIEQ,Goldman Sachs Data Enhanced International Equity ETF,41.91,USD,41.91,USD,41.4984,USD,41.4984,USD,189
TEK,iShares Technology Opportunities Active ETF,40.62,USD,40.64,USD,40.48,USD,40.55,USD,1446
BBC,Virtus Biotech Clinical Trials ETF,46.29,USD,47,USD,46.2,USD,46.2948,USD,20213
CTAG,Calamos Timpani Active SMID Growth ETF,17.68,USD,17.68,USD,17.68,USD,17.68,USD,118
DAK,Dakota Active Equity ETF,29.82,USD,29.82,USD,29.7166,USD,29.7166,USD,198
SFYF,SoFi Social 50 ETF,65.09,USD,65.305,USD,64.87,USD,64.87,USD,2978
NSI,National Security Emerging Markets Index ETF,38.19,USD,38.19,USD,38.095,USD,38.095,USD,507
FDFF,Fidelity Disruptive Finance ETF,34.42,USD,34.47,USD,34.211,USD,34.2133,USD,1721
WARP,VanEck Space ETF,20.37,USD,20.825,USD,20.2458,USD,20.2458,USD,31645
FUSI,American Century Ultrashort Income ETF,50.49,USD,50.5,USD,50.44,USD,50.4725,USD,90544
RIFR,Russell Investments Global Infrastructure ETF,26.72,USD,26.7466,USD,26.61,USD,26.6208,USD,7525
TSCM,TimesSquare Quality Mid Cap Growth ETF,19.2,USD,19.224,USD,19.2,USD,19.224,USD,2332
GSIB,Themes Global Systemically Important Banks ETF,61.54,USD,62.7756,USD,61.54,USD,62.2463,USD,10665
FCLO,Fidelity CLO ETF,50.39,USD,50.4,USD,50.3564,USD,50.36,USD,13835
FDRS,Founder-Led ETF,25.83,USD,25.83,USD,25.72,USD,25.72,USD,5138
KNO,AXS Knowledge Leaders ETF,62.5939,USD,62.5939,USD,62.5939,USD,62.5939,USD,12
OVM,Overlay Shares Municipal Bond ETF,20.45,USD,20.45,USD,20.34,USD,20.375,USD,46921
BDGS,Bridges Capital Tactical ETF,38,USD,38.04,USD,37.96,USD,37.9839,USD,22282
FMET,Fidelity Metaverse ETF,39.11,USD,39.11,USD,38.7878,USD,38.7878,USD,2006
GCAD,Gabelli Commercial Aerospace and Defense ETF,48.7399,USD,48.775,USD,48.485,USD,48.51,USD,2960
FLOW,Global X U.S. Cash Flow Kings 100 ETF,41.71,USD,41.71,USD,41.43,USD,41.4905,USD,4938
EART,Global X Rare Earth & Critical Materials ETF,28.05,USD,28.43,USD,27.9308,USD,27.9403,USD,6373
JHMU,John Hancock Dynamic Municipal Bond ETF,24.7224,USD,24.73,USD,24.67,USD,24.7243,USD,26528
QQWZ,Pacer Cash COWZ 100-Nasdaq 100 Rotator ETF,27.69,USD,27.79,USD,27.5804,USD,27.5804,USD,12472
MEDI,Harbor Health Care ETF,33.01,USD,33.08,USD,32.74,USD,32.74,USD,3424
CVRT,Calamos Convertible Equity Alternative ETF,46.52,USD,46.5502,USD,46.3724,USD,46.3724,USD,3227
GAEM,Simplify Gamma Emerging Market Bond ETF,25.7,USD,25.7,USD,25.52,USD,25.5344,USD,6202
TAXM,BondBloxx IR+M Tax-Aware ETF for Massachusetts Residents,47.44,USD,47.455,USD,47.13,USD,47.37,USD,77233
EWUS,iShares MSCI United Kingdom Small-Cap ETF,43.875,USD,43.875,USD,43.6603,USD,43.6603,USD,12316
ZTRE,F/m 3-Year Investment Grade Corporate Bond ETF,49.58,USD,49.58,USD,49.49,USD,49.5109,USD,1028
RBLD,First Trust Alerian US NextGen Infrastructure ETF,82.965,USD,82.965,USD,82.5497,USD,82.5497,USD,735
TCHI,iShares MSCI China Multisector Tech ETF,21.8,USD,21.8,USD,21.695,USD,21.7009,USD,16118
KMID,Virtus KAR Mid-Cap ETF,23.565,USD,23.61,USD,23.41,USD,23.41,USD,461751
INQQ,INQQ The India Internet ETF,12.98,USD,12.98,USD,12.92,USD,12.9259,USD,24633
TPFC,Timothy Plan Free Cash Flow ETF,27.07,USD,27.07,USD,26.9629,USD,26.9629,USD,1267
BETZ,Roundhill Sports Betting & iGaming ETF,16.44,USD,16.44,USD,16.26,USD,16.2602,USD,4776
SPXV,ProShares S&P 500 Ex-Health Care ETF,84.03,USD,84.03,USD,83.6128,USD,83.6128,USD,563
GAMR,Amplify Video Game Leaders ETF,100.1,USD,100.1,USD,99.6268,USD,99.6268,USD,907
MSTQ,LHA Market State Tactical Q ETF,40.21,USD,40.295,USD,40.1193,USD,40.1193,USD,2837
CFIT,Cambria Fixed Income Trend ETF,25.22,USD,25.22,USD,25.19,USD,25.2,USD,13244
ORBX,Global X Space Tech ETF,42.55,USD,43.319,USD,42.125,USD,42.148,USD,13924
IBGM,iShares iBonds Dec 2056 Term Treasury ETF,22.57,USD,22.57,USD,22.45,USD,22.5076,USD,5706
BEMB,iShares J.P. Morgan Broad USD Emerging Markets Bond ETF,51.1,USD,51.1,USD,50.885,USD,50.93,USD,2218
VBCF,Vanguard Target Maturity 2032 Corporate Bond ETF,72.58,USD,72.58,USD,72.335,USD,72.3608,USD,9232
IGCB,TCW Corporate Bond ETF,43.505,USD,43.505,USD,43.505,USD,43.505,USD,17
TFFI,Chesapeake Trend-Following Fixed Income ETF,21.75,USD,21.92,USD,21.75,USD,21.8104,USD,30907
BCGS,Bancreek Global Select ETF,26.761,USD,26.761,USD,26.761,USD,26.761,USD,6
KVLE,KraneShares Value Line Dynamic Dividend Equity Index ETF,27.72,USD,27.72,USD,27.6156,USD,27.6156,USD,653
CAFG,Pacer US Small Cap Cash Cows Growth Leaders ETF,32.1,USD,32.1,USD,31.443,USD,31.5263,USD,23080
IHY,VanEck International High Yield Bond ETF,21.11,USD,21.14,USD,20.9734,USD,20.9734,USD,11624
XPND,First Trust Expanded Technology ETF,40.03,USD,40.23,USD,40.02,USD,40.02,USD,1408
EQRR,ProShares Equities for Rising Rates ETF,84.37,USD,84.61,USD,83.975,USD,84.0201,USD,9922
NJNK,Columbia U.S. High Yield ETF,19.42,USD,19.42,USD,19.35,USD,19.35,USD,4261
EMDM,First Trust Bloomberg Emerging Market Democracies ETF,41.9,USD,41.95,USD,41.5401,USD,41.5401,USD,7275
OVS,Overlay Shares Small Cap Equity ETF,38.65,USD,38.65,USD,38.16,USD,38.16,USD,18335
COWS,Amplify Cash Flow Dividend Leaders ETF,36.36,USD,36.44,USD,36.254,USD,36.254,USD,2918
FCBD,Frontier Asset Core Bond ETF,24.51,USD,24.51,USD,24.4724,USD,24.4799,USD,643
NIXT,Research Affiliates Deletions ETF,32.6,USD,32.68,USD,32.4841,USD,32.4841,USD,3805
TXS,Texas Capital Texas Equity Index ETF,41.19,USD,41.2,USD,41.02,USD,41.02,USD,2670
DIVS,Guinness Atkinson Dividend Builder ETF,33.3,USD,33.3,USD,33.0579,USD,33.0579,USD,1573
MYCI,State Street My2029 Corporate Bond ETF,24.29,USD,24.29,USD,24.25,USD,24.2711,USD,11506
QIDX,Indexperts Quality Earnings Focused ETF,11.38,USD,11.38,USD,11.3498,USD,11.3498,USD,837
FDIQ,Invesco Bloomberg Financial Data Providers ETF,67.99,USD,67.99,USD,67.57,USD,67.614,USD,1387
OAKG,Oakmark Global Large Cap ETF,26.25,USD,26.29,USD,26.0438,USD,26.0438,USD,9640
THEQ,T. Rowe Price Hedged Equity ETF,30.24,USD,30.24,USD,30.0819,USD,30.0819,USD,130
TPFG,Timothy Plan Free Cash Flow Growth ETF,25.9116,USD,25.9116,USD,25.9116,USD,25.9116,USD,194
SQLV,Royce Quant Small-Cap Quality Value ETF,51.13,USD,51.13,USD,50.8733,USD,50.8733,USD,1374
XOMO,YieldMax XOM Option Income Strategy ETF,10.82,USD,10.955,USD,10.82,USD,10.88,USD,52876
AADR,AdvisorShares Dorsey Wright,82.3463,USD,82.3463,USD,81.6696,USD,81.6696,USD,1269
AGGS,Harbor Disciplined Bond ETF,39.04,USD,39.0442,USD,38.99,USD,38.99,USD,705
MUSE,TCW Multisector Credit Income ETF,48.365,USD,48.41,USD,48.365,USD,48.41,USD,480
LDDR,LifeX 2035 Income Bucket ETF,74.97,USD,74.97,USD,74.7639,USD,74.7639,USD,797
BRCE,MFS Blended Research Core Equity ETF,30.37,USD,30.37,USD,30.1404,USD,30.37,USD,183
WCME,First Trust WCM Developing World Equity ETF,19.11,USD,19.19,USD,19.068,USD,19.068,USD,12645
SLDR,Global X Short-Term Treasury Ladder ETF,49.42,USD,49.4434,USD,49.42,USD,49.4434,USD,170
FLGR,Franklin FTSE Germany ETF,32.46,USD,32.49,USD,32.1415,USD,32.1415,USD,2038
IBTR,iShares iBonds Dec 2036 Term Treasury ETF,23.4878,USD,23.488,USD,23.37,USD,23.4009,USD,82553
VGVT,Vanguard Government Securities Active ETF,72.21,USD,72.21,USD,71.96,USD,72.0234,USD,3343
FTBD,Fidelity Tactical Bond ETF,46.915,USD,46.915,USD,46.75,USD,46.7579,USD,3134
DURA,VanEck Durable High Dividend ETF,38.35,USD,38.35,USD,38.2,USD,38.22,USD,2366
HEMI,Hartford Equity Premium Income ETF,41.46,USD,41.46,USD,41.3089,USD,41.3089,USD,915
FTDS,First Trust Dividend Strength ETF,61.875,USD,61.926,USD,61.44,USD,61.5997,USD,1223
AMUB,"ETRACS Alerian MLP Index ETN Series B due July 18, 2042",20.86,USD,21.7068,USD,20.86,USD,21.7068,USD,315
HYP,Golden Eagle Dynamic Hypergrowth ETF,29.17,USD,29.17,USD,28.97,USD,29.0048,USD,2952
TXXI,BondBloxx IR+M Tax-Aware Intermediate Duration ETF,48.01,USD,48.01,USD,47.85,USD,47.8886,USD,5285
FXED,Sound Enhanced Fixed Income ETF,16.64,USD,16.64,USD,16.515,USD,16.515,USD,1764
VUSG,Vanguard Wellington U.S. Growth Active ETF,67.15,USD,67.5,USD,66.78,USD,66.78,USD,148665
TMLP,Tortoise MLP ETF,27.78,USD,27.78,USD,27.6844,USD,27.6844,USD,1196
YOLO,AdvisorShares Pure Cannabis ETF,3.06,USD,3.0737,USD,2.87,USD,2.915,USD,29299
AZTD,Aztlan Global Stock Selection DM SMID ETF,30.73,USD,30.73,USD,30.52,USD,30.5496,USD,5350
PTEU,Pacer TrendpilotTM European Index ETF,32.645,USD,32.645,USD,32.645,USD,32.645,USD,77
DYLD,LeaderShares Dynamic Yield ETF,21.95,USD,22.04,USD,21.9415,USD,21.98,USD,10431
SPDF,Defender Risk Adaptive 500 ETF,28.1,USD,28.24,USD,28.0327,USD,28.0327,USD,2684
NUSA,Nuveen ESG 1-5 Year U.S. Aggregate Bond ETF,22.67,USD,22.67,USD,22.64,USD,22.6551,USD,2708
WAR,U.S. Global Technology and Aerospace & Defense ETF,31.6,USD,31.62,USD,31.3746,USD,31.4379,USD,6732
RMME,Rareview Government Money Market ETF,100.32,USD,100.32,USD,100.32,USD,100.32,USD,6
FBDC,FT Confluence BDC & Specialty Finance Income ETF,17.18,USD,17.18,USD,16.8801,USD,16.91,USD,20722
FUSD,Federated Hermes Ultrashort Bond ETF,24.81,USD,24.81,USD,24.785,USD,24.785,USD,6008
SPYH,NEOS S&P 500 Hedged Equity Income ETF,56.35,USD,56.55,USD,56.21,USD,56.22,USD,16233
TMFX,Motley Fool Next Index ETF,23.68,USD,23.73,USD,23.5628,USD,23.5628,USD,28662
BDRY,Breakwave Dry Bulk Shipping ETF,14.4,USD,14.84,USD,14.4,USD,14.55,USD,35373
FMNY,First Trust New York Municipal High Income ETF,24.81,USD,24.94,USD,24.81,USD,24.89,USD,17375
SAMM,Strategas Macro Momentum ETF,35.45,USD,35.63,USD,35.3741,USD,35.3741,USD,1743
RJMI,RJ Eagle Municipal Income ETF,23.89,USD,23.93,USD,23.88,USD,23.8886,USD,19290
THOR,Thornburg Premium Income Builder ETF,25.41,USD,25.41,USD,25.1,USD,25.1,USD,10653
BCSM,Baron SMID Cap ETF,24.39,USD,24.44,USD,24.2606,USD,24.33,USD,4066
FSZ,First Trust Switzerland AlphaDEX Fund,78.174,USD,78.174,USD,78.174,USD,78.174,USD,49
LLDR,Global X Long-Term Treasury Ladder ETF,41.02,USD,41.02,USD,40.9265,USD,40.9265,USD,137
ENRG,Ninepoint North American Energy Independence ETF,19.0076,USD,19.0076,USD,19.0076,USD,19.0076,USD,54
XLYI,State Street Consumer Discretionary Select Sector SPDR Premium Income ETF,21.4595,USD,21.56,USD,21.445,USD,21.47,USD,11102
FKU,First Trust,54.62,USD,54.62,USD,54.0826,USD,54.0826,USD,1275
EMET,VanEck Copper and Electrification Metals ETF,41.95,USD,41.95,USD,41.2914,USD,41.2914,USD,1034
NRES,Xtrackers RREEF Global Natural Resources ETF,33.481,USD,33.49,USD,33.2843,USD,33.2843,USD,525
NFLY,YieldMax NFLX Option Income Strategy ETF,6.87,USD,6.88,USD,6.78,USD,6.78,USD,42467
IDX,VanEck Indonesia Index ETF,10.66,USD,10.66,USD,10.6004,USD,10.6294,USD,17342
VNAM,Global X MSCI Vietnam ETF,24.16,USD,24.19,USD,24.16,USD,24.165,USD,3953
ESSC,Eventide Small Cap ETF,28.78,USD,28.78,USD,28.637,USD,28.637,USD,5469
BWQG,BWM Quality Growth ETF,26.78,USD,26.85,USD,26.6782,USD,26.6782,USD,3454
CAAA,First Trust AAA CMBS ETF,19.7,USD,19.7599,USD,19.7,USD,19.71,USD,930
MMID,MFS Active Mid Cap ETF,25.94,USD,25.94,USD,25.7623,USD,25.94,USD,142
ZMUN,F/m Ultrashort Tax-Free Municipal ETF,49.36,USD,49.39,USD,49.34,USD,49.36,USD,7077
BREM,iShares Emerging Markets Bond Active ETF,48.743,USD,48.743,USD,48.743,USD,48.743,USD,11
WUGI,AXS Esoterica NextG Economy ETF,90.99,USD,90.99,USD,90.8141,USD,90.8141,USD,204
GEMD,Goldman Sachs Access Emerging Markets USD Bond ETF,40.0649,USD,40.0649,USD,39.75,USD,39.8382,USD,9045
DRES,GMO Domestic Resilience ETF,28.33,USD,28.33,USD,28.1423,USD,28.1423,USD,1478278
BIGY,YieldMax Target 12 Big 50 Option Income ETF,52.495,USD,52.65,USD,52.3617,USD,52.3617,USD,3829
SNAV,Mohr Sector Nav ETF,38.7876,USD,38.7876,USD,38.7876,USD,38.7876,USD,56
GMOC,GMO Ultra-Short Income ETF,50.03,USD,50.03,USD,50,USD,50.025,USD,10020
LITP,Sprott Lithium Miners ETF,9.29,USD,9.335,USD,9.16,USD,9.2107,USD,14999
OEFA,ALPS O'Shares International Developed Quality Dividend ETF,34.7401,USD,34.76,USD,34.4522,USD,34.4522,USD,1558
GOLS,Gabelli Opportunities in Live and Sports ETF,25.9299,USD,25.9299,USD,25.6256,USD,25.6256,USD,1061
YGLD,Simplify Gold Strategy ETF,31.04,USD,31.04,USD,30.45,USD,30.592,USD,6465
DWMF,WisdomTree International Multifactor Fund,33.5,USD,33.5,USD,33.1854,USD,33.1854,USD,841
DFTT,DF Tactical 30 ETF,31.375,USD,31.375,USD,31.23,USD,31.23,USD,559
YSPC,YieldMax SPCX Option Income Strategy ETF,46,USD,46.97,USD,45.8171,USD,46.72,USD,54356
LDEM,iShares ESG MSCI EM Leaders ETF,60.75,USD,60.81,USD,60.48,USD,60.4954,USD,5640
BUIL,Rebuild America ETF,25.51,USD,25.51,USD,25.22,USD,25.22,USD,13480
PSCC,Invesco S&P SmallCap Consumer Staples ETF,33.11,USD,33.171,USD,32.9,USD,32.9056,USD,2030
QBIG,Invesco Top QQQ ETF,41.85,USD,42.37,USD,41.85,USD,42.0224,USD,713
TMED,T. Rowe Price Health Care ETF,34.64,USD,34.64,USD,33.9403,USD,33.9403,USD,10956
SPIT,F/m Emerald Special Situations ETF,30.68,USD,30.71,USD,30.6425,USD,30.6425,USD,581
HELX,Franklin Genomic Advancements ETF,44.565,USD,44.89,USD,44.5641,USD,44.5641,USD,68372
BALQ,iShares Nasdaq Premium Income Active ETF,56.960847,USD,56.960847,USD,56.960847,USD,56.960847,USD,12
ISTM,iShares Strategic Metals ETF,29.94,USD,29.94,USD,29.65,USD,29.841,USD,9865
TOPC,iShares S&P 500 3% Capped ETF,34.81,USD,34.81,USD,34.5998,USD,34.5998,USD,434
MNZL,Manzil Russell Halal USA Broad Market ETF,61.2399,USD,61.2699,USD,60.8554,USD,60.8554,USD,2453
LOGO,Alpha Brands Consumption Leaders ETF,20.321,USD,20.321,USD,20.1709,USD,20.1709,USD,4857
NITE,The Nightview Fund NITE,38.01,USD,38.12,USD,38.01,USD,38.12,USD,750
SNTQ,MRP SynthEquity Nasdaq 100 ETF,24.73,USD,24.92,USD,24.73,USD,24.78,USD,7890
GFGF,Guru Favorite Stocks ETF,36.2953,USD,36.2953,USD,36.2953,USD,36.2953,USD,34
AUSM,Allspring Ultra Short Municipal ETF,24.79,USD,24.79,USD,24.76,USD,24.79,USD,4540
NURE,Nuveen Short-Term REIT ETF,29.57,USD,29.61,USD,29.47,USD,29.48,USD,11079
NRSH,Aztlan North America Nearshoring Stock Selection ETF,30.26,USD,30.3215,USD,30.26,USD,30.3215,USD,291
ASHS,Xtrackers Harvest CSI 500 China A-Shares Small Cap ETF,40.56,USD,40.569,USD,40.33,USD,40.33,USD,4332
FDNI,First Trust Dow Jones International Internet ETF,25.83,USD,25.89,USD,25.82,USD,25.8491,USD,1176
OARK,YieldMax Innovation Option Income Strategy ETF,30.18,USD,30.18,USD,29.862,USD,29.862,USD,3215
TIIV,AAM Todd International Intrinsic Value ETF,30.155,USD,30.16,USD,29.9775,USD,29.9775,USD,1040
PVI,Invesco Floating Rate Municipal Income ETF,25,USD,25.09,USD,24.88,USD,24.95,USD,66403
BESF,Bastion Energy ETF,37.21,USD,37.295,USD,37.0086,USD,37.0086,USD,1337
SCSB,Sterling Capital Short Duration Bond ETF,24.5901,USD,24.5901,USD,24.5901,USD,24.5901,USD,61
LUNC,Longnook Uncommon Compounders ETF,24.98,USD,24.98,USD,24.8361,USD,24.8361,USD,3016
PEMX,Putnam Emerging Markets ex-China ETF,86.33,USD,86.33,USD,85.7953,USD,85.7953,USD,954
IINC,Alki Consolidated Income ETF,24.8177,USD,24.8177,USD,24.8177,USD,24.8177,USD,18
MHY,Man Active High Yield ETF,25.34,USD,25.34,USD,25.27,USD,25.2982,USD,5363
HOMZ,Hoya Capital Housing ETF,41.125,USD,41.125,USD,40.73,USD,40.7332,USD,1633
BBLB,JPMorgan BetaBuilders U.S. Treasury Bond 20+ Year ETF,73.3,USD,73.47,USD,73.3,USD,73.47,USD,19499
VDIG,Vanguard Wellington Dividend Growth Active ETF,62.7,USD,62.7,USD,62.1361,USD,62.1361,USD,1406
FOPC,Frontier Asset Opportunistic Credit ETF,24.295,USD,24.295,USD,24.295,USD,24.295,USD,700
IBHL,iShares iBonds 2032 Term High Yield and Income ETF,24.57,USD,24.5899,USD,24.47,USD,24.47,USD,5368
CCFE,Concourse Capital Focused Equity ETF,23.546,USD,23.546,USD,23.546,USD,23.546,USD,6
JADE,JPMorgan Active Developing Markets Equity ETF,79.36,USD,79.36,USD,78.76,USD,78.8796,USD,2563
GK,AdvisorShares Gerber Kawasaki ETF,29.23,USD,29.23,USD,29.0029,USD,29.0029,USD,580
JPO,YieldMax JP Option Income Strategy ETF,13.4599,USD,13.4599,USD,13.31,USD,13.31,USD,4676
TPUT,T. Rowe Price Capital Appreciation Market Opportunities ETF,25.1227,USD,25.15,USD,25.0637,USD,25.105,USD,5873
HXC,Mast HedgeIndex Strategic Commodities ETF,25.88,USD,25.88,USD,25.88,USD,25.88,USD,15
XNAV,FundX Aggressive ETF,92.56,USD,92.56,USD,92.3945,USD,92.3945,USD,677
GENM,Genter Capital Municipal Quality Intermediate ETF,9.89,USD,9.9,USD,9.86,USD,9.8695,USD,13546
HEQQ,JPMorgan Nasdaq Hedged Equity Laddered Overlay ETF,62.4351,USD,62.4351,USD,62.4351,USD,62.4351,USD,20
OBND,State Street Loomis Sayles Opportunistic Bond ETF,24.83,USD,24.8401,USD,24.83,USD,24.831,USD,2498
HEAL,Global X HealthTech ETF,29.34,USD,29.6999,USD,29.33,USD,29.5116,USD,6724
PAWZ,ProShares Pet Care ETF,47.2,USD,47.2,USD,46.8907,USD,46.9941,USD,700
VSHY,Virtus Newfleet Short Duration High Yield Bond ETF,21.31,USD,21.31,USD,21.16,USD,21.16,USD,1326
IBIM,iShares iBonds Oct 2036 Term TIPS ETF,23.66,USD,23.66,USD,23.605,USD,23.65,USD,50489
RFFC,ALPS Active Equity Opportunity ETF,77.11,USD,77.12,USD,76.5698,USD,76.5698,USD,590
LKOR,Northern Trust Credit-Scored US Long Corporate Bond ETF,38.1,USD,38.1468,USD,38.1,USD,38.1468,USD,388
LDRI,iShares iBonds 1-5 Year TIPS Ladder ETF,24.75,USD,24.7797,USD,24.73,USD,24.75,USD,22294
ZIG,The Acquirers Fund,38.18,USD,38.18,USD,37.8137,USD,37.8137,USD,2236
NDIV,Amplify Natural Resources Dividend Income ETF,33,USD,33.45,USD,32.8495,USD,32.8495,USD,18869
WBIG,WBI BullBear Yield 3000 ETF,25.55,USD,25.55,USD,25.43,USD,25.43,USD,1465
ONEH,TrueShares Equity Hedge ETF,24.395,USD,24.5,USD,24.3,USD,24.3749,USD,24750
JHAI,Janus Henderson Global Artificial Intelligence ETF,35.65,USD,35.78,USD,35.5581,USD,35.5639,USD,13998
GTPE,Goldman Sachs MSCI World Private Equity Return Tracker ETF,60.505,USD,60.505,USD,60.505,USD,60.505,USD,649
ESIM,Eventide International ETF,28.8001,USD,28.82,USD,28.6552,USD,28.6604,USD,12280
ONEO,State Street SPDR Russell 1000 Momentum Focus ETF,148.2848,USD,148.2848,USD,148.2848,USD,148.2848,USD,125
CVRD,Madison Covered Call ETF,17.9848,USD,17.9848,USD,17.9848,USD,17.9848,USD,33
FCA,First Trust China AlphaDEX Fund,25.69,USD,25.99,USD,25.68,USD,25.8232,USD,4859
CUT,Invesco MSCI Global Timber ETF,28.0714,USD,28.0714,USD,28.0714,USD,28.0714,USD,272
HMLSF,GLOBAL X INVESTMENTS CANADA INC.,5.2885,USD,5.2885,USD,5.2885,USD,5.2885,USD,350
KMEM,Kurv Memory Select ETF,20.41,USD,20.44,USD,20.04,USD,20.105,USD,33255
PEPS,Parametric Equity Plus ETF,32.9138,USD,32.9138,USD,32.9138,USD,32.9138,USD,65
EDOG,ALPS Emerging Sector Dividend Dogs ETF,23.7,USD,23.71,USD,23.6478,USD,23.6478,USD,7133
CLCG,Crossmark Large Cap Growth ETF,29.295,USD,29.3,USD,29.1368,USD,29.1368,USD,2279
FMTL,First Trust Indxx Critical Metals ETF,35.1,USD,35.1,USD,34.6218,USD,34.6218,USD,2076
WBIL,WBI BullBear Quality 3000 ETF,39.2248,USD,39.2248,USD,39.2248,USD,39.2248,USD,48
FPWR,First Trust EIP Power Solutions ETF,34.82,USD,34.82,USD,34.3201,USD,34.3334,USD,29401
TMGN,TappAlpha Cboe Magnificent 10 Growth & Daily Income ETF,25.64,USD,25.86,USD,25.61,USD,25.63,USD,51113
OTGL,OTG Latin America ETF,10.6,USD,10.6,USD,10.6,USD,10.6,USD,20
MMK,State Street Prime Money Market ETF,100.27,USD,100.3,USD,100.27,USD,100.3,USD,1349
OGSP,Obra High Grade Structured Products ETF,9.91,USD,9.91,USD,9.91,USD,9.91,USD,62
CBON,VanEck China Bond ETF,24.2,USD,24.2,USD,24.08,USD,24.145,USD,6668
RCTR,First Trust Bloomberg Nuclear Power ETF,32.11,USD,32.28,USD,31.9101,USD,31.9101,USD,1419
SSFI,Day Hagan Smart Sector Fixed Income ETF,20.3,USD,20.3,USD,20.221,USD,20.2339,USD,4659
FSGS,First Trust SMID Growth Strength ETF,31.78,USD,31.79,USD,31.7508,USD,31.7508,USD,716
QDIV,Global X S&P 500 Quality Dividend ETF,38.53,USD,38.53,USD,38.2351,USD,38.2351,USD,408
BTOT,iShares Total USD Fixed Income Market ETF,47.21,USD,47.2362,USD,47.21,USD,47.2362,USD,419
STRN,SMART Trend 25 ETF,26.625,USD,26.625,USD,26.4931,USD,26.4931,USD,1297
ZTEN,F/m 10-Year Investment Grade Corporate Bond ETF,47.36,USD,47.4,USD,47.347,USD,47.347,USD,1163
RMNY,Rockefeller New York Municipal Bond ETF,23.08,USD,23.08,USD,22.9242,USD,22.9242,USD,5346
MMMA,NYLIM MacKay Muni Allocation ETF,23.83,USD,23.94,USD,23.78,USD,23.78,USD,11179
SDTY,YieldMax S&P 500 0DTE Covered Call Strategy ETF,40.5,USD,40.64,USD,40.3501,USD,40.3981,USD,8230
CRDT,Simplify Opportunistic Income ETF,20.91,USD,20.91,USD,20.72,USD,20.8017,USD,4877
EGUS,iShares ESG Aware MSCI USA Growth ETF,59.395,USD,59.43,USD,59.1105,USD,59.1105,USD,901
QDTY,YieldMax Nasdaq 100 0DTE Covered Call Strategy ETF,38.8,USD,39.17,USD,38.8,USD,38.9084,USD,8156
HYBX,TCW High Yield Bond ETF,28.9,USD,28.9,USD,28.84,USD,28.9,USD,536
THYM,T. Rowe Price High Income Municipal ETF,47.54,USD,47.54,USD,47.4363,USD,47.4363,USD,138
SGRW,Harbor Active Small Cap Growth ETF,24.8856,USD,24.8856,USD,24.8856,USD,24.8856,USD,323
XLVI,State Street Health Care Select Sector SPDR Premium Income ETF,26.51,USD,26.5285,USD,26.325,USD,26.37,USD,44365
QNXT,iShares Nasdaq-100 ex Top 30 ETF,30.88,USD,30.89,USD,30.79,USD,30.8131,USD,9183
WISE,Themes Generative Artificial Intelligence ETF,35.41,USD,35.706,USD,35.3825,USD,35.3825,USD,2633
DIVY,Sound Equity Dividend Income ETF,29.25,USD,29.26,USD,29.01,USD,29.01,USD,1998
FTDVF,First Trust Global Funds Plc,25.4328,USD,25.4478,USD,25.4328,USD,25.4478,USD,5884
PRVS,Parnassus Value Select ETF,32.57,USD,32.57,USD,32.325,USD,32.325,USD,487
PSCF,Invesco S&P SmallCap Financials ETF,61.07,USD,61.07,USD,60.6285,USD,60.6285,USD,2306
LFEQ,VanEck Long/Flat Trend ETF,60.84,USD,61.2201,USD,60.84,USD,60.8556,USD,815
JLVP,JPMorgan U.S. Large Cap Value Plus ETF,49.6086,USD,49.6086,USD,49.6086,USD,49.6086,USD,116
IVSS,Applied Finance IVS US SMID ETF,28.715,USD,28.73,USD,28.5838,USD,28.5838,USD,12818
MFSD,MFS Active Short Duration Income ETF,24.64,USD,24.64,USD,24.615,USD,24.6196,USD,8510
CCSB,Carbon Collective Short Duration Green Bond ETF,19.38,USD,19.38,USD,19.3,USD,19.305,USD,2161
EYEG,AB Corporate Bond ETF,33.455,USD,33.455,USD,33.3838,USD,33.3838,USD,764
PSET,Principal Quality ETF,79.1,USD,79.1,USD,78.5988,USD,78.5988,USD,738
LCOW,Pacer S&P 500 Quality FCF Aristocrats ETF,26.84,USD,26.84,USD,26.7128,USD,26.7128,USD,2218
DEEP,Acquirers Small and Micro Deep Value ETF,41.33,USD,41.33,USD,40.959,USD,40.959,USD,691
JIDE,JPMorgan International Dynamic ETF,51.18,USD,51.18,USD,51.1693,USD,51.1693,USD,20267
BREE,MFS Blended Research Emerging Markets Equity ETF,27.45,USD,27.45,USD,27.2975,USD,27.35,USD,737
HBMX,Tuttle Capital Concentrated Memory Stack ETF,25.76,USD,25.76,USD,25,USD,25.03,USD,12571
TLTP,Amplify TLT U.S. Treasury 12% Option Income ETF,18.835,USD,18.86,USD,18.71,USD,18.75,USD,31774
WMSB,Weitz Multisector Bond ETF,24.2,USD,24.2,USD,24.1772,USD,24.1772,USD,1038
GOOP,Kurv Yield Premium Strategy Google (GOOGL) ETF,36.15,USD,36.45,USD,35.6382,USD,35.6382,USD,8105
REIX,NYLIM CBRE Real Estate & Infrastructure ETF,28.2507,USD,28.2507,USD,28.2507,USD,28.2507,USD,11
YQQQ,YieldMax Short N100 Option Income Strategy ETF,9.3758,USD,9.3758,USD,9.3758,USD,9.3758,USD,5
TGLB,T. Rowe Price Global Equity ETF,29.9972,USD,29.9972,USD,29.9972,USD,29.9972,USD,15
MYCK,State Street My2031 Corporate Bond ETF,23.91,USD,23.91,USD,23.85,USD,23.8634,USD,6753
BRSM,MFS Blended Research Small-Mid Cap ETF,25.11,USD,25.11,USD,24.7,USD,24.7,USD,1274
IIGD,Invesco Investment Grade Defensive ETF,23.82,USD,23.82,USD,23.78,USD,23.7828,USD,8214
AAVM,Alpha Architect Global Factor Equity ETF,33.4221,USD,33.4221,USD,33.4221,USD,33.4221,USD,29
EEMO,Invesco S&P Emerging Markets Momentum ETF,22.46,USD,22.57,USD,22.321,USD,22.3616,USD,23040
MCVT,Miller Convertible Total Return ETF,27.46,USD,27.46,USD,27.36,USD,27.3615,USD,6394
FTKI,First Trust Small Cap BuyWrite Income ETF,19.0988,USD,19.0988,USD,19.0988,USD,19.0988,USD,85
SCUB,Sterling Capital Ultra Short Bond ETF,24.96,USD,24.96,USD,24.96,USD,24.96,USD,12
INYY,YieldMax INTC Option Income Strategy ETF,40.16,USD,41.25,USD,40.16,USD,41.09,USD,86462
PINC,PGIM Securitized Income ETF,49.1,USD,49.21,USD,49.0389,USD,49.0389,USD,2009
BYRE,Principal Real Estate Active Opportunities ETF,25.98,USD,25.98,USD,25.6896,USD,25.6896,USD,3588
MLPD,Global X MLP & Energy Infrastructure Covered Call ETF,24.1,USD,24.145,USD,23.82,USD,23.9208,USD,18502
JPSV,JPMorgan Active Small Cap Value ETF,65.5071,USD,65.5071,USD,65.5071,USD,65.5071,USD,33
NISM,NYLIM International Small-Mid Cap Equity ETF,25.1153,USD,25.1153,USD,25.1153,USD,25.1153,USD,8
MBND,State Street Nuveen Municipal Bond ETF,25.62,USD,25.69,USD,25.61,USD,25.62,USD,3977
ESLG,Eventide Large Cap Growth ETF,28.53,USD,28.53,USD,28.3795,USD,28.3795,USD,6424
AAAD,PGIM AAA CLO Aggregate Duration ETF,47.9148,USD,47.9148,USD,47.9148,USD,47.9148,USD,13
BUYB,ProShares S&P 500 Buyback Aristocrats ETF,41.3,USD,41.3001,USD,41.0435,USD,41.0435,USD,1634
USLN,iShares Broad USD Floating Rate Loan ETF,50.53,USD,50.55,USD,50.48,USD,50.495,USD,8848
UFIV,US Treasury 5 Year Note ETF,46.55,USD,46.5501,USD,46.415,USD,46.4426,USD,6724
IBMU,iShares iBonds Dec 2032 Term Muni Bond ETF,24.06,USD,24.125,USD,24.06,USD,24.0894,USD,1691
TPFI,Timothy Plan Fixed Income ETF,23.85,USD,23.85,USD,23.845,USD,23.845,USD,375
TAX,Cambria Tax Aware ETF,30.37,USD,30.37,USD,30.18,USD,30.2288,USD,570
EBIZ,Global X E-commerce ETF,27.93,USD,28.1,USD,27.8934,USD,27.8934,USD,1982
CTEC,Global X ClimateTech ETF,56.03,USD,56.03,USD,55.8382,USD,55.8382,USD,1255
CCOR,Core Alternative ETF,25.16,USD,25.16,USD,25.0835,USD,25.0835,USD,1479
URAN,Themes Uranium & Nuclear ETF,35.21,USD,35.21,USD,34.8,USD,34.85,USD,6413
PRAB,State Street IG Public & Private ABS ETF,24.765,USD,24.765,USD,24.765,USD,24.765,USD,16
BMSI,BNY Mellon Muti-Sector Income ETF,24.81,USD,24.81,USD,24.7599,USD,24.7599,USD,107
MANI,Man Active Income ETF,25.67,USD,25.7,USD,25.65,USD,25.68,USD,5892
JAPN,Horizon Kinetics Japan Owner Operator ETF,25.28,USD,25.28,USD,25.1427,USD,25.1427,USD,1521
UCIB,"ETRACS UBS Bloomberg Constant Maturity Commodity Index (CMCI) Total Return ETN Series B due April 5, 2038",37.8,USD,37.8,USD,37.79,USD,37.79,USD,10371
TEMR,T. Rowe Price Emerging Markets Equity Research ETF,28.56,USD,28.56,USD,28.527,USD,28.527,USD,245
AUMI,Themes Gold Miners ETF,93.7,USD,93.7,USD,92.3798,USD,92.3798,USD,725
ALIL,Argent Focused Small Cap ETF,30.03,USD,30.07,USD,30.02,USD,30.0381,USD,2397
TACN,T. Rowe Price Active Core International Equity ETF,28.68,USD,28.68,USD,28.3772,USD,28.3772,USD,882
SHUS,Stratified LargeCap Hedged ETF,49.7775,USD,49.7775,USD,49.7775,USD,49.7775,USD,26
VBCJ,Vanguard Target Maturity 2036 Corporate Bond ETF,71.16,USD,71.16,USD,70.895,USD,70.9226,USD,3269
MIVL,MFS Active International Value ETF,25.33,USD,25.33,USD,25.2302,USD,25.2302,USD,260
DIVD,Altrius Global Dividend ETF,42.91,USD,42.91,USD,42.6581,USD,42.6581,USD,3574
GPT,Intelligent Alpha Atlas ETF,34.585,USD,34.63,USD,34.3913,USD,34.3913,USD,1835
QEW,Invesco QQQ Equal Weight ETF,29.89,USD,29.9,USD,29.76,USD,29.7751,USD,26423
PPTY,U.S. Diversified Real Estate ETF,31.64,USD,31.64,USD,31.46,USD,31.46,USD,1791
KEMQ,KraneShares Public-Private Emerging Markets Internet and Technology ETF,24.8129,USD,24.8129,USD,24.8129,USD,24.8129,USD,212
JXX,Janus Henderson Transformational Growth ETF,31.42,USD,31.505,USD,31.31,USD,31.31,USD,2014
FTXG,First Trust Nasdaq Food & Beverage ETF,21.45,USD,21.45,USD,21.0809,USD,21.0809,USD,1799
ACSV,American Century Small Cap Value Insights ETF,46.88,USD,46.88,USD,46.6966,USD,46.6966,USD,10630
FDRV,Fidelity Electric Vehicles and Future Transportation ETF,16.19,USD,16.19,USD,16.06,USD,16.06,USD,3121
RNRG,Global X Renewable Energy Producers ETF,32.2039,USD,32.2039,USD,32.2039,USD,32.2039,USD,361
JAADF,JANUS HENDERSON TABULA FUND JH USD AAA CLO ACTIVE ETF USD D,10.0949,USD,10.0949,USD,10.0949,USD,10.0949,USD,25958
SIFI,Harbor Ares Systematic Multi-Sector Income ETF,42.1,USD,42.1,USD,42.1,USD,42.1,USD,126
TIZE,TCW Securitized Income ETF,33.965,USD,33.965,USD,33.965,USD,33.965,USD,9
BCDF,Horizon Kinetics Blockchain Development ETF,32.21,USD,32.2112,USD,31.53,USD,32.0003,USD,6308
ROPE,Coastal Compass 100 ETF,29.37,USD,29.37,USD,29.04,USD,29.04,USD,2643
QQQS,Invesco NASDAQ Future Gen 200 ETF,42.96,USD,43.32,USD,42.9341,USD,42.9341,USD,6786
LDRH,iShares iBonds 1-5 Year High Yield and Income Ladder ETF,24.07,USD,24.07,USD,24.01,USD,24.0181,USD,1187
BEMD,BNY Mellon Emerging Markets Debt ETF,23.95,USD,23.95,USD,23.95,USD,23.95,USD,9
INVG,GMO Systematic Investment Grade Credit ETF,24.0535,USD,24.0535,USD,24.0535,USD,24.0535,USD,636
DUKH,Ocean Park High Income ETF,23.23,USD,23.2301,USD,23.19,USD,23.19,USD,1516
AMOM,QRAFT AI-Enhanced U.S. Large Cap Momentum ETF,61.1,USD,61.1,USD,61.1,USD,61.1,USD,635
GOLI,Defiance Gold Enhanced Options Income ETF,12.0963,USD,12.0963,USD,12.0963,USD,12.0963,USD,108
RDYY,YieldMax RDDT Option Income Strategy ETF,14.83,USD,15.2999,USD,14.5201,USD,14.54,USD,14631
NUIF,Nuveen US Infrastructure ETF,23.3858,USD,23.3858,USD,23.3858,USD,23.3858,USD,102
AWAY,Amplify Travel Tech ETF,16.98,USD,17,USD,16.8944,USD,16.8944,USD,6003
KONG,Opportunities Trust Formidable Fortress ETF,32.78,USD,32.78,USD,32.5966,USD,32.5966,USD,1368
BDVG,IMGP Berkshire Dividend Growth ETF,14.66,USD,14.66,USD,14.55,USD,14.6061,USD,9774
ICPI,iShares 0-1 Year TIPS Bond ETF,50.37,USD,50.42,USD,50.3601,USD,50.3803,USD,4895
JMID,Janus Henderson Mid Cap Growth Alpha ETF,31.22,USD,31.27,USD,31.1504,USD,31.1504,USD,22772
MJSC,MUFG Japan Small Cap Active ETF,61.7205,USD,61.7205,USD,61.7205,USD,61.7205,USD,14
PSCD,Invesco S&P SmallCap Consumer Discretionary ETF,107.0333,USD,107.0333,USD,107.0333,USD,107.0333,USD,98
VMSD,VictoryShares Short-Duration Municipal ETF,25.05,USD,25.11,USD,25.05,USD,25.05,USD,17813
USSH,WisdomTree 1-3 Year Laddered Treasury Fund,49.67,USD,49.67,USD,49.6499,USD,49.6514,USD,939
XOEF,iShares S&P 500 ex S&P 100 ETF,29.1046,USD,29.1046,USD,29.1046,USD,29.1046,USD,214
VMHY,VictoryShares Municipal High Yield ETF,25.11,USD,25.1299,USD,25.055,USD,25.0713,USD,7516
QUSA,VistaShares Target 15 USA Quality Income ETF,17.73,USD,17.869,USD,17.69,USD,17.7,USD,10116
WBIF,WBI BullBear Value 3000 ETF,34.82,USD,34.82,USD,34.6608,USD,34.6608,USD,160
ANTW,Anthropic AI Lab Ecosystem ETF,25.16,USD,25.16,USD,24.72,USD,24.76,USD,85181
RISE,Pictet Emerging Markets Rising Economies ETF,18.16,USD,18.1701,USD,18.1205,USD,18.1205,USD,1116
XLKI,State Street Technology Select Sector SPDR Premium Income ETF,27.4,USD,27.46,USD,27.34,USD,27.42,USD,62446
MEMS,Matthews Emerging Markets Discovery Active ETF,30.1005,USD,30.1005,USD,30.1005,USD,30.1005,USD,85
TMNS,T. Rowe Price Short Municipal Income ETF,48.5,USD,48.5145,USD,48.5,USD,48.5145,USD,241
DRKY,VistaShares Target 15 DRUKMacro Distribution ETF,22.42,USD,22.46,USD,22.1719,USD,22.1719,USD,1018
TAGS,Teucrium Agricultural Fund ETV,27.25,USD,27.25,USD,27.08,USD,27.1306,USD,12352
QSIX,Pacer Metaurus Nasdaq 100 Dividend Multiplier 600 ETF,43.45,USD,43.45,USD,43.2734,USD,43.2734,USD,1470
BSJX,Invesco BulletShares 2033 High Yield Corporate Bond ETF,24.2,USD,24.27,USD,24.03,USD,24.03,USD,14378
DECO,State Street Galaxy Digital Asset Ecosystem ETF,73.2639,USD,73.2639,USD,73.2639,USD,73.2639,USD,152
PEZ,Invesco Dorsey Wright Consumer Cyclicals Momentum ETF,93.69,USD,93.69,USD,93.1566,USD,93.1566,USD,308
YFFI,Indexperts Yield Focused Fixed Income ETF,9.49,USD,9.49,USD,9.4799,USD,9.4799,USD,801
BRF,VanEck Brazil Small-Cap ETF,16.3804,USD,16.3804,USD,16.3804,USD,16.3804,USD,161
ENHI,iShares Enhanced International Active ETF,26.6807,USD,26.6807,USD,26.6807,USD,26.6807,USD,91
DRGN,Themes China Generative Artificial Intelligence ETF,32.1342,USD,32.1342,USD,32.1076,USD,32.1076,USD,916
PCHI,Polen High Income ETF,23.57,USD,23.6,USD,23.46,USD,23.46,USD,17633
DTAN,Sparkline International Intangible Value ETF,32.4774,USD,32.4774,USD,32.4774,USD,32.4774,USD,101
PCEB,Polen Euro High Yield Bond ETF,23.5695,USD,23.5695,USD,23.43,USD,23.431,USD,1593
SIOO,VistaShares Target 15 S&P 100 Distribution ETF,19.51,USD,19.7199,USD,19.51,USD,19.6153,USD,5501
MCH,Matthews China Active ETF,27.09,USD,27.0904,USD,27.09,USD,27.0904,USD,1374
TMNL,T. Rowe Price Long Municipal Income ETF,47.46,USD,47.465,USD,47.2998,USD,47.2998,USD,22193
BWTG,Brendan Wood TopGun Index ETF,41.96,USD,41.96,USD,41.64,USD,41.64,USD,796
MUSQ,MUSQ Global Music Industry Index ETF,24.8,USD,24.8,USD,24.7205,USD,24.7205,USD,249
XLSI,State Street Consumer Staples Select Sector SPDR Premium Income ETF,22.96,USD,22.96,USD,22.52,USD,22.52,USD,11021
NEWZ,StockSnips AI-Powered Sentiment US All Cap ETF,29.23,USD,29.23,USD,29.0361,USD,29.0361,USD,428
DDXX,Defined Duration 20 ETF,28,USD,28,USD,27.8243,USD,27.8243,USD,758
WDE,Principal Securitized Debt ETF,24.41,USD,24.41,USD,24.38,USD,24.38,USD,34798
YLDY,Horizon High Income ETF,24.71,USD,24.76,USD,24.598,USD,24.598,USD,2947
QTUP,Defiance Long Pure Quantum ETF,16.27,USD,16.61,USD,16,USD,16.005,USD,49126
EUIG,iShares Euro Investment Grade Corporate Bond USD Hedged ETF,48.96,USD,48.97,USD,48.8639,USD,48.8639,USD,413
AQWA,Global X Clean Water ETF,18.07,USD,18.07,USD,17.98,USD,17.983,USD,4185
GGM,GGM Macro Alignment ETF,30.84,USD,30.84,USD,30.6183,USD,30.6183,USD,133
RWIN,Rayliant NxtGen Multifactor International Equity ETF,26.7105,USD,26.7105,USD,26.7105,USD,26.7105,USD,13
CVNY,YieldMax CVNA Option Income Strategy ETF,17.85,USD,18.05,USD,17.6,USD,17.76,USD,14416
PCLO,VIRTUS SEIX AAA Private Credit CLO ETF,24.92,USD,24.92,USD,24.915,USD,24.915,USD,1253
SCLZ,Swan Enhanced Dividend Income ETF,56.99,USD,56.99,USD,56.7061,USD,56.7061,USD,1015
BSCA,Invesco BulletShares 2036 Corporate Bond ETF,18.94,USD,18.945,USD,18.88,USD,18.8969,USD,26151
PSCM,Invesco S&P SmallCap Materials ETF,94.11,USD,94.1647,USD,94.11,USD,94.1647,USD,826
EVLU,iShares MSCI Emerging Markets Value Factor ETF,41.42,USD,41.48,USD,41.2336,USD,41.275,USD,4592
MFLX,First Trust Flexible Municipal High Income ETF,16.04,USD,16.04,USD,15.845,USD,15.845,USD,275
XYZY,YieldMax XYZ Option Income Strategy ETF,22.61,USD,22.8599,USD,22.5,USD,22.6131,USD,14567
GDOC,Goldman Sachs Future Health Care Equity ETF,37.45,USD,37.45,USD,37.1398,USD,37.1398,USD,3558
ASEC,American Century Securitized Credit ETF,49.195,USD,49.195,USD,49.195,USD,49.195,USD,22
TIPA,Northern Trust 2030 Inflation-Linked Distributing Ladder ETF,98.07,USD,98.07,USD,97.96,USD,97.96,USD,8638
HIAI,Ai Funds High Conviction US Equity AI-Managed ETF,25.83,USD,25.83,USD,25.62,USD,25.62,USD,6159
PJFM,PGIM Jennison Focused Mid-Cap ETF,64.5643,USD,64.5643,USD,64.5643,USD,64.5643,USD,11
FMQQ,FMQQ The Next Frontier Internet ETF,11.82,USD,11.8431,USD,11.78,USD,11.8431,USD,9482
TNXT,T. Rowe Price Innovation Leaders ETF,28.82,USD,28.82,USD,28.7052,USD,28.7052,USD,541
FFDI,Fidelity Fundamental Developed International ETF,32.11,USD,32.11,USD,31.84,USD,31.84,USD,3673
MCHS,Matthews China Innovators Active ETF,39.47,USD,39.49,USD,39.385,USD,39.3926,USD,1366
MFSX,MFS Active Short Muni Bond ETF,24.62,USD,24.6242,USD,24.62,USD,24.6242,USD,7603
RMCA,Rockefeller California Municipal Bond ETF,22.68,USD,22.74,USD,22.615,USD,22.6212,USD,3773
DDV,Defined Duration 5 ETF,25.29,USD,25.29,USD,24.9353,USD,24.9353,USD,7150
MBSX,Regan Fixed Rate MBS ETF,25.26,USD,25.538,USD,25.05,USD,25.538,USD,863
ULTI,REX IncomeMax Option Strategy ETF,6.515,USD,6.515,USD,6.515,USD,6.515,USD,51
CDEI,"Calvert US Large-Cap Diversity, Equity and Inclusion Index ETF",94.455,USD,94.455,USD,93.8352,USD,93.8352,USD,235
OWNB,Bitwise Bitcoin Standard Corporations ETF,22.4305,USD,22.4305,USD,22.4305,USD,22.4305,USD,214
TFNS,T. Rowe Price Financials ETF,27.57,USD,27.6,USD,27.37,USD,27.4045,USD,25411
MILK,Pacer US Cash Cows Bond ETF,23.2604,USD,23.262,USD,23.245,USD,23.262,USD,3748
MUNX,AMG GW&K Muni Income ETF,23.515,USD,23.515,USD,23.47,USD,23.47,USD,2174
TEXN,iShares Texas Equity ETF,33.05,USD,33.06,USD,32.89,USD,32.9325,USD,4854
MPLY,Monopoly ETF,32.95,USD,33.17,USD,32.927,USD,32.927,USD,2436
AMHI,American Beacon Aberdeen Municipal High Income ETF,23.1207,USD,23.1207,USD,23.1207,USD,23.1207,USD,15
TLTI,NEOS Enhanced Income 20+ Year Treasury Bond ETF,41.37,USD,41.37,USD,41.12,USD,41.31,USD,15960
RCLY,Reckoner BBB-B CLO Annual ETF,103.63,USD,103.63,USD,103.63,USD,103.63,USD,10
WDRN,"WisdomTree Physical AI, Humanoids and Drones Fund",26.24,USD,26.26,USD,26.075,USD,26.075,USD,5772
SEA,US Global Sea to Sky Cargo ETF,20.19,USD,20.385,USD,20.1,USD,20.2,USD,23051
FFLV,Fidelity Fundamental Large Cap Value ETF,27.76,USD,27.8,USD,27.61,USD,27.61,USD,739
TLDR,The Laddered T-Bill ETF,25.01,USD,25.01,USD,24.99,USD,25.005,USD,112697
CHYG,Corgi 0-5 Year High Yield Corporate Bond ETF,24.62,USD,24.62,USD,24.3794,USD,24.3794,USD,16914
KROP,Global X AgTech & Food Innovation ETF,35.78,USD,35.98,USD,35.49,USD,35.49,USD,4665
SCAP,Infrastructure Capital Small Cap Income ETF,35.97,USD,36.025,USD,35.7235,USD,35.7235,USD,1437
ZTWO,F/m 2-Year Investment Grade Corporate Bond ETF,49.73,USD,49.79,USD,49.72,USD,49.721,USD,542
MIG,VanEck Moody's Analytics IG Corporate Bond ETF,20.28,USD,20.28,USD,20.2097,USD,20.2097,USD,379
SMHC,VanEck China Semiconductor ETF,43.63,USD,43.63,USD,43.3801,USD,43.41,USD,9945
MOTG,VanEck Morningstar Global Wide Moat ETF,39.0065,USD,39.0065,USD,39.0065,USD,39.0065,USD,142
HAIL,State Street SPDR S&P Kensho Smart Mobility ETF,34.0408,USD,34.0408,USD,33.9709,USD,33.9709,USD,545
BUYO,KraneShares Man Buyout Beta Index ETF,31.8724,USD,31.8724,USD,31.8724,USD,31.8724,USD,46
VRAI,Virtus Real Asset Income ETF,27.06,USD,27.0601,USD,26.9322,USD,26.9322,USD,324
RDTY,YieldMax R2000 0DTE Covered Strategy ETF,34.7,USD,34.761,USD,34.47,USD,34.5756,USD,18698
INDE,Matthews India Active ETF,28.75,USD,28.75,USD,28.75,USD,28.75,USD,158
VBCG,Vanguard Target Maturity 2033 Corporate Bond ETF,71.87,USD,71.87,USD,71.73,USD,71.805,USD,4351
VUS,Virtus US Dividend ETF,30.06,USD,30.06,USD,29.8713,USD,29.8713,USD,1625
NBCE,Neuberger China Equity ETF,37.1473,USD,37.1473,USD,37.1473,USD,37.1473,USD,17
AMZP,Kurv Yield Premium Strategy Amazon (AMZN) ETF,24.71,USD,25.23,USD,24.71,USD,24.9912,USD,8997
IBHM,iShares iBonds 2033 Term High Yield and Income ETF,24.37,USD,24.37,USD,24.2,USD,24.2256,USD,6211
GGTL,Gabelli Global Technology Leaders ETF,40.58,USD,40.58,USD,40.532,USD,40.532,USD,237
SROI,Calamos Antetokounmpo Global Sustainable Equities ETF,37.22,USD,37.22,USD,37.22,USD,37.22,USD,167
QLVE,Northern Trust Emerging Markets Quality Low Volatility ETF,33.6159,USD,33.6159,USD,33.6159,USD,33.6159,USD,31
HCOW,Amplify COWS Covered Call ETF,23.56,USD,23.61,USD,23.4293,USD,23.4293,USD,3206
QIG,WisdomTree U.S. Corporate Bond Fund,42.0034,USD,42.0034,USD,42.0034,USD,42.0034,USD,71
CQTM,Corgi Quantum Computing ETF,23.74,USD,24.25,USD,23.5,USD,23.52,USD,12261
MEDX,Horizon Kinetics Medical ETF,35.73,USD,35.73,USD,35.2817,USD,35.2817,USD,893
ESLV,Eventide Large Cap Value ETF,27.84,USD,27.9,USD,27.7315,USD,27.7315,USD,3858
CLCV,Crossmark Large Cap Value ETF,30.46,USD,31.41,USD,30.325,USD,30.3265,USD,18352
TLTX,Global X Treasury Bond Enhanced Income ETF,20.07,USD,20.1,USD,20.02,USD,20.035,USD,3607
EMFI,Pictet Emerging Markets Debt ETF,47.6532,USD,47.6532,USD,47.6532,USD,47.6532,USD,105
RNEM,Emerging Markets Equity Select ETF,55.075,USD,55.075,USD,54.57,USD,55.0105,USD,4898
TSLP,Kurv Yield Premium Strategy Tesla (TSLA) ETF,14.33,USD,14.4803,USD,14.12,USD,14.4803,USD,6804
LCDS,JPMorgan Fundamental Data Science Large Core ETF,73.48,USD,73.48,USD,73.455,USD,73.455,USD,209
FEAC,Fidelity Enhanced U.S. All-Cap Equity ETF,33.1,USD,33.1,USD,32.8547,USD,32.8547,USD,2450
GENZ,VanEck Digital Native Economy ETF,36.665,USD,36.665,USD,36.295,USD,36.295,USD,195
IVEP,Dan IVES Wedbush AI Power & Infrastructure ETF,25.49,USD,25.49,USD,25.16,USD,25.2217,USD,6660
HELS,Hedgeye 130/30 Equity ETF,23.64,USD,23.85,USD,23.64,USD,23.7085,USD,7101
RW,Rainwater Equity ETF,24.3819,USD,24.3819,USD,24.3819,USD,24.3819,USD,126
VDI,Virtus International Dividend ETF,35.8,USD,35.8,USD,35.7417,USD,35.7588,USD,1170
TEKX,State Street Galaxy Transformative Tech Accelerators ETF,63.1615,USD,63.1615,USD,63.1615,USD,63.1615,USD,198
TACU,T. Rowe Price Active Core U.S. Equity ETF,28.18,USD,28.18,USD,27.9969,USD,27.9969,USD,6254
PCLN,Pictet Cleaner Planet ETF,30.4776,USD,30.4776,USD,30.4776,USD,30.4776,USD,28
DVGR,DAC 3D Dividend Growth ETF,25.67,USD,25.67,USD,25.5159,USD,25.5159,USD,490
TIME,Clockwise U.S. Core Equity ETF,27.74,USD,27.74,USD,27.6816,USD,27.6816,USD,1549
ACSM,Hartford Alpha Capture SMID Cap ETF,39.64,USD,39.64,USD,39.4479,USD,39.4479,USD,397504
UNL,United States 12 Month Natural Gas Fund,5.65,USD,5.7239,USD,5.64,USD,5.69,USD,37164
RTAI,Rareview Tax Advantaged Income ETF,18.9239,USD,18.9239,USD,18.9239,USD,18.9239,USD,17
NUDG,Nuveen Dividend Growth Fund: ETF Class Shares,62.6987,USD,62.6987,USD,62.6987,USD,62.6987,USD,10
JLQD,Janus Henderson Corporate Bond ETF,38.84,USD,38.86,USD,38.79,USD,38.86,USD,355
MEME,Roundhill Meme Stock ETF,8.72,USD,8.8,USD,8.47,USD,8.52,USD,53189
SHRY,First Trust Bloomberg Shareholder Yield ETF,44.75,USD,44.75,USD,44.4431,USD,44.4431,USD,253
SMRF,"ALPS Nautilus SMR, Nuclear & Technology ETF",22.96,USD,23,USD,22.75,USD,22.75,USD,9393
DANA,Dana Limited Volatility ETF,24.905,USD,24.905,USD,24.905,USD,24.905,USD,69
IQGR,Astoria International Quality Growth Kings ETF,25.24,USD,25.24,USD,25.1,USD,25.115,USD,9741
FTHB,FIS Faith Income ETF,24.175,USD,24.175,USD,24.09,USD,24.0905,USD,5084
RCLR,Reckoner BBB-B CLO Reinvesting ETF,51.795,USD,51.795,USD,51.795,USD,51.795,USD,87
ZTOP,F/m High Yield 100 ETF,49.8137,USD,49.8137,USD,49.8137,USD,49.8137,USD,24
PZIV,Pzena International Value ETF,29.62,USD,29.62,USD,29.3829,USD,29.3829,USD,1128
IBMV,iShares iBonds Dec 2033 Term Muni Bond ETF,23.83,USD,23.9119,USD,23.83,USD,23.9119,USD,45598
SDUR,Aristotle Short Term Income ETF,24.74,USD,24.77,USD,24.7361,USD,24.7637,USD,44471
KHYB,KraneShares Asia Pacific High Income USD Bond ETF,23.62,USD,23.65,USD,23.58,USD,23.6001,USD,4114
NXTI,Simplify Next Intangible Core Index ETF,35.9161,USD,35.9161,USD,35.9161,USD,35.9161,USD,24
BOXA,Alpha Architect Aggregate Bond ETF,101.999,USD,101.999,USD,101.7851,USD,101.7851,USD,135
FPRO,Fidelity Real Estate Investment ETF,23.29,USD,23.33,USD,23.1566,USD,23.1566,USD,1716
NBGX,Neuberger Growth ETF,30.42,USD,30.42,USD,30.1972,USD,30.1972,USD,409
TYLG,Global X Information Technology Covered Call & Growth ETF,43.45,USD,43.515,USD,43.406,USD,43.406,USD,1263
XLII,State Street Industrial Select Sector SPDR Premium Income ETF,24.33,USD,24.35,USD,24.18,USD,24.19,USD,10248
BOUT,CapForce IBD Breakout Opportunities ETF,42.6219,USD,42.6219,USD,42.6219,USD,42.6219,USD,88
UUPP,Principal CLO ETF,25.16,USD,25.16,USD,25.16,USD,25.16,USD,11
PBOT,Pictet AI & Automation ETF,34.9388,USD,34.9388,USD,34.9388,USD,34.9388,USD,83
ARWG,Archer Growth ETF,25.66,USD,25.66,USD,25.53,USD,25.53,USD,2244
PCFI,Polen Floating Rate Income ETF,22.52,USD,22.52,USD,22.475,USD,22.475,USD,222
PCCZF,PACER ETFS ICAV,25.1594,USD,25.1594,USD,25.1594,USD,25.1594,USD,24137
TESL,Simplify Volt TSLA Revolution ETF,12.94,USD,13.48,USD,12.94,USD,13.3954,USD,6687
WTRE,WisdomTree New Economy Real Estate Fund,22.2829,USD,22.2829,USD,22.2829,USD,22.2829,USD,230
FECM,First Eagle Core Municipal ETF,23.82,USD,23.82,USD,23.7397,USD,23.7808,USD,967
HDMV,First Trust Horizon Managed Volatility Developed International ETF,36.35,USD,36.35,USD,36.0543,USD,36.0543,USD,479
LOPP,Gabelli Love Our Planet & People ETF,35.51,USD,35.5111,USD,35.2464,USD,35.2464,USD,364
ABLG,Abacus FCF International Leaders ETF,30.23,USD,30.2597,USD,30.23,USD,30.2597,USD,761
PSCU,Invesco S&P SmallCap Utilities & Communication Services ETF,60.6,USD,60.69,USD,60.2648,USD,60.2648,USD,1572
QRMI,Global X NASDAQ 100 Risk Managed Income ETF,15.28,USD,15.28,USD,15.23,USD,15.235,USD,3222
BULD,Pacer BlueStar Engineering the Future ETF,36.18,USD,36.18,USD,36.118,USD,36.118,USD,324
TPLS,Thornburg Core Plus Bond ETF,23.98,USD,23.98,USD,23.92,USD,23.9422,USD,3223
SNPG,Xtrackers S&P 500 Growth ESG ETF,60.08,USD,60.15,USD,59.6869,USD,59.6869,USD,650
VNSE,Natixis Vaughan Nelson Select ETF,42.0533,USD,42.0533,USD,42.0533,USD,42.0533,USD,14
FOWF,Pacer Solactive Whitney Future of Warfare ETF,33.8,USD,33.8,USD,33.5631,USD,33.5631,USD,1128
SPTU,State Street SPDR Portfolio Ultra Short T-Bill ETF,25.08,USD,25.08,USD,25.075,USD,25.075,USD,8479
MYMI,State Street My2029 Municipal Bond ETF,23.85,USD,23.9,USD,23.85,USD,23.85,USD,954
NGIF,Nuveen Global Infrastructure Fund: ETF Class Shares,11.851,USD,11.851,USD,11.851,USD,11.851,USD,64
FTAG,First Trust Indxx Global Agriculture ETF,29.24,USD,29.24,USD,28.8538,USD,28.8538,USD,1128
VBCI,Vanguard Target Maturity 2035 Corporate Bond ETF,71.395,USD,71.395,USD,71.095,USD,71.1613,USD,2317
HVAC,AdvisorShares HVAC and Industrials ETF,34.23,USD,34.255,USD,33.91,USD,33.91,USD,7176
JCHI,JPMorgan Active China ETF,51.3959,USD,51.3959,USD,51.3959,USD,51.3959,USD,60
HBRD,Invesco U.S. Hybrid Bond ETF,23.7,USD,23.7,USD,23.7,USD,23.7,USD,6
CGOV,Corgi 0-3 Month T-Bill ETF,25.02,USD,25.02,USD,25.02,USD,25.02,USD,747
FLXI,Invesco Flexible Income ETF,46.8966,USD,46.8966,USD,46.8966,USD,46.8966,USD,10
BMED,iShares Health Innovation Active ETF,34.72,USD,34.72,USD,34.561,USD,34.561,USD,141
IMTG,Invesco Agency MBS ETF,46.3794,USD,46.3794,USD,46.3794,USD,46.3794,USD,8
SHRD,Arimathea Catholic Core Bond ETF,23.935,USD,23.935,USD,23.85,USD,23.8629,USD,2127
NERD,Roundhill Video Games ETF,22.14,USD,22.14,USD,22.1061,USD,22.1061,USD,558
DTRE,First Trust Alerian Disruptive Technology Real Estate ETF,39.7201,USD,39.7455,USD,39.7201,USD,39.7455,USD,372
FPAS,FPA Short Duration Government ETF,23.78,USD,23.78,USD,23.69,USD,23.71,USD,14950
LQID,Kurv Enhanced Short Maturity ETF,24.79,USD,24.8,USD,24.77,USD,24.775,USD,11817
TINY,ProShares Nanotechnology ETF,79.79,USD,79.79,USD,79.5174,USD,79.5174,USD,647
MUNB,Northern Trust 2035 Tax-Exempt Distributing Ladder ETF,96.82,USD,97.115,USD,96.57,USD,97.115,USD,520
MFMO,Motley Fool Momentum Factor ETF,23.12,USD,23.12,USD,23.0306,USD,23.0408,USD,6668
BABO,YieldMax BABA Option Income Strategy ETF,7.12,USD,7.16,USD,7.1,USD,7.1,USD,41552
EMIF,iShares Emerging Markets Infrastructure ETF,26.375,USD,26.375,USD,26.3614,USD,26.3614,USD,385
CRXP,Columbia Core Plus Bond ETF,18.77,USD,18.8,USD,18.77,USD,18.8,USD,587
PYPY,YieldMax PYPL Option Income Strategy ETF,25.96,USD,25.96,USD,25.195,USD,25.234,USD,19247
SDCP,Virtus Newfleet Short Duration Core Plus Bond ETF,25.0692,USD,25.0692,USD,25.0692,USD,25.0692,USD,13
TEMX,Touchstone Sands Capital Emerging Markets ex-China Growth ETF,37.4317,USD,37.4317,USD,37.4317,USD,37.4317,USD,14
DUKQ,Ocean Park Domestic ETF,31.38,USD,31.3801,USD,31.2282,USD,31.2282,USD,6605
ERET,iShares Environmentally Aware Real Estate ETF,27.0226,USD,27.0226,USD,27.0226,USD,27.0226,USD,87
BNDD,Quadratic Deflation ETF,94.44,USD,94.6844,USD,94.44,USD,94.6844,USD,432
HIYY,YieldMax HIMS Option Income Strategy ETF,11.65,USD,12.12,USD,11.65,USD,11.86,USD,36216
RFCI,ALPS Dynamic Core Income ETF,21.39,USD,21.39,USD,21.27,USD,21.32,USD,13275
ILIT,iShares Lithium Miners and Producers ETF,12.8,USD,12.855,USD,12.69,USD,12.695,USD,8264
CLUB,Billionaires Club ETF,25.5777,USD,25.5777,USD,25.5777,USD,25.5777,USD,30
NVIT,YieldMax NVDA Performance & Distribution Target 25 ETF,51.215,USD,51.5,USD,51.215,USD,51.2275,USD,6349
COPA,Themes Copper Miners ETF,53.19,USD,53.57,USD,52.53,USD,52.53,USD,1162
JDIV,JPMorgan Dividend Leaders ETF,56.61,USD,56.61,USD,56.32,USD,56.32,USD,1338
AIHY,Defiance AI Hyperscale Leaders ETF,22.145,USD,22.25,USD,21.97,USD,21.97,USD,163133
WCEO,Hypatia Women CEO ETF,37.0435,USD,37.0435,USD,37.0435,USD,37.0435,USD,314
GTOH,Invesco Short Duration High Yield ETF,24.66,USD,24.66,USD,24.6499,USD,24.6499,USD,577
SPDG,State Street SPDR Portfolio S&P Sector Neutral Dividend ETF,44.64,USD,44.64,USD,44.64,USD,44.64,USD,455
SMLL,Harbor Active Small Cap ETF,20.07,USD,20.07,USD,19.98,USD,20.0047,USD,589
MAGC,Roundhill China Magnificent Seven ETF,17.74,USD,17.74,USD,17.62,USD,17.6201,USD,6821
AVIE,Avantis Inflation Focused Equity ETF,77.7801,USD,77.86,USD,77.3184,USD,77.3184,USD,4242
BKLG,BNY Mellon US Large Cap Equity Growth ETF,26.08,USD,26.08,USD,25.9403,USD,25.9403,USD,285
RANK,Defiance KSM TipRanks Analyst ETF,19.43,USD,19.49,USD,19.34,USD,19.34,USD,21168
DUSG,U.S. Small Cap Growth Portfolio: ETF Class Shares,49.39,USD,49.46,USD,49.3,USD,49.3061,USD,3123
ABCS,Alpha Blue Capital US Small-Mid Cap Dynamic ETF,33.45,USD,33.45,USD,33.2563,USD,33.2563,USD,1075
ARIA,ARIA Opportunities ETF,25.71,USD,25.71,USD,25.5521,USD,25.5521,USD,226
OILT,Texas Capital Texas Oil Index ETF,30.64,USD,30.64,USD,30.375,USD,30.52,USD,735
GRN,iPath Series B Carbon Exchange-Traded Notes,33.9894,USD,33.9894,USD,33.9894,USD,33.9894,USD,11
CAS,Simplify China A Shares PLUS Income ETF,23.48,USD,23.645,USD,23.4075,USD,23.4075,USD,1711
QSML,WisdomTree U.S. SmallCap Quality Growth Fund,32.485,USD,32.485,USD,32.4193,USD,32.4193,USD,1399
EQLT,iShares MSCI Emerging Markets Quality Factor ETF,37.6462,USD,37.6462,USD,37.6462,USD,37.6462,USD,222
PWER,Nomura Energy Transition ETF,43.2503,USD,43.2503,USD,43.2503,USD,43.2503,USD,26
MYMJ,State Street My2030 Municipal Bond ETF,24.01,USD,24.0493,USD,23.9122,USD,23.9122,USD,4005
AGIQ,SoFi Agentic AI ETF,26.7,USD,26.93,USD,26.7,USD,26.704,USD,3201
SUPP,TCW Transform Supply Chain ETF,78.7373,USD,78.7373,USD,78.7373,USD,78.7373,USD,17
WABF,Western Asset Bond ETF,23.6726,USD,23.6726,USD,23.6726,USD,23.6726,USD,79
EMES,Harbor Emerging Markets Select ETF,27.6994,USD,27.6994,USD,27.6994,USD,27.6994,USD,92
MYCL,State Street My2032 Corporate Bond ETF,23.64,USD,23.64,USD,23.5901,USD,23.5901,USD,5977
MFIG,Motley Fool Innovative Growth ETF,21.91,USD,21.91,USD,21.8074,USD,21.8074,USD,844
GCPU,Grayscale AI Compute ETF,35.22,USD,35.22,USD,34.7675,USD,34.7675,USD,1976
EDGQ,Global X Nasdaq-100 Income Edge ETF,27.9,USD,28.1532,USD,27.9,USD,27.99,USD,7986
BFIX,Build Bond Innovation ETF,24.6068,USD,24.69,USD,24.6068,USD,24.6447,USD,1460
IBMW,iShares iBonds Dec 2034 Term Muni Bond ETF,23.57,USD,23.68,USD,23.57,USD,23.6257,USD,44026
FIZY,Fitz-Gerald Must Have Portfolio and Options Overlay ETF,26.01,USD,26.11,USD,25.86,USD,25.92,USD,16440
CCML,Roundhill MLCC & Electronic Components ETF,26.43,USD,26.51,USD,26.18,USD,26.21,USD,40249
MSFY,Kurv Yield Premium Strategy Microsoft (MSFT) ETF,20.7,USD,21.0778,USD,20.7,USD,20.8102,USD,7524
VBCH,Vanguard Target Maturity 2034 Corporate Bond ETF,71.71,USD,71.71,USD,71.52,USD,71.5627,USD,789
PQNT,Pictet AI Enhanced International Equity ETF,22.99,USD,23.03,USD,22.99,USD,23.03,USD,960
ION,ProShares S&P Global Core Battery Metals ETF,45.97,USD,45.97,USD,45.285,USD,45.5383,USD,1000
CPII,Ionic Inflation Protection ETF,19.07,USD,19.09,USD,19.07,USD,19.0845,USD,1642
FMKT,The Free Markets ETF,21.88,USD,21.88,USD,21.7042,USD,21.7042,USD,2586
DGIN,VanEck Digital India ETF,34.58,USD,34.58,USD,34.5,USD,34.5243,USD,1138
EBIT,Harbor AlphaEdge Small Cap Earners ETF,37.78,USD,37.79,USD,37.5164,USD,37.5164,USD,1392
ACTS,FIS Tactical Equity ETF,25.44,USD,25.46,USD,25.4241,USD,25.4241,USD,2584
KPHO,KraneShares Dragon Capital Growth of Vietnam Index ETF,22.4643,USD,22.4643,USD,22.4643,USD,22.4643,USD,28
BDCZ,"ETRACS MarketVector Business Development Companies Liquid Index ETN due April 26, 2041",14.8941,USD,14.8941,USD,14.8941,USD,14.8941,USD,14
TMID,T. Rowe Price Mid Cap Equity Research ETF,24.8646,USD,24.8646,USD,24.8646,USD,24.8646,USD,10
DIVG,Invesco S&P 500 High Dividend Growers ETF,35.97,USD,35.97,USD,35.7611,USD,35.7611,USD,893
HLTH,Tema Healthcare AI ETF,30.18,USD,30.5,USD,30.07,USD,30.1005,USD,7436
JHDV,John Hancock U.S. High Dividend ETF,46.13,USD,46.14,USD,45.8633,USD,45.8633,USD,39813
JHID,John Hancock International High Dividend ETF,42.59,USD,42.61,USD,42.3367,USD,42.3367,USD,45920
WSMD,Wasatch Small/Mid Cap ETF,23.85,USD,23.85,USD,23.7289,USD,23.7289,USD,1285
RIZE,Principal Inflation Protection ETF,24.29,USD,24.29,USD,24.29,USD,24.29,USD,7
WRND,NYLIM Global Equity R&D Leaders ETF,43.409,USD,43.409,USD,43.409,USD,43.409,USD,66
ENHU,iShares Enhanced Large Cap Core Active ETF,28.4749,USD,28.4749,USD,28.4749,USD,28.4749,USD,15
MYMK,State Street My2031 Municipal Bond ETF,24.17,USD,24.18,USD,24.155,USD,24.155,USD,223
JLCO,John Hancock Large Cap Opportunities ETF,25.67,USD,25.67,USD,25.4548,USD,25.4548,USD,347
CBIL,Corgi 3-12 Month T-Bill ETF,24.8129,USD,24.8129,USD,24.795,USD,24.795,USD,181
ACGR,American Century Large Cap Growth ETF,70.8024,USD,70.8024,USD,70.8024,USD,70.8024,USD,62
FDTS,First Trust Developed Markets ex-US Small Cap AlphaDEX Fund,71.51,USD,71.51,USD,70.8308,USD,70.8308,USD,691
IPOS,Renaissance Capital Greenwich Fund,21.405,USD,21.415,USD,21.2072,USD,21.2072,USD,476
UTRE,US Treasury 3 Year Note ETF,48.03,USD,48.0399,USD,47.95,USD,47.975,USD,8489
WDAF,WisdomTree Asia Defense Fund,30.21,USD,30.25,USD,30.0453,USD,30.0453,USD,2109
STAX,Nomura Tax-Free USA Short Term ETF,24.75,USD,24.84,USD,24.7,USD,24.7629,USD,31663
PEX,ProShares Global Listed Private Equity ETF,22.7201,USD,22.7201,USD,22.5331,USD,22.5331,USD,1024
RDOG,ALPS REIT Dividend Dogs ETF,37.939,USD,37.939,USD,37.7993,USD,37.7993,USD,860
QTR,Global X NASDAQ 100 Tail Risk ETF,34.93,USD,34.93,USD,34.7956,USD,34.7956,USD,266
YSAU,Y'all Street Physical Gold ETF,41.87,USD,41.989,USD,41.608,USD,41.608,USD,3072
TOT,LionShares U.S. Equity Total Return ETF,24.1201,USD,24.1201,USD,24.0174,USD,24.0174,USD,119
SMCP,SMART Mid Cap ETF,26.52,USD,26.59,USD,26.51,USD,26.5606,USD,13427
IBMX,iShares iBonds Dec 2035 Term Muni Bond ETF,23.23,USD,23.43,USD,23.23,USD,23.2934,USD,52035
BRAZ,Global X Brazil Active ETF,31.67,USD,31.9783,USD,31.67,USD,31.9783,USD,645
USNG,Amplify Samsung U.S. Natural Gas Infrastructure ETF,34.51,USD,34.51,USD,34.125,USD,34.15,USD,1331
RECI,Columbia Research Enhanced Core Premium Income ETF,20.56,USD,20.56,USD,20.5177,USD,20.5177,USD,121
DWWN,Principal Long Duration ETF,22.3101,USD,22.3101,USD,22.3101,USD,22.3101,USD,11
LUMA,KraneShares Photonic and Optical ETF,25.86,USD,25.86,USD,25.355,USD,25.5328,USD,7752
BGRO,iShares Large Cap Growth Active ETF,44.53,USD,44.53,USD,44.1734,USD,44.1734,USD,1464
JPAN,Matthews Japan Active ETF,43.31,USD,43.32,USD,42.9892,USD,42.9892,USD,12226
QOWZ,Invesco Nasdaq Free Cash Flow Achievers ETF,36.1037,USD,36.1037,USD,36.1037,USD,36.1037,USD,65
INVN,Alger Russell Innovation ETF,25.51,USD,25.51,USD,25.4019,USD,25.4019,USD,530
SPAQ,Horizon Kinetics SPAC Active ETF,93.345,USD,93.345,USD,93.345,USD,93.345,USD,19
FIXP,FolioBeyond Enhanced Fixed Income Premium ETF,19.2,USD,19.25,USD,19.1187,USD,19.1187,USD,2743
RND,First Trust Bloomberg R&D Leaders ETF,33.69,USD,33.69,USD,33.53,USD,33.536,USD,4076
SSCP,SMART Small Cap ETF,25.53,USD,25.55,USD,25.5,USD,25.503,USD,26387
TDNA,T. Rowe Price Biotech ETF,25.41,USD,25.41,USD,25.1431,USD,25.1431,USD,2512
XCNY,State Street SPDR S&P Emerging Markets ex-China ETF,33.596,USD,33.596,USD,33.596,USD,33.596,USD,67
KPO,Kensington Premium Opportunities ETF,24.95,USD,25.03,USD,24.8738,USD,24.8738,USD,5758
MGIN,Man Active Global Infrastructure ETF,24.4722,USD,24.4722,USD,24.4722,USD,24.4722,USD,12
TSEE,T. Rowe Price Small Cap ETF,24.5863,USD,24.5863,USD,24.5863,USD,24.5863,USD,231
DADS,Digital Asset Debt Strategy ETF,19.5599,USD,19.5599,USD,19.5,USD,19.515,USD,3022
MINY,YieldMax Strategic Metals & Mining Portfolio Option Income ETF,35.665,USD,35.665,USD,35.2468,USD,35.2468,USD,6400
AGMI,Themes Silver Miners ETF,70.395,USD,70.395,USD,69.2456,USD,69.2456,USD,311
GEMQ,Goldman Sachs Data Enhanced Emerging Markets Equity ETF,24.2966,USD,24.2966,USD,24.2966,USD,24.2966,USD,8
AFSC,abrdn Focused U.S. Small Cap Active ETF,36.6053,USD,36.6053,USD,36.6053,USD,36.6053,USD,114
MULT,Franklin Multisector Income ETF,24.31,USD,24.31,USD,24.2963,USD,24.2963,USD,116
BCGD,Baron Global Durable Advantage ETF,26.21,USD,26.27,USD,26.21,USD,26.26,USD,944
PCOV,Principal Equity Premium Income ETF,24.24,USD,24.27,USD,24.0194,USD,24.0194,USD,3887
TIPB,Northern Trust 2035 Inflation-Linked Distributing Ladder ETF,95.77,USD,95.77,USD,95.55,USD,95.6014,USD,2257
MUNG,Northern Trust 2046 Tax-Exempt Distributing Ladder ETF,95.88,USD,95.88,USD,95.88,USD,95.88,USD,9
RMRC,ARMOR Core Risk-Managed ETF,24.98,USD,24.98,USD,24.8506,USD,24.8506,USD,261
USG,USCF Gold Strategy Plus Income Fund,31.84,USD,31.84,USD,31.67,USD,31.67,USD,506
USFI,BrandywineGLOBAL - U.S. Fixed Income ETF,23.71,USD,23.7153,USD,23.71,USD,23.7153,USD,586
XLFI,State Street Financial Select Sector SPDR Premium Income ETF,23.11,USD,23.11,USD,22.85,USD,22.85,USD,18514
MUNH,Northern Trust 2056 Tax-Exempt Distributing Ladder ETF,95.195,USD,95.195,USD,95.195,USD,95.195,USD,9
JOUL,Corgi High Voltage Grid Equipment ETF,22.41,USD,22.4995,USD,22.31,USD,22.37,USD,14483
SPCI,Tuttle Capital Space Industry Income Blast ETF,20,USD,20.62,USD,19.76,USD,19.76,USD,13750
ZINC,Zacks Income ETF,25.3,USD,25.3,USD,25.0956,USD,25.0956,USD,5189
IVSI,Applied Finance IVS International Large ETF,28.99,USD,29.03,USD,28.7687,USD,28.7687,USD,444
SCDS,JPMorgan Fundamental Data Science Small Core ETF,71.53,USD,71.73,USD,71.4387,USD,71.4387,USD,1078
ADVE,Matthews Asia Dividend Active ETF,46.34,USD,46.41,USD,46.23,USD,46.2988,USD,4690
MYCN,State Street My2034 Corporate Bond ETF,23.1735,USD,23.1735,USD,23.1735,USD,23.1735,USD,111
CMAG,Corgi Mag 7 ETF,27,USD,27.16,USD,26.9336,USD,26.9336,USD,742
XSHP,Kurv SpaceX Enhanced Income ETF,18.415,USD,18.74,USD,18.415,USD,18.66,USD,16330
MOTO,Guinness Atkinson Smart Transportation & Technology ETF,60.9682,USD,60.9682,USD,60.9682,USD,60.9682,USD,34
MCDS,JPMorgan Fundamental Data Science Mid Core ETF,65.0252,USD,65.0252,USD,65.0252,USD,65.0252,USD,15
PRAM,Defiance Memory & Photonics ETF,25.27,USD,25.78,USD,25.27,USD,25.5,USD,8920
JDOC,JPMorgan Healthcare Leaders ETF,60.5045,USD,60.5045,USD,60.5045,USD,60.5045,USD,140
CHRI,Global X S&P 500 Christian Values ETF,91.3584,USD,91.3584,USD,90.92,USD,90.9468,USD,3235
GASZ,Corgi Natural Gas Power & Turbines ETF,21.65,USD,21.65,USD,21.5615,USD,21.5615,USD,234
IBGB,iShares iBonds Dec 2045 Term Treasury ETF,22.32,USD,22.32,USD,22.235,USD,22.278,USD,2184
BPAY,BlackRock Future Financial and Technology ETF,24.92,USD,24.92,USD,24.564,USD,24.564,USD,1664
HAKY,Amplify HACK Cybersecurity Covered Call ETF,31.43,USD,32.2499,USD,31.43,USD,31.771,USD,14110
LYLD,Cambria Large Cap Shareholder Yield ETF,31.92,USD,31.92,USD,31.6689,USD,31.6689,USD,4430
MYMF,State Street My2026 Municipal Bond ETF,24.88,USD,24.88,USD,24.88,USD,24.88,USD,9
VNIE,Vontobel International Equity Active ETF,24.97,USD,24.97,USD,24.8033,USD,24.8033,USD,7124
WTMU,WisdomTree Core Laddered Municipal Fund,24.27,USD,24.27,USD,24.03,USD,24.233,USD,2532
CUST,Corgi 1-3 Year Treasury Bond ETF,24.7498,USD,24.7498,USD,24.7498,USD,24.7498,USD,15
SATO,Invesco Alerian Galaxy Crypto Economy ETF,18.88,USD,18.88,USD,18.7389,USD,18.7389,USD,142
ARVR,First Trust Indxx Metaverse ETF,57.941,USD,57.941,USD,57.941,USD,57.941,USD,303
MYMG,State Street My2027 Municipal Bond ETF,24.56,USD,24.56,USD,24.56,USD,24.56,USD,6
WEED,Roundhill Cannabis ETF,21.85,USD,21.96,USD,20.44,USD,21.2,USD,37935
TSNF,Truth Social American Next Frontiers ETF,31.46,USD,31.46,USD,31.3229,USD,31.3229,USD,1186
BSTS,Invesco BulletShares 2028 Treasury Bond ETF,24.77,USD,24.78,USD,24.77,USD,24.77,USD,1952
MLDR,Global X Intermediate-Term Treasury Ladder ETF,46.75,USD,46.75,USD,46.651,USD,46.651,USD,112
GGRW,Gabelli Growth Innovators ETF,37.6586,USD,37.6586,USD,37.6586,USD,37.6586,USD,38
EPEM,Harbor Emerging Markets Equity ETF,30.1203,USD,30.1203,USD,30.1203,USD,30.1203,USD,75
UTWY,US Treasury 20 Year Bond ETF,39.04,USD,39.05,USD,38.93,USD,38.989,USD,9922
MYCM,State Street My2033 Corporate Bond ETF,23.43,USD,23.4351,USD,23.43,USD,23.4351,USD,259
AAPY,Kurv Yield Premium Strategy Apple (AAPL) ETF,27.61,USD,28.055,USD,27.6099,USD,27.635,USD,3751
ANEW,ProShares MSCI Transformational Changes ETF,54.22,USD,54.22,USD,53.973,USD,53.973,USD,367
SPCK,SPAC and New Issue ETF,21.66,USD,21.72,USD,21.66,USD,21.66,USD,572
EUDV,ProShares MSCI Europe Dividend Growers ETF,52,USD,52.0001,USD,51.5968,USD,51.5968,USD,386
BBLS,Munificent Seven ETF,24.5626,USD,24.5626,USD,24.5626,USD,24.5626,USD,111
XLBI,State Street Materials Select Sector SPDR Premium Income ETF,23.09,USD,23.095,USD,22.9,USD,22.9,USD,2115
SIMS,State Street SPDR S&P Kensho Intelligent Structures ETF,42.17,USD,42.17,USD,42.0444,USD,42.0444,USD,375
KDVD,Keeley Dividend ETF,27.39,USD,27.391,USD,27.3846,USD,27.3846,USD,232
VOXP,Vox Populi ETF,39.7507,USD,39.7507,USD,39.7507,USD,39.7507,USD,16
BRKC,YieldMax BRK.B Option Income Strategy ETF,39.41,USD,39.41,USD,39.24,USD,39.2467,USD,2411
TFGZ,Thornburg Focus Growth Fund,36.16,USD,36.16,USD,35.9859,USD,35.9859,USD,112
MUNA,Northern Trust 2030 Tax-Exempt Distributing Ladder ETF,98.51,USD,98.51,USD,98.3423,USD,98.3423,USD,766
ALRG,Allspring LT Large Core ETF,31.2,USD,31.2,USD,31.19,USD,31.1912,USD,3606
JUDO,Janus Henderson U.S. Equity Enhanced Income ETF,28.1698,USD,28.1698,USD,28.1698,USD,28.1698,USD,14
EPIN,Harbor International Equity ETF,28.1603,USD,28.1603,USD,28.1603,USD,28.1603,USD,60
RYLG,Global X Russell 2000 Covered Call & Growth ETF,23.51,USD,23.52,USD,23.4194,USD,23.4194,USD,517
ESMV,iShares ESG Optimized MSCI USA Min Vol Factor ETF,30.6783,USD,30.6783,USD,30.6783,USD,30.6783,USD,16
MUNC,Northern Trust 2045 Tax-Exempt Distributing Ladder ETF,96.24,USD,96.6,USD,96.24,USD,96.6,USD,511
AHBM,Amplify Top 10 Asia Memory ETF,25.76,USD,25.76,USD,25.6013,USD,25.6013,USD,561
FSEV,Fidelity Enhanced Small Cap Value ETF,25.56,USD,25.56,USD,25.4436,USD,25.4436,USD,1098
ETFT,Fundsmith Equity ETF,9.85,USD,9.85,USD,9.8444,USD,9.8444,USD,244
BILD,Nomura Global Listed Infrastructure ETF,27.6114,USD,27.6114,USD,27.6114,USD,27.6114,USD,14
SAWS,AAM Sawgrass US Small Cap Quality Growth ETF,22.85,USD,22.86,USD,22.84,USD,22.8598,USD,1740
DRMY,XFUNDS Memory Income ETF,49.9281,USD,49.9281,USD,49.5271,USD,49.5271,USD,2186
ARMY,Tema International Defense ETF,23.24,USD,23.343,USD,23.1,USD,23.1414,USD,2996
SJCP,SanJac Alpha Core Plus Bond ETF,24.63,USD,24.6656,USD,24.63,USD,24.6656,USD,134
WSDB,Weitz Short Duration Bond ETF,24.53,USD,24.5556,USD,24.53,USD,24.5556,USD,120
TXCA,Northern Trust California Intermediate Tax-Exempt Bond ETF,49.395,USD,49.395,USD,49.395,USD,49.395,USD,12
MYCP,State Street My2036 Corporate Bond ETF,24.4407,USD,24.4407,USD,24.4407,USD,24.4407,USD,213
TXNY,Northern Trust New York Intermediate Tax-Exempt Bond ETF,49.315,USD,49.315,USD,49.315,USD,49.315,USD,119
HAUS,Residential REIT ETF,16.96,USD,16.98,USD,16.9125,USD,16.9125,USD,1121
TSES,Truth Social American Energy Security ETF,30.46,USD,30.5,USD,30.3804,USD,30.3804,USD,1397
DDDD,YieldMax U.S. Stocks Target Double Distribution ETF,32.515,USD,32.515,USD,32.1499,USD,32.1499,USD,6702
MYMH,State Street My2028 Municipal Bond ETF,24.295,USD,24.295,USD,24.295,USD,24.295,USD,7
ADDS,Hedgeye Index Adds ETF,25.81,USD,25.87,USD,25.758,USD,25.758,USD,1126
SPXD,Xtrackers S&P 500 Diversified Sector Weight ETF,28.62,USD,28.62,USD,28.4753,USD,28.4753,USD,844
EMDV,ProShares MSCI Emerging Markets Dividend Growers ETF,45.69,USD,45.69,USD,45.6449,USD,45.6449,USD,311
IOPP,Simplify Tara India Opportunities ETF,25.3766,USD,25.3766,USD,25.3766,USD,25.3766,USD,157
EVMT,Invesco Electric Vehicle Metals Commodity Strategy No K-1 ETF,17.46,USD,17.5451,USD,17.46,USD,17.5451,USD,513
VEM,Virtus Emerging Markets Dividend ETF,27.8618,USD,27.8618,USD,27.8618,USD,27.8618,USD,13
SPAM,Themes Cybersecurity ETF,47.1193,USD,47.1193,USD,47.1193,USD,47.1193,USD,262
TEC,Harbor Transformative Technologies ETF,34.8881,USD,34.8881,USD,34.8881,USD,34.8881,USD,77
TSSD,Truth Social American Security & Defense ETF,30.25,USD,30.55,USD,30.22,USD,30.22,USD,1119
AMGR,Amana Growth ETF,25.805,USD,25.83,USD,25.675,USD,25.675,USD,1627
MYCO,State Street My2035 Corporate Bond ETF,23.04,USD,23.04,USD,23.03,USD,23.0364,USD,2721
PRXI,Praxis Impact International ETF,25.015,USD,25.015,USD,24.8832,USD,24.8832,USD,999
BDIV,AAM Brentview Dividend Growth ETF,24.41,USD,24.41,USD,24.2398,USD,24.2398,USD,1946
PJUS,PGIM Jennison U.S. Core Equity ETF,52.4568,USD,52.4568,USD,52.4568,USD,52.4568,USD,7
USVN,US Treasury 7 Year Note ETF,45.36,USD,45.36,USD,45.22,USD,45.2656,USD,746
MFVL,Motley Fool Value Factor ETF,21.16,USD,21.28,USD,21.16,USD,21.1721,USD,2174
EDGX,Global X U.S. 500 Income Edge ETF,26.875,USD,26.875,USD,26.7098,USD,26.7098,USD,2412
SQLT,iShares MSCI USA Small-Cap Quality Factor ETF,27.5874,USD,27.5874,USD,27.5874,USD,27.5874,USD,14
FRIZ,Franklin Dividend Growth ETF,26.4174,USD,26.4174,USD,26.4174,USD,26.4174,USD,13
IBRN,iShares Neuroscience and Healthcare ETF,33.33,USD,33.45,USD,33.265,USD,33.265,USD,1207
PGRI,Putnam International Stock ETF,26.2304,USD,26.2304,USD,26.2304,USD,26.2304,USD,12
TAOZ,Thornburg American Opportunities Fund,87.2301,USD,87.2301,USD,87.2301,USD,87.2301,USD,33
BBBL,BondBloxx BBB Rated 10+ Year Corporate Bond ETF,43.84,USD,43.84,USD,43.7881,USD,43.7881,USD,683
FEMV,Fidelity Enhanced Mid Cap Value ETF,26.14,USD,26.45,USD,26.14,USD,26.2796,USD,1518
CPHY,F/m Compoundr High Yield Bond ETF,50.44,USD,50.4637,USD,50.44,USD,50.4637,USD,820
DRMP,Tuttle Capital Memory Stack Income Blast ETF,22.61,USD,22.66,USD,22.49,USD,22.6147,USD,1932
RITA,ETFB Green SRI REITs ETF,20.1,USD,20.1,USD,19.9628,USD,19.9628,USD,3101
ACOM,Harbor Active Commodity ETF,23.8561,USD,23.8561,USD,23.8561,USD,23.8561,USD,214
FSEG,Fidelity Enhanced Small Cap Growth ETF,26.12,USD,26.14,USD,26.0318,USD,26.0318,USD,1359
FEMG,Fidelity Enhanced Mid Cap Growth ETF,26.06,USD,26.06,USD,25.93,USD,25.93,USD,715
FFF,Founders 100 ETF,27.14,USD,27.17,USD,26.94,USD,26.95,USD,3898
LBO,WHITEWOLF Publicly Listed Private Equity ETF,24.21,USD,24.21,USD,23.975,USD,24.0307,USD,1255
RKNG,Defiance Retail Kings ETF,25.13,USD,25.22,USD,25.0788,USD,25.0788,USD,870
JINT,Janus Henderson International Core Alpha ETF,25.02,USD,25.02,USD,24.7685,USD,24.7685,USD,3314
FLDZ,TrueShares Patriot Defense ETF,27.7048,USD,27.7048,USD,27.7048,USD,27.7048,USD,72
AUAU,Global X Gold Miners ETF,38.29,USD,38.43,USD,37.7694,USD,37.7694,USD,808
OAIW,OpenAI Lab Ecosystem ETF,24.95,USD,24.95,USD,24.3128,USD,24.3128,USD,36677
MYHD,State Street My2030 High Yield Corporate Bond ETF,24.36,USD,24.36,USD,24.305,USD,24.305,USD,121
MYHE,State Street My2031 High Yield Corporate Bond ETF,23.9953,USD,23.9953,USD,23.9953,USD,23.9953,USD,21
GXDW,Global X Dorsey Wright Thematic ETF,25.01,USD,25.01,USD,24.9494,USD,24.9494,USD,26580
CDPI,Columbia High Dividend Premium Income ETF,19.75,USD,19.75,USD,19.6647,USD,19.6647,USD,168
KMCA,PLUS Korea Manufacturing Core Alliance Index ETF,20.13,USD,20.1305,USD,20,USD,20.0085,USD,27798
PJSM,PGIM Jennison Small-Mid Cap Core Equity ETF,48.6103,USD,48.6103,USD,48.6103,USD,48.6103,USD,9
XA,Corgi AI Cybersecurity ETF,43.64,USD,44.59,USD,43.64,USD,44.07,USD,10222
CLIX,ProShares Long Online/Short Stores ETF,55.99,USD,56.2048,USD,55.98,USD,56.2048,USD,372
EPSV,Harbor SMID Cap Value ETF,29.05,USD,29.11,USD,29.02,USD,29.02,USD,1845
BEEZ,Honeytree U.S. Equity ETF,34.1734,USD,34.1734,USD,34.1734,USD,34.1734,USD,26
RNTY,YieldMax Target 12 Real Estate Option Income ETF,46.39,USD,46.39,USD,46.1,USD,46.1022,USD,1316
GBHI,Gabelli High Income ETF,24.27,USD,24.27,USD,24.2689,USD,24.2689,USD,436
LITL,Simplify Piper Sandler US Small-Cap PLUS Income ETF,33.23,USD,33.23,USD,32.9697,USD,32.9697,USD,6191
ARMH,Arm Holdings PLC,12.51,USD,12.51,USD,12.09,USD,12.37,USD,11120
THNR,Amplify Weight Loss Drug & Treatment ETF,25.28,USD,25.28,USD,25.154,USD,25.154,USD,533
RESM,Columbia Research Enhanced Small Cap ETF,23.03,USD,23.03,USD,23.01,USD,23.01,USD,3519
REFA,Columbia Research Enhanced International Equity ETF,22.9299,USD,22.9299,USD,22.9299,USD,22.9299,USD,6
TINS,Templeton International Insights ETF,28.4403,USD,28.4403,USD,28.4403,USD,28.4403,USD,10
PRIZ,Zacks Preferred Income ETF,24.6,USD,24.61,USD,24.6,USD,24.61,USD,358
REMC,Columbia Research Enhanced Mid Cap ETF,22.6011,USD,22.6011,USD,22.6011,USD,22.6011,USD,7
DESK,VanEck Office and Commercial REIT ETF,37.66,USD,37.66,USD,37.5118,USD,37.5118,USD,1245
INDH,WisdomTree India Hedged Equity Fund,36.89,USD,37.0024,USD,36.89,USD,37.0024,USD,718
ASMH,ASML Holding NV,12.63,USD,12.63,USD,12.525,USD,12.55,USD,8014
TIPC,Northern Trust 2045 Inflation-Linked Distributing Ladder ETF,92.95,USD,92.95,USD,92.6078,USD,92.6078,USD,2828
EPAI,Harbor AI Inflection Strategy ETF,27.7032,USD,27.7032,USD,27.7032,USD,27.7032,USD,228
FTIF,First Trust Bloomberg Inflation Sensitive Equity ETF,27.76,USD,27.78,USD,27.4971,USD,27.4971,USD,1724
HBIL,Harbor Short Term Treasury ETF,20.075,USD,20.075,USD,20.075,USD,20.075,USD,9
PWRZ,TrueShares Eagle Global Renewable Energy Income ETF,29.03,USD,29.03,USD,28.9761,USD,28.9761,USD,299
BSGR,Invesco BulletShares 2027 Treasury Bond ETF,24.9685,USD,24.9685,USD,24.96,USD,24.96,USD,121
EFRA,iShares Environmental Infrastructure and Industrials ETF,34.53,USD,34.53,USD,34.1572,USD,34.1572,USD,473
YSAG,Y'all Street Physical Silver ETF,61.26,USD,61.26,USD,60.4701,USD,60.4701,USD,470
AMEM,Amana Developing World ETF,24.95,USD,24.95,USD,24.73,USD,24.7378,USD,1324
VCLN,Virtus Duff & Phelps Clean Energy ETF,27.0127,USD,27.0127,USD,27.0127,USD,27.0127,USD,96
IBGL,iShares iBonds Dec 2055 Term Treasury ETF,21.6,USD,21.6365,USD,21.6,USD,21.6365,USD,470
PSWD,Xtrackers Cybersecurity Select Equity ETF,47.66,USD,48.0373,USD,47.66,USD,48.0373,USD,263
AMEI,Amana Equity Income ETF,26.01,USD,26.01,USD,25.78,USD,25.7807,USD,2006
YRAM,YieldMax Memory and Storage Portfolio Option Income ETF,54.11,USD,54.11,USD,53.4288,USD,53.985,USD,17778
PJIN,PGIM Jennison International Core Equity ETF,48.9563,USD,48.9563,USD,48.9563,USD,48.9563,USD,9
ZTAX,X-Square Municipal Income ETF,25.2499,USD,25.2499,USD,24,USD,24.52,USD,1949
RBLY,YieldMax RBLX Option Income Strategy ETF,8.67,USD,9,USD,8.58,USD,8.88,USD,79431
HSMV,First Trust Horizon Managed Volatility Small/Mid ETF,35.29,USD,35.29,USD,35.233,USD,35.233,USD,694
IBGK,iShares iBonds Dec 2054 Term Treasury ETF,21.055,USD,21.055,USD,21.055,USD,21.055,USD,57
WDGF,WisdomTree Global Defense Fund,29.69,USD,29.7901,USD,29.6272,USD,29.6272,USD,11866
KAIT,KraneShares Asia AI Technology ETF,26.26,USD,26.345,USD,26.08,USD,26.1768,USD,5596
INDZ,VanEck India Select ETF,23.5979,USD,23.5979,USD,23.5979,USD,23.5979,USD,95
LTAX,Nomura Tax-Free USA ETF,23.455,USD,23.47,USD,23.2578,USD,23.2578,USD,26935
IPAV,Global X Infrastructure Development ex-U.S. ETF,30.74,USD,30.74,USD,30.5507,USD,30.5507,USD,150
BUYZ,Franklin Disruptive Commerce ETF,34.3417,USD,34.3417,USD,34.3417,USD,34.3417,USD,113
MAKX,ProShares S&P Kensho Smart Factories ETF,67.22,USD,68.1471,USD,67.22,USD,68.1471,USD,410
VERS,ProShares Metaverse ETF,73.44,USD,73.5,USD,73.0007,USD,73.0007,USD,750
NFLP,Kurv Yield Premium Strategy Netflix (NFLX) ETF,16.26,USD,16.27,USD,16.1513,USD,16.1513,USD,2943
DAT,ProShares Big Data Refiners ETF,50.9501,USD,50.9704,USD,50.9501,USD,50.9704,USD,438
HQGO,Hartford US Quality Growth ETF,67.1532,USD,67.1532,USD,67.1532,USD,67.1532,USD,19
ISHP,First Trust S-Network E-Commerce ETF,33.4666,USD,33.4666,USD,33.4666,USD,33.4666,USD,59
MYHA,State Street My2027 High Yield Corporate Bond ETF,24.739,USD,24.739,USD,24.739,USD,24.739,USD,12
MYHB,State Street My2028 High Yield Corporate Bond ETF,24.6892,USD,24.6892,USD,24.6892,USD,24.6892,USD,8
ODHY,Obra Defensive High Yield ETF,9.665,USD,9.665,USD,9.665,USD,9.665,USD,13
MYHC,State Street My2029 High Yield Corporate Bond ETF,24.599,USD,24.599,USD,24.599,USD,24.599,USD,7
XTR,Global X S&P 500 Tail Risk ETF,28.95,USD,28.96,USD,28.8455,USD,28.8455,USD,3096
MYHF,State Street My2032 High Yield Corporate Bond ETF,24.5502,USD,24.5502,USD,24.5502,USD,24.5502,USD,14
MYML,State Street My2032 Municipal Bond ETF,24.66,USD,24.72,USD,24.66,USD,24.72,USD,718
XEML,Xtrackers Europe Market Leaders ETF,24.3036,USD,24.3036,USD,24.3036,USD,24.3036,USD,14
MUNJ,Northern Trust 2031 Tax-Exempt Distributing Ladder ETF,97.9744,USD,97.9744,USD,97.9744,USD,97.9744,USD,7
GOVM,iShares 1-10 Year Treasury Bond ETF,24.38,USD,24.38,USD,24.38,USD,24.38,USD,175
IVSX,Applied Finance IVS International SMID ETF,25.72,USD,25.72,USD,25.514,USD,25.514,USD,1482
BSMA,Invesco BulletShares 2036 Municipal Bond ETF,24.41,USD,24.4499,USD,24.37,USD,24.37,USD,2083
FPXE,First Trust IPOX Europe Equity Opportunities ETF,32.0441,USD,32.0441,USD,32.0441,USD,32.0441,USD,232
GENW,Genter Capital International Dividend ETF,14.6,USD,14.6,USD,14.4695,USD,14.4695,USD,152
LIAM,LifeX 2055 Inflation-Protected Longevity Income ETF,217.98,USD,217.98,USD,217.6884,USD,217.6884,USD,180
AIUP,FINQ FIRST U.S. Large Cap AI-Managed Equity ETF,32.19,USD,32.39,USD,32.14,USD,32.2107,USD,2587
WDNA,WisdomTree BioRevolution Fund,23.97,USD,24.2899,USD,23.97,USD,24.0958,USD,991
MUNF,Northern Trust 2036 Tax-Exempt Distributing Ladder ETF,96.685,USD,96.685,USD,96.685,USD,96.685,USD,9
JOJO,ATAC Credit Rotation ETF,14.605,USD,14.61,USD,14.56,USD,14.5732,USD,6065
GEND,Genter Capital Dividend Income ETF,12.86,USD,12.86,USD,12.7723,USD,12.7723,USD,802
BSJY,Invesco BulletShares 2034 High Yield Corporate Bond ETF,23.77,USD,23.77,USD,23.6962,USD,23.6962,USD,1565
NVIR,Horizon Kinetics Energy and Remediation ETF,37.965,USD,37.965,USD,37.69,USD,37.6954,USD,651
WTMY,WisdomTree High Income Laddered Municipal Fund,23.845,USD,23.845,USD,23.845,USD,23.845,USD,227
EKG,First Trust Nasdaq Lux Digital Health Solutions ETF,23.695,USD,23.99,USD,23.695,USD,23.7463,USD,160777
FLSA,Franklin FTSE Saudi Arabia ETF,31.4623,USD,31.4623,USD,31.4623,USD,31.4623,USD,71
DYLG,Global X Dow 30 Covered Call & Growth ETF,27.8,USD,27.8,USD,27.6442,USD,27.6442,USD,2407
MSST,YieldMax MSTR Performance & Distribution Target 25 ETF,31.1548,USD,31.1548,USD,31.1548,USD,31.1548,USD,364
PSOX,Tema MLCC & PowerSemi ETF,47.125,USD,47.125,USD,46.8813,USD,46.8813,USD,313
VMAX,Hartford US Value ETF,62.53,USD,62.575,USD,62.1714,USD,62.1714,USD,650
GXLC,Global X U.S. 500 ETF,92.1715,USD,92.1715,USD,92.1715,USD,92.1715,USD,13
BNGE,First Trust S-Network Streaming and Gaming ETF,30.69,USD,30.69,USD,30.621,USD,30.6387,USD,399
MBBB,VanEck Moody's Analytics BBB Corporate Bond ETF,20.255,USD,20.255,USD,20.255,USD,20.255,USD,172
EPMB,Harbor Mid Cap Core ETF,25.965,USD,25.965,USD,25.8734,USD,25.8734,USD,197
CTEX,ProShares S&P Kensho Cleantech ETF,30.96,USD,30.96,USD,30.7442,USD,30.7442,USD,473
TMDV,ProShares Russell US Dividend Growers ETF,49.5342,USD,49.5342,USD,49.5342,USD,49.5342,USD,34
UX,Roundhill Uranium ETF,28,USD,28,USD,27.75,USD,27.8384,USD,724
EPMV,Harbor Mid Cap Value ETF,25.32,USD,25.34,USD,25.2225,USD,25.2225,USD,941
BSTV,Invesco BulletShares 2031 Treasury Bond ETF,24.26,USD,24.26,USD,24.215,USD,24.2328,USD,10787
TXUG,Thornburg International Growth Fund ETF,27.3462,USD,27.3462,USD,27.3462,USD,27.3462,USD,12
IND,Xtrackers Nifty 500 India ETF,21.67,USD,21.67,USD,21.62,USD,21.62,USD,323
FESC,First Eagle Small Cap Equity ETF,22.84,USD,22.84,USD,22.62,USD,22.6387,USD,22300
ABOT,Abacus FCF Innovation Leaders ETF,43.1244,USD,43.1244,USD,43.1244,USD,43.1244,USD,57
IGGY,AB International Growth ETF,28.3004,USD,28.3004,USD,28.3004,USD,28.3004,USD,11
XDEF,Xtrackers Europe Defense Technologies ETF,21.2,USD,21.2001,USD,21.1756,USD,21.1756,USD,379
USIN,WisdomTree 7-10 Year Laddered Treasury Fund,46.89,USD,46.89,USD,46.8025,USD,46.8025,USD,1742
TPRY,VistaShares Target 15 TEPRTantrum Contrarian Distribution ETF,18.69,USD,18.79,USD,18.69,USD,18.7177,USD,1134
XCLR,Global X S&P 500 Collar 95-110 ETF,27.9,USD,27.99,USD,27.8506,USD,27.8506,USD,7409
XDAT,Franklin Exponential Data ETF,27.99,USD,28.32,USD,27.99,USD,28.0183,USD,1376
LFAI,LifeX 2050 Longevity Income ETF,139.3599,USD,139.3599,USD,139.3599,USD,139.3599,USD,12
VEFA,VanEck MSCI EAFE Analyst Sentiment ETF,81.931,USD,81.931,USD,81.931,USD,81.931,USD,15
OBOR,KraneShares MSCI One Belt One Road Index ETF,27.2522,USD,27.2522,USD,27.2522,USD,27.2522,USD,17
QQI,Invesco Nasdaq International Innovators 100 ETF,25.32,USD,25.365,USD,25.17,USD,25.1789,USD,15551
ACIG,Hartford Alpha Capture International Growth ETF,40.54,USD,40.54,USD,40.1478,USD,40.1478,USD,97503
EPSB,Harbor SMID Cap Core ETF,26.37,USD,26.37,USD,26.2,USD,26.2,USD,6254
CAPA,Defiance AI Capacitors & MLCC ETF,26.48,USD,26.48,USD,26.22,USD,26.2373,USD,3871
QCLR,Global X NASDAQ 100 Collar 95-110 ETF,28.1,USD,28.1122,USD,28.1,USD,28.1122,USD,220
BROL,Baron Risk Optimized Large Cap ETF,26,USD,26,USD,25.9604,USD,26,USD,334
ETEC,iShares Breakthrough Environmental Solutions ETF,24.2867,USD,24.2867,USD,24.2867,USD,24.2867,USD,103
HWGV,Hotchkis & Wiley Global Value Fund,23.9263,USD,23.9263,USD,23.9263,USD,23.9263,USD,108
MUND,Northern Trust 2055 Tax-Exempt Distributing Ladder ETF,96.83,USD,97.27,USD,96.55,USD,96.55,USD,2640
VGRO,Virtus Silvant Growth Opportunities ETF,25.581,USD,25.581,USD,25.4677,USD,25.4677,USD,161
PWRX,Westwood Salient Enhanced Power & Infrastructure ETF,25.05,USD,25.05,USD,24.92,USD,24.92,USD,11175
ODDS,Pacer BlueStar Digital Entertainment ETF,23.49,USD,23.49,USD,23.2918,USD,23.2918,USD,529
FEMD,First Eagle Mid Cap Equity ETF,33.8737,USD,33.8737,USD,33.8737,USD,33.8737,USD,11
DUTY,U.S. Defense ETF,26.862,USD,26.99,USD,26.693,USD,26.693,USD,1742
DLCU,U.S. Large Company Portfolio: ETF Class Shares,49.5326,USD,49.5326,USD,49.5326,USD,49.5326,USD,23
XUSM,MarketDesk International Momentum ETF,24.88,USD,24.93,USD,24.6163,USD,24.6163,USD,1663
DUKX,Ocean Park International ETF,28.58,USD,28.5878,USD,28.4097,USD,28.4097,USD,711
JHAC,John Hancock Fundamental All Cap Core ETF,15.3893,USD,15.3893,USD,15.3893,USD,15.3893,USD,28
VEEM,VanEck MSCI EM Analyst Sentiment ETF,24.4936,USD,24.4936,USD,24.4936,USD,24.4936,USD,9
NVOH,Novo Nordisk A/S B Shares,21.21,USD,21.42,USD,21.19,USD,21.2125,USD,1899
DIVH,Integrity Dividend Harvest ETF,24.27,USD,24.27,USD,24.0118,USD,24.0118,USD,580
USFE,First Eagle US Equity ETF,36.11,USD,36.11,USD,35.8393,USD,35.8393,USD,386
TEST,YieldMax TSLA Performance & Distribution Target 25 ETF,36.08,USD,36.08,USD,35.975,USD,36.05,USD,743
FTG,FullerThaler Behavioral Growth ETF,23.935,USD,23.97,USD,23.935,USD,23.94,USD,5144
RTOO,VistaShares Robotics Supercycle ETF,23.9897,USD,23.9897,USD,23.9897,USD,23.9897,USD,290
COMD,Global X Commodity Strategy ETF,30.05,USD,30.11,USD,29.8358,USD,29.8358,USD,432
HUMM,800VDC AI Datacenter Ecosystem ETF,27.18,USD,27.19,USD,27.13,USD,27.1725,USD,2262
EMEM,Sophus Capital Emerging Market ETF,25.21,USD,25.3,USD,25.21,USD,25.2322,USD,2078
OWN,Inside Ownership 100 ETF,25.09,USD,25.09,USD,24.9531,USD,24.9531,USD,127
BSGT,Invesco BulletShares 2029 Treasury Bond ETF,24.61,USD,24.61,USD,24.58,USD,24.5904,USD,4413
PCPC,Porter & Company Property & Casualty Index ETF,24.1,USD,24.1,USD,23.7801,USD,23.8103,USD,116143
DGLO,First Trust RBA Deglobalization ETF,22.4,USD,22.4,USD,22.3426,USD,22.3426,USD,288
QQHG,Invesco QQQ Hedged Advantage ETF,67.59,USD,67.75,USD,67.5038,USD,67.5038,USD,2532
BZZ,Corgi Drones & Urban Air Mobility ETF,22.41,USD,22.41,USD,22.1836,USD,22.1836,USD,969
MIDE,Xtrackers S&P MidCap 400 Scored & Screened ETF,36.33,USD,36.33,USD,36.1824,USD,36.1824,USD,669
EMSC,Sophus Capital Emerging Market Small Cap ETF,25.045,USD,25.045,USD,24.9713,USD,25.035,USD,1014
KCAI,KraneShares China Alpha Index ETF,32.62,USD,32.62,USD,32.62,USD,32.62,USD,89
LQDM,Amplify LQD Investment Grade 12% Target Income ETF,22.7201,USD,22.7643,USD,22.7201,USD,22.7643,USD,6042
CIVG,Corgi 1-5 Year Investment Grade Corporate Bond ETF,24.4411,USD,24.4411,USD,24.4411,USD,24.4411,USD,13
SSMG,Virtus Silvant Small/Mid Growth ETF,25.2346,USD,25.2346,USD,25.2346,USD,25.2346,USD,101
SNPD,Xtrackers S&P ESG Dividend Aristocrats ETF,28.74,USD,28.74,USD,28.5971,USD,28.5971,USD,190
MDEV,First Trust Indxx Medical Devices ETF,20.7534,USD,20.7534,USD,20.7534,USD,20.7534,USD,14
CABZ,"Roundhill Robotaxi, Autonomous Vehicles & Technology ETF",19.7584,USD,19.7584,USD,19.7584,USD,19.7584,USD,86
LIBD,LifeX 2065 Inflation-Protected Longevity Income ETF,253.8526,USD,253.8526,USD,253.8526,USD,253.8526,USD,14
WCMG,First Trust WCM Global Equity ETF,21.02,USD,21.02,USD,20.8851,USD,20.8851,USD,959
LIAE,LifeX 2050 Inflation-Protected Longevity Income ETF,193.6623,USD,193.6623,USD,193.2593,USD,193.2593,USD,151
CMCI,VanEck CMCI Commodity Strategy ETF,31.38,USD,31.38,USD,31.3386,USD,31.3386,USD,111
LFAO,LifeX 2055 Longevity Income ETF,151.2761,USD,151.2761,USD,151.2761,USD,151.2761,USD,8
ZSC,USCF Sustainable Commodity Strategy Fund,30.2959,USD,30.2959,USD,30.2959,USD,30.2959,USD,126
CMBO,Wayfinder Dynamic U.S. Interest Rate ETF,101.77,USD,101.77,USD,101.75,USD,101.755,USD,459
GRPZ,Invesco S&P SmallCap 600 GARP ETF,30.3294,USD,30.3294,USD,30.3294,USD,30.3294,USD,26
FHIL,Federated Hermes International Leaders ETF,23.9143,USD,23.9143,USD,23.9143,USD,23.9143,USD,23
UDI,USCF Dividend Income Fund,35.29,USD,35.29,USD,35.12,USD,35.1229,USD,429
GALX,VistaShares Space Supercycle ETF,22.9834,USD,22.9834,USD,22.9834,USD,22.9834,USD,32
SAWG,AAM Sawgrass US Large Cap Quality Growth ETF,24.6481,USD,24.6481,USD,24.6481,USD,24.6481,USD,27
BSTU,Invesco BulletShares 2030 Treasury Bond ETF,24.42,USD,24.42,USD,24.37,USD,24.3766,USD,7614
CIEI,Corgi 3-7 Year Treasury Bond ETF,24.1777,USD,24.1777,USD,24.1777,USD,24.1777,USD,6
GNMX,Corgi Genomics & Precision Medicine ETF,38.7,USD,38.7,USD,38.3481,USD,38.3481,USD,377
NVPS,PurePlay Nvidia Ecosystem Picks & Shovels Index ETF,24.13,USD,24.14,USD,23.9006,USD,23.9006,USD,1897
XLRI,State Street Real Estate Select Sector SPDR Premium Income ETF,22.04,USD,22.04,USD,21.9,USD,21.9013,USD,3528
TEXX,Horizon Kinetics Texas ETF,28.3383,USD,28.3383,USD,28.3383,USD,28.3383,USD,19
XLCI,State Street Communication Services Select Sector SPDR Premium Income ETF,23.74,USD,23.85,USD,23.6854,USD,23.6854,USD,2583
RKSG,Ruk Strategic Growth ETF,28.2139,USD,28.2139,USD,28.2139,USD,28.2139,USD,12
DVDN,Kingsbarn Dividend Opportunity ETF,13.96,USD,13.96,USD,13.872,USD,13.872,USD,1002
AKAF,The Frontier Economic Fund,30.943,USD,30.943,USD,30.943,USD,30.943,USD,13
ODTE,VegaShares SPX NDX RTY Premium Income ETF,25,USD,25,USD,24.9181,USD,24.9181,USD,763
OPPG,WisdomTree GeoAlpha Opportunities Fund,36.2384,USD,36.2384,USD,36.2384,USD,36.2384,USD,15
BCOR,Grayscale Bitcoin Adopters ETF,26.98,USD,26.9944,USD,26.98,USD,26.9944,USD,204
HWSM,Hotchkis & Wiley SMID Cap Diversified Value Fund,29.57,USD,29.57,USD,29.57,USD,29.57,USD,8
QQLV,Invesco QQQ Low Volatility ETF,24.305,USD,24.305,USD,24.1426,USD,24.1426,USD,323
DVVY,Invesco Diversified Dividend Opportunities ETF,26.4803,USD,26.4803,USD,26.4803,USD,26.4803,USD,18
AMMO,VistaShares Defense Supercycle ETF,24.24,USD,24.24,USD,24.1003,USD,24.1003,USD,458
PCSG,Polen 5Perspectives Small-Mid Growth ETF,22.5903,USD,22.5903,USD,22.5903,USD,22.5903,USD,18
DRAY,YieldMax DKNG Option Income Strategy ETF,11.59,USD,11.6344,USD,11.2707,USD,11.2707,USD,8738
AELV,Harbor AlphaEdge Large Cap Value ETF,26.0596,USD,26.0596,USD,26.0596,USD,26.0596,USD,12
MLCC,Global X MLCC & Electronic Components ETF,52.3,USD,52.48,USD,51.76,USD,51.825,USD,4003
UFOD,Tuttle Capital UFO Disclosure ETF,23.79,USD,23.86,USD,23.6961,USD,23.6961,USD,2002
EMOT,First Trust S&P 500 Economic Moat ETF,25.82,USD,25.82,USD,25.63,USD,25.63,USD,5067
PEVC,Pacer PE/VC ETF,31.73,USD,31.73,USD,31.73,USD,31.73,USD,217
VOOY,XFUNDS Large Cap Income ETF,25.3313,USD,25.4488,USD,25.255,USD,25.255,USD,4129
GMEY,YieldMax GME Option Income Strategy ETF,25.63,USD,25.79,USD,25.63,USD,25.6875,USD,2582
CHDG,Calamos Active Hedged Equity ETF,25.108,USD,25.108,USD,25.108,USD,25.108,USD,13
TORK,KraneShares Actuator ETF,25.09,USD,25.09,USD,24.9473,USD,24.9473,USD,809
TSRS,Truth Social American Red State REITs ETF,24.78,USD,24.78,USD,24.7453,USD,24.7453,USD,526
OND,ProShares On-Demand ETF,33.03,USD,33.03,USD,32.7786,USD,32.7786,USD,412
HALX,Tuttle Capital Heavy Assets Low Obsolescence ETF,24.5,USD,24.51,USD,24.3707,USD,24.3707,USD,7625
LGHT,Langar Global HealthTech ETF,10.46,USD,10.4614,USD,10.41,USD,10.4614,USD,1865
PMTL,First Trust Indxx Quality Precious Metals Miners ETF,23.6384,USD,23.6384,USD,23.6384,USD,23.6384,USD,110
LFAW,LifeX 2060 Longevity Income ETF,160.664,USD,160.664,USD,160.664,USD,160.664,USD,12
BCKT,LifeX 2030 Income Bucket ETF,39.1415,USD,39.1415,USD,39.1415,USD,39.1415,USD,15
MTAW,Meta AI Lab Ecosystem ETF,25.8431,USD,25.8431,USD,25.8431,USD,25.8431,USD,52
CROB,Defiance China Robotics ETF,21.255,USD,21.255,USD,21.2,USD,21.23,USD,1075
LQAI,LG QRAFT AI-Powered U.S. Large Cap Core ETF,46.32,USD,46.32,USD,46.1615,USD,46.1615,USD,208
PCR,Simplify VettaFi Private Credit Strategy ETF,18.2,USD,18.2,USD,18.1729,USD,18.1729,USD,282
SFYI,SoFi Social 50 Income ETF,25.049,USD,25.049,USD,24.9538,USD,24.9538,USD,603
EGLE,Global X S&P 500 U.S. Revenue Leaders ETF,31.8616,USD,31.8616,USD,31.8616,USD,31.8616,USD,14
SJLD,SanJac Alpha Low Duration ETF,24.78,USD,24.78,USD,24.78,USD,24.78,USD,12
DEPW,Google DeepMind AI Lab Ecosystem ETF,24.77,USD,24.77,USD,24.6458,USD,24.6458,USD,915
FRUT,Yorkville America MANGOS Plus Index ETF,27.96,USD,27.96,USD,27.8501,USD,27.8501,USD,353
SUPL,ProShares Supply Chain Logistics ETF,44.225,USD,44.225,USD,43.9721,USD,43.9721,USD,231
PSAI,Pacer S&P 500 3AI Top 100 ETF,27.3,USD,27.32,USD,27.0929,USD,27.0929,USD,854
KCHP,KICK Korea Semiconductor Index ETF,26.99,USD,27.04,USD,26.83,USD,26.99,USD,4866
QMID,WisdomTree U.S. MidCap Quality Growth Fund,28.64,USD,28.685,USD,28.5566,USD,28.5566,USD,1200
CLOD,Themes Cloud Computing ETF,35.253,USD,35.253,USD,35.253,USD,35.253,USD,36
ZSB,USCF Sustainable Battery Metals Strategy Fund,20.7586,USD,20.7586,USD,20.7586,USD,20.7586,USD,13
BPH,BP plc,69.48,USD,70.29,USD,69.39,USD,70.1002,USD,1959
XSPC,VegaShares SpaceX & Beyond Earth ETF,20.91,USD,20.91,USD,20.7452,USD,20.7452,USD,941
HWIV,Hotchkis & Wiley International Value Fund,25.695,USD,25.695,USD,25.695,USD,25.695,USD,12
LIFT,LifeX 2028 Income Bucket ETF,21.7645,USD,21.7645,USD,21.7645,USD,21.7645,USD,51
AIMG,Defiance AI Magnificent 10 ETF,20.2,USD,20.2,USD,20.16,USD,20.1658,USD,3216
SHPP,Pacer Industrials and Logistics ETF,33.16,USD,33.1601,USD,33.0875,USD,33.0875,USD,283
DICE,Tema Trading & Prediction Markets ETF,24.8,USD,24.8,USD,24.6524,USD,24.6524,USD,6185
KEO,Kurv Equity Option Income ETF,25.09,USD,25.105,USD,24.8725,USD,24.8725,USD,603
TIPE,Northern Trust 2031 Inflation-Linked Distributing Ladder ETF,98.289,USD,98.289,USD,98.289,USD,98.289,USD,9
AEMC,Harbor AlphaEdge Mid Cap Core ETF,19.5354,USD,19.5354,USD,19.5354,USD,19.5354,USD,72
STHH,STMicroelectronics NV,10.8399,USD,10.925,USD,10.83,USD,10.8948,USD,2384
AESG,Harbor AlphaEdge Small Cap Growth ETF,19.488,USD,19.488,USD,19.488,USD,19.488,USD,60
AESB,Harbor AlphaEdge Small Cap Core ETF,19.4156,USD,19.4156,USD,19.4156,USD,19.4156,USD,58
AEMG,Harbor AlphaEdge Mid Cap Growth ETF,19.5189,USD,19.5189,USD,19.5189,USD,19.5189,USD,62
AESL,Harbor AlphaEdge Small Cap Value ETF,19.3208,USD,19.3208,USD,19.3208,USD,19.3208,USD,56
TIPF,Northern Trust 2036 Inflation-Linked Distributing Ladder ETF,97.0153,USD,97.0153,USD,97.0153,USD,97.0153,USD,7
TROT,Invesco MSCI Treasury Duration Rotation ETF,24.1797,USD,24.1797,USD,24.1797,USD,24.1797,USD,12
AEMV,Harbor AlphaEdge Mid Cap Value ETF,19.24,USD,19.24,USD,19.1297,USD,19.1297,USD,259
TINT,ProShares Smart Materials ETF,38.18,USD,38.19,USD,38.18,USD,38.19,USD,925
CTWO,Common,18.85,USD,18.85,USD,18.85,USD,18.85,USD,14
TIPG,Northern Trust 2046 Inflation-Linked Distributing Ladder ETF,95.2773,USD,95.2773,USD,95.2773,USD,95.2773,USD,7
LFBE,LifeX 2065 Longevity Income ETF,168.4484,USD,168.4484,USD,168.4484,USD,168.4484,USD,12
AICH,China AI ETF,25.14,USD,25.14,USD,25.01,USD,25.04,USD,3206
CRIB,Russell Investments Global Real Estate ETF,23.65,USD,23.65,USD,23.5129,USD,23.5129,USD,498
TIPH,Northern Trust 2056 Inflation-Linked Distributing Ladder ETF,94.4426,USD,94.4426,USD,94.4426,USD,94.4426,USD,11
EAFG,Pacer Developed Markets Cash Cows Growth Leaders ETF,25.11,USD,25.13,USD,24.8879,USD,24.8879,USD,414
ABXB,Abacus Flexible Bond Leaders ETF,18.598,USD,18.598,USD,18.598,USD,18.598,USD,71
MVAL,VanEck Morningstar Wide Moat Value ETF,36.6142,USD,36.6142,USD,36.6142,USD,36.6142,USD,22
QFRD,Pacer S&P 500 Quality FCF R&D Leaders,31,USD,31,USD,30.884,USD,30.884,USD,5597
FSPC,First Trust Bloomberg Space Economy ETF,18.2698,USD,18.2698,USD,18.2698,USD,18.2698,USD,16
TIPD,Northern Trust 2055 Inflation-Linked Distributing Ladder ETF,90.2904,USD,90.2904,USD,90.2904,USD,90.2904,USD,35
LIAU,LifeX 2060 Inflation-Protected Longevity Income ETF,239.07,USD,239.7289,USD,239.07,USD,239.7289,USD,308
PCLC,Polen 5Perspectives Large Growth ETF,25.5305,USD,25.5305,USD,25.5305,USD,25.5305,USD,101
NICO,Hexis Active Nicotine Engagement ETF,24.8283,USD,24.8283,USD,24.8283,USD,24.8283,USD,13
KSMH,xETFs Korea AI Semiconductor,29.09,USD,29.245,USD,28.8782,USD,28.8782,USD,11983
NRAM,Yorkville America Next Generation Memory Index ETF,24.6893,USD,24.82,USD,24.6494,USD,24.7152,USD,2504
XQBT,Amplify Top 10 Quantum ETF,24.3233,USD,24.3233,USD,24.3233,USD,24.3233,USD,283
BAY,Corgi Bay Area Based ETF,30.49,USD,30.58,USD,30.4388,USD,30.4388,USD,372
TSIC,Truth Social American Icons ETF,23.4791,USD,23.4791,USD,23.4791,USD,23.4791,USD,137
FLAG,Global X S&P 500 U.S. Market Leaders Top 50 ETF,27.2976,USD,27.2976,USD,27.2976,USD,27.2976,USD,17
SCOW,Pacer S&P SmallCap 600 Quality FCF Aristocrats ETF,21.8416,USD,21.8416,USD,21.8416,USD,21.8416,USD,25
PHOX,Aura AI Photonics ETF,23.31,USD,23.4666,USD,23.18,USD,23.4666,USD,834
COOL,"VegaShares AI Thermal, Cooling & Power Management ETF",21.81,USD,21.81,USD,21.51,USD,21.5239,USD,732
CGRO,CoreValues Alpha Greater China Growth ETF,16.34,USD,16.341,USD,16.06,USD,16.33,USD,2794
TPAY,Roundhill S&P 500 Target 10 Managed Distribution ETF,53.4775,USD,53.4775,USD,53.4775,USD,53.4775,USD,80
CBOT,Corgi Robots & Humanoids ETF,23.81,USD,23.91,USD,23.7491,USD,23.7491,USD,657
YYYM,Amplify Municipal CEF High Income ETF,17.2233,USD,17.2233,USD,17.2233,USD,17.2233,USD,1012
XAIW,SpaceXAI Lab Ecosystem ETF,25.1,USD,25.14,USD,25.055,USD,25.14,USD,2806
CGPT,VegaShares AI Inference ETF,19.535,USD,19.535,USD,19.4722,USD,19.4722,USD,324
CLIM,Climate Global - Climate Resilient REIT Index ETF,24.3488,USD,24.3488,USD,24.3488,USD,24.3488,USD,35
DIPR,Corgi Space & Satellite Communications ETF,22.3952,USD,22.3952,USD,22.3952,USD,22.3952,USD,258
GLCR,GlacierShares Nasdaq Iceland ETF,23.77,USD,23.77,USD,23.77,USD,23.77,USD,37
FCFY,First Trust S&P 500 Diversified Free Cash Flow ETF,28.98,USD,28.98,USD,28.8681,USD,28.8681,USD,1336
GXPE,Global X PureCap MSCI Energy ETF,36.425,USD,36.425,USD,36.2443,USD,36.2443,USD,540
GLAM,"Corgi Beauty, Skincare & Aesthetics ETF",27.95,USD,27.95,USD,27.766,USD,27.766,USD,139
NYYY,xETFs NVDA Daily Income ETF,45.3451,USD,45.3451,USD,45.3451,USD,45.3451,USD,361
ASD,Defiance Autism Impact ETF,26.8,USD,26.905,USD,26.8,USD,26.905,USD,347
WSPC,WisdomTree Space Economy Fund,26.18,USD,26.5211,USD,26.18,USD,26.5211,USD,129
TNUK,Tortoise Nuclear Renaissance ETF,21.9636,USD,21.9636,USD,21.9636,USD,21.9636,USD,123
TGRZ,China AI Tigers LLM ETF,13.62,USD,13.7368,USD,13.51,USD,13.6145,USD,42700
IDVY,First Trust International Rising Dividend Achievers ETF,26.04,USD,26.04,USD,25.9788,USD,25.9788,USD,1065
EYES,Corgi Data & Surveillance ETF,28.9761,USD,28.9761,USD,28.9761,USD,28.9761,USD,103
JQTY,Jensen U.S. Quality Index ETF,25.33,USD,25.55,USD,25.2196,USD,25.2196,USD,62537
MUY,YieldMax MU Option Income Strategy ETF,25.51,USD,25.53,USD,25.12,USD,25.2402,USD,56652
VEGX,International Vegan Climate ETF,24.66,USD,24.66,USD,24.505,USD,24.505,USD,2541
ISRL,Defiance KSM Israel 120 ETF,24.11,USD,24.14,USD,23.9808,USD,23.9808,USD,7217
VPFF,Virtus InfraCap Preferred and Income Securities ETF,24.2284,USD,24.2284,USD,24.2284,USD,24.2284,USD,14
DRVR,Amplify S&P 500 Dividend Drivers ETF,23.985,USD,23.985,USD,23.8398,USD,23.8398,USD,424
ROBX,Amplify Top 10 Robotics ETF,23.3671,USD,23.3671,USD,23.3671,USD,23.3671,USD,77
PIEL,Pacer International Export Leaders ETF,28.4448,USD,28.4448,USD,28.4448,USD,28.4448,USD,9
GLBL,Pacer MSCI World Industry Advantage ETF,28.705,USD,28.705,USD,28.705,USD,28.705,USD,10
MEMY,Tuttle Capital Meme Stock Income Blast ETF,16.25,USD,16.2784,USD,16.1453,USD,16.1453,USD,5384
OLOXF,Deutsche Bank AG (London Branch),12.5,USD,12.5,USD,12.5,USD,12.5,USD,200
WDAI,Pacer S&P World 3AI Top 300 ETF,28.0929,USD,28.0929,USD,28.0929,USD,28.0929,USD,10
KDRN,Kingsbarn Tactical Bond ETF,22.3412,USD,22.3412,USD,22.3412,USD,22.3412,USD,10
XWNG,Amplify Top 10 Space ETF,22.4627,USD,22.4627,USD,22.4627,USD,22.4627,USD,60
IRVH,Global X Interest Rate Volatility & Inflation Hedge ETF,18.4243,USD,18.4243,USD,18.4243,USD,18.4243,USD,11
MCOW,Pacer S&P MidCap 400 Quality FCF Aristocrats ETF,21.78,USD,21.78,USD,21.78,USD,21.78,USD,266
PTNT,Corgi IP Licensing & Royalties ETF,24.2004,USD,24.2004,USD,24.2004,USD,24.2004,USD,13
EXEQ,Wedbush ReturnOnLeadership U.S. Large-Cap ETF,26.7531,USD,26.7531,USD,26.7531,USD,26.7531,USD,19
DCAP,T-Strive Digital Credit Preferred Income ETF,25.15,USD,25.1899,USD,25.125,USD,25.125,USD,15440
INDQ,Pacer ActiveAlpha India Quality ETF,24.91,USD,24.92,USD,24.88,USD,24.88,USD,1204
REAI,Intelligent Real Estate ETF,19.7832,USD,19.7832,USD,19.7832,USD,19.7832,USD,15
PBWN,Portfolio Building Block World Ex US Industrials ETF,24.5515,USD,24.5515,USD,24.5515,USD,24.5515,USD,19
PBUB,Portfolio Building Block US Banks ETF,24.4908,USD,24.4908,USD,24.4908,USD,24.4908,USD,7
PBCS,Portfolio Building Block World Consumer Staples ETF,24.3467,USD,24.3467,USD,24.3467,USD,24.3467,USD,23
TMH,Toyota Motor Corporation,48.39,USD,48.39,USD,48.1862,USD,48.1862,USD,159
ZCBA,Global X Zero Coupon Bond 2030 ETF,47.74,USD,47.74,USD,47.74,USD,47.74,USD,348
ZCBB,Global X Zero Coupon Bond 2031 ETF,47.2422,USD,47.2422,USD,47.2422,USD,47.2422,USD,8
YUNG,Corgi Longevity Consumer ETF,26.6222,USD,26.6222,USD,26.6222,USD,26.6222,USD,9
ZCBC,Global X Zero Coupon Bond 2032 ETF,46.9099,USD,46.9099,USD,46.9099,USD,46.9099,USD,18
ZCBE,Global X Zero Coupon Bond 2033 ETF,46.5674,USD,46.5674,USD,46.5674,USD,46.5674,USD,60
ZCBF,Global X Zero Coupon Bond 2034 ETF,46.2087,USD,46.2087,USD,46.2087,USD,46.2087,USD,73
ZCBG,Global X Zero Coupon Bond 2035 ETF,46.04,USD,46.04,USD,46.04,USD,46.04,USD,366
WR,Corgi U.S. War Machine ETF,26.0952,USD,26.0952,USD,26.0952,USD,26.0952,USD,125
BOBP,CORE16 Best of Breed Premier Index ETF,30.1503,USD,30.23,USD,30,USD,30,USD,1818
LATR,Corgi Buy Now Pay Later ETF,25.7,USD,25.7,USD,25.5,USD,25.5,USD,515
AT,Defiance Robotics Actuators ETF,20.17,USD,20.2201,USD,20.1201,USD,20.1473,USD,6458
NYNY,Corgi NYC Based ETF,26.2733,USD,26.2733,USD,26.2733,USD,26.2733,USD,145
SAPH,SAP SE,38.95,USD,39.21,USD,38.95,USD,39.0515,USD,602
LFDR,LifeX Durable Income ETF,168.613,USD,168.613,USD,168.613,USD,168.613,USD,10
CHIP,REX AI Chipmaking ETF,26.36,USD,26.36,USD,26.06,USD,26.1272,USD,7303
AV,Corgi Aerospace & Commercial Aviation ETF,25.32,USD,25.3201,USD,25.2291,USD,25.2291,USD,1131
BREW,Corgi Coffee & Energy Drinks ETF,25.51,USD,25.51,USD,25.237,USD,25.237,USD,255
DOCK,"Corgi Ports, Rail & Freight ETF",24.9016,USD,24.9016,USD,24.9016,USD,24.9016,USD,12
HYGM,Amplify HYG High Yield 10% Target Income ETF,23.6618,USD,23.6618,USD,23.6618,USD,23.6618,USD,130
GSKH,GSK plc,68.99,USD,69.03,USD,68.5811,USD,68.5811,USD,212
HFSP,TradersAI Large Cap Equity & Cash ETF,13.49,USD,13.49,USD,13.49,USD,13.49,USD,10
HULL,Corgi Shipping & Global Logistics ETF,26.9797,USD,26.9797,USD,26.9797,USD,26.9797,USD,18
GAIQ,Guinness Atkinson Global Innovators Fund: ETF Class Shares,65.0978,USD,65.0978,USD,65.0978,USD,65.0978,USD,13
WNDR,Corgi Travel & Leisure ETF,25.5198,USD,25.5198,USD,25.5198,USD,25.5198,USD,16
MWHS,Skylar Electricity Futures ETF,19.955,USD,19.955,USD,19.955,USD,19.955,USD,10
TRUF,VanEck Financials TruSector ETF,28.04,USD,28.06,USD,27.97,USD,27.986,USD,487
TRUH,VanEck Healthcare TruSector ETF,29.79,USD,29.79,USD,29.5577,USD,29.5577,USD,1360
UPGR,Xtrackers US Green Infrastructure Select Equity ETF,21.5901,USD,21.625,USD,21.51,USD,21.5393,USD,1229
QFHD,Pacer S&P 500 Quality FCF High Dividend ETF,26.3718,USD,26.3718,USD,26.3718,USD,26.3718,USD,8
TRUO,VanEck Consumer Staples TruSector ETF,24.7,USD,24.7,USD,24.6818,USD,24.6818,USD,282
AINF,Defiance Inference AI Chip ETF,20.28,USD,20.3002,USD,20.27,USD,20.3002,USD,2901
AIX,Defiance US 100 Tech AI Moat ETF,24.88,USD,25.11,USD,24.88,USD,24.9886,USD,617
WATS,Corgi Battery Energy Storage Systems ETF,20.1,USD,20.1,USD,19.9068,USD,19.9068,USD,897
ICMO,Symmetry Panoramic International Country Momentum ETF,24.83,USD,24.83,USD,24.5783,USD,24.5783,USD,41725
CRAM,Defiance China Memory ETF,23.715,USD,23.715,USD,23.715,USD,23.715,USD,292
HWMV,Hotchkis & Wiley Mid-Cap Value Fund,24.37,USD,24.37,USD,24.2777,USD,24.2777,USD,113
LCTO,Kurv U.S. Large Cap TaxOptimized ETF,24.5333,USD,24.5333,USD,24.5333,USD,24.5333,USD,58
LPSV,Lone Peak SMID Value ETF,23.87,USD,23.87,USD,23.749,USD,23.749,USD,1767
BLCK,Corgi Crypto Infrastructure ETF,23.61,USD,23.61,USD,23.3228,USD,23.3228,USD,198
ABLS,Abacus FCF Small Cap Leaders ETF,20.5,USD,20.5,USD,20.4816,USD,20.4816,USD,135
GARA,Guinness Atkinson Real Assets Income ETF,25.5656,USD,25.5656,USD,25.5656,USD,25.5656,USD,11
KYC,Corgi Digital Banking & Fintech Infrastructure ETF,24.5969,USD,24.5969,USD,24.5969,USD,24.5969,USD,175
TYYY,xETFs TSLA Daily Income ETF,36.7663,USD,36.7663,USD,36.7663,USD,36.7663,USD,93
STYL,Corgi Lifestyle Brands ETF,23.9543,USD,23.9543,USD,23.9543,USD,23.9543,USD,104
USMD,CoreValues America First Technology ETF,32.603,USD,32.603,USD,32.603,USD,32.603,USD,9
TRUN,VanEck Energy TruSector ETF,29.17,USD,29.2707,USD,29.17,USD,29.2707,USD,212
AIFR,Defiance Global Foundries ETF,25.81,USD,25.8618,USD,25.81,USD,25.8618,USD,391
NECK,xETFs AI Bottlenecks ETF,25.02,USD,25.02,USD,24.735,USD,24.79,USD,8162
TRUM,VanEck Materials TruSector ETF,24.3168,USD,24.3168,USD,24.3168,USD,24.3168,USD,21
TRUI,VanEck Industrials TruSector ETF,24.005,USD,24.005,USD,24.005,USD,24.005,USD,16
XIGV,Defiance US 100 Tech Ex Software ETF,24.2573,USD,24.2573,USD,24.2573,USD,24.2573,USD,15
TRUR,VanEck Real Estate TruSector ETF,23.4608,USD,23.4608,USD,23.4608,USD,23.4608,USD,6
TRUU,VanEck Utilities TruSector ETF,21.835,USD,21.88,USD,21.7649,USD,21.7649,USD,221
BGIA,Baillie Gifford International Alpha ETF,25.051,USD,25.051,USD,24.9683,USD,24.9683,USD,1240
BGCG,Baillie Gifford International Concentrated Growth ETF,27.06,USD,27.12,USD,26.83,USD,26.8773,USD,223801
BGUS,Baillie Gifford U.S. Equity Growth ETF,26.795,USD,26.795,USD,26.795,USD,26.795,USD,11
AVNC,Avantis All International Core Equity ETF,50.1,USD,50.26,USD,49.7547,USD,49.7547,USD,1188
ENHE,iShares Enhanced Emerging Markets Active ETF,24.2,USD,24.2,USD,24.1425,USD,24.1425,USD,258
BGGG,Baillie Gifford Long Term Global Growth ETF,34.95,USD,34.96,USD,34.7048,USD,34.7048,USD,3317
RSMV,Relative Strength Managed Volatility Strategy ETF,28.77,USD,28.81,USD,28.6342,USD,28.6342,USD,1888
ODDZ,Corgi Sports Betting & Gambling ETF,21.55,USD,21.58,USD,20.9647,USD,20.9647,USD,2754
BGEG,Baillie Gifford Emerging Markets ETF,23.16,USD,23.19,USD,23.15,USD,23.1725,USD,5390
ICLUF,Invesco Markets II plc,21.705,USD,21.705,USD,21.705,USD,21.705,USD,45200
PFRX,Putnam Focused U.S. Research ETF,33.07,USD,33.2425,USD,33.0041,USD,33.0066,USD,38849
NFRX,Harrison Street Infrastructure Active ETF,24.4518,USD,24.4518,USD,24.4518,USD,24.4518,USD,40
FLQAF,FRANKLIN FTSE ASIA EX CHINA EX JAPAN UCITS ETF,44.4685,USD,44.4685,USD,44.4685,USD,44.4685,USD,630